"File","Lang","Word","GroupId","MeaningsCount"
"dreams_batch_1.json","Русский","абажур","legacy","1"
"dreams_batch_1.json","English","legacy-en","legacy","1"
"dreams_batch_1.json","O'zbek","legacy-uz","legacy","1"
"dreams_batch_1.json","Русский","абат","legacy","1"
"dreams_batch_1.json","English","legacy-en","legacy","1"
"dreams_batch_1.json","O'zbek","legacy-uz","legacy","1"
"dreams_batch_1.json","Русский","абонемент","legacy","1"
"dreams_batch_1.json","English","legacy-en","legacy","1"
"dreams_batch_1.json","O'zbek","legacy-uz","legacy","1"
"dreams_batch_1.json","Русский","абонент","legacy","1"
"dreams_batch_1.json","English","legacy-en","legacy","1"
"dreams_batch_1.json","O'zbek","legacy-uz","legacy","1"
"dreams_batch_1.json","Русский","абордаж","legacy","1"
"dreams_batch_1.json","English","legacy-en","legacy","1"
"dreams_batch_1.json","O'zbek","legacy-uz","legacy","1"
"dreams_batch_1.json","Русский","абориген","legacy","1"
"dreams_batch_1.json","English","legacy-en","legacy","1"
"dreams_batch_1.json","O'zbek","legacy-uz","legacy","1"
"dreams_batch_1.json","Русский","аборт","legacy","1"
"dreams_batch_1.json","English","legacy-en","legacy","1"
"dreams_batch_1.json","O'zbek","legacy-uz","legacy","1"
"dreams_batch_1.json","Русский","абракадабра","legacy","1"
"dreams_batch_1.json","English","legacy-en","legacy","1"
"dreams_batch_1.json","O'zbek","legacy-uz","legacy","1"
"dreams_batch_1.json","Русский","абрикос","legacy","1"
"dreams_batch_1.json","English","legacy-en","legacy","1"
"dreams_batch_1.json","O'zbek","legacy-uz","legacy","1"
"dreams_batch_1.json","Русский","абсент","legacy","1"
"dreams_batch_1.json","English","legacy-en","legacy","1"
"dreams_batch_1.json","O'zbek","legacy-uz","legacy","1"
"dreams_batch_1.json","Русский","абстракция","legacy","1"
"dreams_batch_1.json","English","legacy-en","legacy","1"
"dreams_batch_1.json","O'zbek","legacy-uz","legacy","1"
"dreams_batch_1.json","Русский","абсурд","legacy","1"
"dreams_batch_1.json","English","legacy-en","legacy","1"
"dreams_batch_1.json","O'zbek","legacy-uz","legacy","1"
"dreams_batch_1.json","Русский","авангард","legacy","1"
"dreams_batch_1.json","English","legacy-en","legacy","1"
"dreams_batch_1.json","O'zbek","legacy-uz","legacy","1"
"dreams_batch_1.json","Русский","аванс","legacy","1"
"dreams_batch_1.json","English","legacy-en","legacy","1"
"dreams_batch_1.json","O'zbek","legacy-uz","legacy","1"
"dreams_batch_1.json","Русский","авантюра","legacy","1"
"dreams_batch_1.json","English","legacy-en","legacy","1"
"dreams_batch_1.json","O'zbek","legacy-uz","legacy","1"
"dreams_batch_1.json","Русский","авантюрин","legacy","1"
"dreams_batch_1.json","English","legacy-en","legacy","1"
"dreams_batch_1.json","O'zbek","legacy-uz","legacy","1"
"dreams_batch_1.json","Русский","авария","legacy","1"
"dreams_batch_1.json","English","legacy-en","legacy","1"
"dreams_batch_1.json","O'zbek","legacy-uz","legacy","1"
"dreams_batch_1.json","Русский","август","legacy","1"
"dreams_batch_1.json","English","legacy-en","legacy","1"
"dreams_batch_1.json","O'zbek","legacy-uz","legacy","1"
"dreams_batch_1.json","Русский","авеню","legacy","1"
"dreams_batch_1.json","English","legacy-en","legacy","1"
"dreams_batch_1.json","O'zbek","legacy-uz","legacy","1"
"dreams_batch_1.json","Русский","авиатор","legacy","1"
"dreams_batch_1.json","English","legacy-en","legacy","1"
"dreams_batch_1.json","O'zbek","legacy-uz","legacy","1"
"dreams_batch_1.json","Русский","автобан","legacy","1"
"dreams_batch_1.json","English","legacy-en","legacy","1"
"dreams_batch_1.json","O'zbek","legacy-uz","legacy","1"
"dreams_batch_1.json","Русский","автобиография","legacy","1"
"dreams_batch_1.json","English","legacy-en","legacy","1"
"dreams_batch_1.json","O'zbek","legacy-uz","legacy","1"
"dreams_batch_1.json","Русский","автобус","legacy","1"
"dreams_batch_1.json","English","legacy-en","legacy","1"
"dreams_batch_1.json","O'zbek","legacy-uz","legacy","1"
"dreams_batch_1.json","Русский","автограф","legacy","1"
"dreams_batch_1.json","English","legacy-en","legacy","1"
"dreams_batch_1.json","O'zbek","legacy-uz","legacy","1"
"dreams_batch_1.json","Русский","автомат","legacy","1"
"dreams_batch_1.json","English","legacy-en","legacy","1"
"dreams_batch_1.json","O'zbek","legacy-uz","legacy","1"
"dreams_batch_1.json","Русский","автомобиль","legacy","1"
"dreams_batch_1.json","English","legacy-en","legacy","1"
"dreams_batch_1.json","O'zbek","legacy-uz","legacy","1"
"dreams_batch_1.json","Русский","автономия","legacy","1"
"dreams_batch_1.json","English","legacy-en","legacy","1"
"dreams_batch_1.json","O'zbek","legacy-uz","legacy","1"
"dreams_batch_1.json","Русский","автор","legacy","1"
"dreams_batch_1.json","English","legacy-en","legacy","1"
"dreams_batch_1.json","O'zbek","legacy-uz","legacy","1"
"dreams_batch_1.json","Русский","авторитет","legacy","1"
"dreams_batch_1.json","English","legacy-en","legacy","1"
"dreams_batch_1.json","O'zbek","legacy-uz","legacy","1"
"dreams_batch_1.json","Русский","агат","legacy","1"
"dreams_batch_1.json","English","legacy-en","legacy","1"
"dreams_batch_1.json","O'zbek","legacy-uz","legacy","1"
"dreams_batch_1.json","Русский","агент","legacy","1"
"dreams_batch_1.json","English","legacy-en","legacy","1"
"dreams_batch_1.json","O'zbek","legacy-uz","legacy","1"
"dreams_batch_1.json","Русский","агнец","legacy","1"
"dreams_batch_1.json","English","legacy-en","legacy","1"
"dreams_batch_1.json","O'zbek","legacy-uz","legacy","1"
"dreams_batch_1.json","Русский","агония","legacy","1"
"dreams_batch_1.json","English","legacy-en","legacy","1"
"dreams_batch_1.json","O'zbek","legacy-uz","legacy","1"
"dreams_batch_1.json","Русский","агрессия","legacy","1"
"dreams_batch_1.json","English","legacy-en","legacy","1"
"dreams_batch_1.json","O'zbek","legacy-uz","legacy","1"
"dreams_batch_1.json","Русский","агроном","legacy","1"
"dreams_batch_1.json","English","legacy-en","legacy","1"
"dreams_batch_1.json","O'zbek","legacy-uz","legacy","1"
"dreams_batch_1.json","Русский","ад","legacy","1"
"dreams_batch_1.json","English","legacy-en","legacy","1"
"dreams_batch_1.json","O'zbek","legacy-uz","legacy","1"
"dreams_batch_1.json","Русский","адажио","legacy","1"
"dreams_batch_1.json","English","legacy-en","legacy","1"
"dreams_batch_1.json","O'zbek","legacy-uz","legacy","1"
"dreams_batch_1.json","Русский","адаптация","legacy","1"
"dreams_batch_1.json","English","legacy-en","legacy","1"
"dreams_batch_1.json","O'zbek","legacy-uz","legacy","1"
"dreams_batch_1.json","Русский","адвокат","legacy","1"
"dreams_batch_1.json","English","legacy-en","legacy","1"
"dreams_batch_1.json","O'zbek","legacy-uz","legacy","1"
"dreams_batch_1.json","Русский","адмирал","legacy","1"
"dreams_batch_1.json","English","legacy-en","legacy","1"
"dreams_batch_1.json","O'zbek","legacy-uz","legacy","1"
"dreams_batch_1.json","Русский","азарт","legacy","1"
"dreams_batch_1.json","English","legacy-en","legacy","1"
"dreams_batch_1.json","O'zbek","legacy-uz","legacy","1"
"dreams_batch_1.json","Русский","азимут","legacy","1"
"dreams_batch_1.json","English","legacy-en","legacy","1"
"dreams_batch_1.json","O'zbek","legacy-uz","legacy","1"
"dreams_batch_1.json","Русский","аист","legacy","1"
"dreams_batch_1.json","English","legacy-en","legacy","1"
"dreams_batch_1.json","O'zbek","legacy-uz","legacy","1"
"dreams_batch_1.json","Русский","айва","legacy","1"
"dreams_batch_1.json","English","legacy-en","legacy","1"
"dreams_batch_1.json","O'zbek","legacy-uz","legacy","1"
"dreams_batch_1.json","Русский","акация","legacy","1"
"dreams_batch_1.json","English","legacy-en","legacy","1"
"dreams_batch_1.json","O'zbek","legacy-uz","legacy","1"
"dreams_batch_1.json","Русский","акваланг","legacy","1"
"dreams_batch_1.json","English","legacy-en","legacy","1"
"dreams_batch_1.json","O'zbek","legacy-uz","legacy","1"
"dreams_batch_1.json","Русский","аквариум","legacy","1"
"dreams_batch_1.json","English","legacy-en","legacy","1"
"dreams_batch_1.json","O'zbek","legacy-uz","legacy","1"
"dreams_batch_1.json","Русский","аккомпанемент","legacy","1"
"dreams_batch_1.json","English","legacy-en","legacy","1"
"dreams_batch_1.json","O'zbek","legacy-uz","legacy","1"
"dreams_batch_1.json","Русский","аккорд","legacy","1"
"dreams_batch_1.json","English","legacy-en","legacy","1"
"dreams_batch_1.json","O'zbek","legacy-uz","legacy","1"
"dreams_batch_1.json","Русский","акробат","legacy","1"
"dreams_batch_1.json","English","legacy-en","legacy","1"
"dreams_batch_1.json","O'zbek","legacy-uz","legacy","1"
"dreams_batch_1.json","Русский","аксессуар","legacy","1"
"dreams_batch_1.json","English","legacy-en","legacy","1"
"dreams_batch_1.json","O'zbek","legacy-uz","legacy","1"
"dreams_batch_1.json","Русский","акт","legacy","1"
"dreams_batch_1.json","English","legacy-en","legacy","1"
"dreams_batch_1.json","O'zbek","legacy-uz","legacy","1"
"dreams_batch_1.json","Русский","актер","legacy","1"
"dreams_batch_1.json","English","legacy-en","legacy","1"
"dreams_batch_1.json","O'zbek","legacy-uz","legacy","1"
"dreams_batch_1.json","Русский","активация","legacy","1"
"dreams_batch_1.json","English","legacy-en","legacy","1"
"dreams_batch_1.json","O'zbek","legacy-uz","legacy","1"
"dreams_batch_1.json","Русский","активы","legacy","1"
"dreams_batch_1.json","English","legacy-en","legacy","1"
"dreams_batch_1.json","O'zbek","legacy-uz","legacy","1"
"dreams_batch_1.json","Русский","акула","legacy","1"
"dreams_batch_1.json","English","legacy-en","legacy","1"
"dreams_batch_1.json","O'zbek","legacy-uz","legacy","1"
"dreams_batch_1.json","Русский","акушер","legacy","1"
"dreams_batch_1.json","English","legacy-en","legacy","1"
"dreams_batch_1.json","O'zbek","legacy-uz","legacy","1"
"dreams_batch_1.json","Русский","алебастр","legacy","1"
"dreams_batch_1.json","English","legacy-en","legacy","1"
"dreams_batch_1.json","O'zbek","legacy-uz","legacy","1"
"dreams_batch_1.json","Русский","алиби","legacy","1"
"dreams_batch_1.json","English","legacy-en","legacy","1"
"dreams_batch_1.json","O'zbek","legacy-uz","legacy","1"
"dreams_batch_1.json","Русский","алмаз","legacy","1"
"dreams_batch_1.json","English","legacy-en","legacy","1"
"dreams_batch_1.json","O'zbek","legacy-uz","legacy","1"
"dreams_batch_1.json","Русский","алтарь","legacy","1"
"dreams_batch_1.json","English","legacy-en","legacy","1"
"dreams_batch_1.json","O'zbek","legacy-uz","legacy","1"
"dreams_batch_1.json","Русский","алфавит","legacy","1"
"dreams_batch_1.json","English","legacy-en","legacy","1"
"dreams_batch_1.json","O'zbek","legacy-uz","legacy","1"
"dreams_batch_1.json","Русский","алхимия","legacy","1"
"dreams_batch_1.json","English","legacy-en","legacy","1"
"dreams_batch_1.json","O'zbek","legacy-uz","legacy","1"
"dreams_batch_1.json","Русский","альянс","legacy","1"
"dreams_batch_1.json","English","legacy-en","legacy","1"
"dreams_batch_1.json","O'zbek","legacy-uz","legacy","1"
"dreams_batch_1.json","Русский","алюминий","legacy","1"
"dreams_batch_1.json","English","legacy-en","legacy","1"
"dreams_batch_1.json","O'zbek","legacy-uz","legacy","1"
"dreams_batch_1.json","Русский","амбиции","legacy","1"
"dreams_batch_1.json","English","legacy-en","legacy","1"
"dreams_batch_1.json","O'zbek","legacy-uz","legacy","1"
"dreams_batch_1.json","Русский","амвон","legacy","1"
"dreams_batch_1.json","English","legacy-en","legacy","1"
"dreams_batch_1.json","O'zbek","legacy-uz","legacy","1"
"dreams_batch_1.json","Русский","аметист","legacy","1"
"dreams_batch_1.json","English","legacy-en","legacy","1"
"dreams_batch_1.json","O'zbek","legacy-uz","legacy","1"
"dreams_batch_1.json","Русский","аминь","legacy","1"
"dreams_batch_1.json","English","legacy-en","legacy","1"
"dreams_batch_1.json","O'zbek","legacy-uz","legacy","1"
"dreams_batch_1.json","Русский","аммиак","legacy","1"
"dreams_batch_1.json","English","legacy-en","legacy","1"
"dreams_batch_1.json","O'zbek","legacy-uz","legacy","1"
"dreams_batch_1.json","Русский","амнистия","legacy","1"
"dreams_batch_1.json","English","legacy-en","legacy","1"
"dreams_batch_1.json","O'zbek","legacy-uz","legacy","1"
"dreams_batch_1.json","Русский","амулет","legacy","1"
"dreams_batch_1.json","English","legacy-en","legacy","1"
"dreams_batch_1.json","O'zbek","legacy-uz","legacy","1"
"dreams_batch_1.json","Русский","амуниция","legacy","1"
"dreams_batch_1.json","English","legacy-en","legacy","1"
"dreams_batch_1.json","O'zbek","legacy-uz","legacy","1"
"dreams_batch_1.json","Русский","амфибия","legacy","1"
"dreams_batch_1.json","English","legacy-en","legacy","1"
"dreams_batch_1.json","O'zbek","legacy-uz","legacy","1"
"dreams_batch_1.json","Русский","амфитеатр","legacy","1"
"dreams_batch_1.json","English","legacy-en","legacy","1"
"dreams_batch_1.json","O'zbek","legacy-uz","legacy","1"
"dreams_batch_1.json","Русский","анализ","legacy","1"
"dreams_batch_1.json","English","legacy-en","legacy","1"
"dreams_batch_1.json","O'zbek","legacy-uz","legacy","1"
"dreams_batch_1.json","Русский","аналогия","legacy","1"
"dreams_batch_1.json","English","legacy-en","legacy","1"
"dreams_batch_1.json","O'zbek","legacy-uz","legacy","1"
"dreams_batch_1.json","Русский","ананас","legacy","1"
"dreams_batch_1.json","English","legacy-en","legacy","1"
"dreams_batch_1.json","O'zbek","legacy-uz","legacy","1"
"dreams_batch_1.json","Русский","ангар","legacy","1"
"dreams_batch_1.json","English","legacy-en","legacy","1"
"dreams_batch_1.json","O'zbek","legacy-uz","legacy","1"
"dreams_batch_1.json","Русский","ангел","legacy","1"
"dreams_batch_1.json","English","legacy-en","legacy","1"
"dreams_batch_1.json","O'zbek","legacy-uz","legacy","1"
"dreams_batch_1.json","Русский","ангина","legacy","1"
"dreams_batch_1.json","English","legacy-en","legacy","1"
"dreams_batch_1.json","O'zbek","legacy-uz","legacy","1"
"dreams_batch_1.json","Русский","андеграунд","legacy","1"
"dreams_batch_1.json","English","legacy-en","legacy","1"
"dreams_batch_1.json","O'zbek","legacy-uz","legacy","1"
"dreams_batch_1.json","Русский","анекдот","legacy","1"
"dreams_batch_1.json","English","legacy-en","legacy","1"
"dreams_batch_1.json","O'zbek","legacy-uz","legacy","1"
"dreams_batch_1.json","Русский","анкета","legacy","1"
"dreams_batch_1.json","English","legacy-en","legacy","1"
"dreams_batch_1.json","O'zbek","legacy-uz","legacy","1"
"dreams_batch_1.json","Русский","аннотация","legacy","1"
"dreams_batch_1.json","English","legacy-en","legacy","1"
"dreams_batch_1.json","O'zbek","legacy-uz","legacy","1"
"dreams_batch_1.json","Русский","аномалия","legacy","1"
"dreams_batch_1.json","English","legacy-en","legacy","1"
"dreams_batch_1.json","O'zbek","legacy-uz","legacy","1"
"dreams_batch_1.json","Русский","анонс","legacy","1"
"dreams_batch_1.json","English","legacy-en","legacy","1"
"dreams_batch_1.json","O'zbek","legacy-uz","legacy","1"
"dreams_batch_1.json","Русский","антенна","legacy","1"
"dreams_batch_1.json","English","legacy-en","legacy","1"
"dreams_batch_1.json","O'zbek","legacy-uz","legacy","1"
"dreams_batch_1.json","Русский","антивирус","legacy","1"
"dreams_batch_1.json","English","legacy-en","legacy","1"
"dreams_batch_1.json","O'zbek","legacy-uz","legacy","1"
"dreams_batch_1.json","Русский","антиквариат","legacy","1"
"dreams_batch_1.json","English","legacy-en","legacy","1"
"dreams_batch_1.json","O'zbek","legacy-uz","legacy","1"
"dreams_batch_1.json","Русский","антилопа","legacy","1"
"dreams_batch_1.json","English","legacy-en","legacy","1"
"dreams_batch_1.json","O'zbek","legacy-uz","legacy","1"
"dreams_batch_1.json","Русский","антипатия","legacy","1"
"dreams_batch_1.json","English","legacy-en","legacy","1"
"dreams_batch_1.json","O'zbek","legacy-uz","legacy","1"
"dreams_batch_1.json","Русский","антракт","legacy","1"
"dreams_batch_1.json","English","legacy-en","legacy","1"
"dreams_batch_1.json","O'zbek","legacy-uz","legacy","1"
"dreams_batch_1.json","Русский","антураж","legacy","1"
"dreams_batch_1.json","English","legacy-en","legacy","1"
"dreams_batch_1.json","O'zbek","legacy-uz","legacy","1"
"dreams_batch_1.json","Русский","апартаменты","legacy","1"
"dreams_batch_1.json","English","legacy-en","legacy","1"
"dreams_batch_1.json","O'zbek","legacy-uz","legacy","1"
"dreams_batch_1.json","Русский","апелляция","legacy","1"
"dreams_batch_1.json","English","legacy-en","legacy","1"
"dreams_batch_1.json","O'zbek","legacy-uz","legacy","1"
"dreams_batch_1.json","Русский","апельсин","legacy","1"
"dreams_batch_1.json","English","legacy-en","legacy","1"
"dreams_batch_1.json","O'zbek","legacy-uz","legacy","1"
"dreams_batch_1.json","Русский","аперитив","legacy","1"
"dreams_batch_1.json","English","legacy-en","legacy","1"
"dreams_batch_1.json","O'zbek","legacy-uz","legacy","1"
"dreams_batch_1.json","Русский","аплодисменты","legacy","1"
"dreams_batch_1.json","English","legacy-en","legacy","1"
"dreams_batch_1.json","O'zbek","legacy-uz","legacy","1"
"dreams_batch_1.json","Русский","апогей","legacy","1"
"dreams_batch_1.json","English","legacy-en","legacy","1"
"dreams_batch_1.json","O'zbek","legacy-uz","legacy","1"
"dreams_batch_10.json","Русский","жимолость","legacy","1"
"dreams_batch_10.json","English","legacy-en","legacy","1"
"dreams_batch_10.json","O'zbek","legacy-uz","legacy","1"
"dreams_batch_10.json","Русский","жир","legacy","1"
"dreams_batch_10.json","English","legacy-en","legacy","1"
"dreams_batch_10.json","O'zbek","legacy-uz","legacy","1"
"dreams_batch_10.json","Русский","жираф","legacy","1"
"dreams_batch_10.json","English","legacy-en","legacy","1"
"dreams_batch_10.json","O'zbek","legacy-uz","legacy","1"
"dreams_batch_10.json","Русский","житница","legacy","1"
"dreams_batch_10.json","English","legacy-en","legacy","1"
"dreams_batch_10.json","O'zbek","legacy-uz","legacy","1"
"dreams_batch_10.json","Русский","жито","legacy","1"
"dreams_batch_10.json","English","legacy-en","legacy","1"
"dreams_batch_10.json","O'zbek","legacy-uz","legacy","1"
"dreams_batch_10.json","Русский","жмурки","legacy","1"
"dreams_batch_10.json","English","legacy-en","legacy","1"
"dreams_batch_10.json","O'zbek","legacy-uz","legacy","1"
"dreams_batch_10.json","Русский","жмых","legacy","1"
"dreams_batch_10.json","English","legacy-en","legacy","1"
"dreams_batch_10.json","O'zbek","legacy-uz","legacy","1"
"dreams_batch_10.json","Русский","жнея","legacy","1"
"dreams_batch_10.json","English","legacy-en","legacy","1"
"dreams_batch_10.json","O'zbek","legacy-uz","legacy","1"
"dreams_batch_10.json","Русский","жокей","legacy","1"
"dreams_batch_10.json","English","legacy-en","legacy","1"
"dreams_batch_10.json","O'zbek","legacy-uz","legacy","1"
"dreams_batch_10.json","Русский","жонглер","legacy","1"
"dreams_batch_10.json","English","legacy-en","legacy","1"
"dreams_batch_10.json","O'zbek","legacy-uz","legacy","1"
"dreams_batch_10.json","Русский","жор","legacy","1"
"dreams_batch_10.json","English","legacy-en","legacy","1"
"dreams_batch_10.json","O'zbek","legacy-uz","legacy","1"
"dreams_batch_10.json","Русский","жох","legacy","1"
"dreams_batch_10.json","English","legacy-en","legacy","1"
"dreams_batch_10.json","O'zbek","legacy-uz","legacy","1"
"dreams_batch_10.json","Русский","жратва","legacy","1"
"dreams_batch_10.json","English","legacy-en","legacy","1"
"dreams_batch_10.json","O'zbek","legacy-uz","legacy","1"
"dreams_batch_10.json","Русский","жужжание","legacy","1"
"dreams_batch_10.json","English","legacy-en","legacy","1"
"dreams_batch_10.json","O'zbek","legacy-uz","legacy","1"
"dreams_batch_10.json","Русский","жук","legacy","1"
"dreams_batch_10.json","English","legacy-en","legacy","1"
"dreams_batch_10.json","O'zbek","legacy-uz","legacy","1"
"dreams_batch_10.json","Русский","жулик","legacy","1"
"dreams_batch_10.json","English","legacy-en","legacy","1"
"dreams_batch_10.json","O'zbek","legacy-uz","legacy","1"
"dreams_batch_10.json","Русский","журавль","legacy","1"
"dreams_batch_10.json","English","legacy-en","legacy","1"
"dreams_batch_10.json","O'zbek","legacy-uz","legacy","1"
"dreams_batch_10.json","Русский","журнал","legacy","1"
"dreams_batch_10.json","English","legacy-en","legacy","1"
"dreams_batch_10.json","O'zbek","legacy-uz","legacy","1"
"dreams_batch_10.json","Русский","журналист","legacy","1"
"dreams_batch_10.json","English","legacy-en","legacy","1"
"dreams_batch_10.json","O'zbek","legacy-uz","legacy","1"
"dreams_batch_10.json","Русский","журчание","legacy","1"
"dreams_batch_10.json","English","legacy-en","legacy","1"
"dreams_batch_10.json","O'zbek","legacy-uz","legacy","1"
"dreams_batch_10.json","Русский","жуть","legacy","1"
"dreams_batch_10.json","English","legacy-en","legacy","1"
"dreams_batch_10.json","O'zbek","legacy-uz","legacy","1"
"dreams_batch_10.json","Русский","жюри","legacy","1"
"dreams_batch_10.json","English","legacy-en","legacy","1"
"dreams_batch_10.json","O'zbek","legacy-uz","legacy","1"
"dreams_batch_10.json","Русский","забава","legacy","1"
"dreams_batch_10.json","English","legacy-en","legacy","1"
"dreams_batch_10.json","O'zbek","legacy-uz","legacy","1"
"dreams_batch_10.json","Русский","заблуждение","legacy","1"
"dreams_batch_10.json","English","legacy-en","legacy","1"
"dreams_batch_10.json","O'zbek","legacy-uz","legacy","1"
"dreams_batch_10.json","Русский","забор","legacy","1"
"dreams_batch_10.json","English","legacy-en","legacy","1"
"dreams_batch_10.json","O'zbek","legacy-uz","legacy","1"
"dreams_batch_10.json","Русский","забывчивость","legacy","1"
"dreams_batch_10.json","English","legacy-en","legacy","1"
"dreams_batch_10.json","O'zbek","legacy-uz","legacy","1"
"dreams_batch_10.json","Русский","завеса","legacy","1"
"dreams_batch_10.json","English","legacy-en","legacy","1"
"dreams_batch_10.json","O'zbek","legacy-uz","legacy","1"
"dreams_batch_10.json","Русский","завет","legacy","1"
"dreams_batch_10.json","English","legacy-en","legacy","1"
"dreams_batch_10.json","O'zbek","legacy-uz","legacy","1"
"dreams_batch_10.json","Русский","завод","legacy","1"
"dreams_batch_10.json","English","legacy-en","legacy","1"
"dreams_batch_10.json","O'zbek","legacy-uz","legacy","1"
"dreams_batch_10.json","Русский","завтрак","legacy","1"
"dreams_batch_10.json","English","legacy-en","legacy","1"
"dreams_batch_10.json","O'zbek","legacy-uz","legacy","1"
"dreams_batch_10.json","Русский","загадка","legacy","1"
"dreams_batch_10.json","English","legacy-en","legacy","1"
"dreams_batch_10.json","O'zbek","legacy-uz","legacy","1"
"dreams_batch_10.json","Русский","загар","legacy","1"
"dreams_batch_10.json","English","legacy-en","legacy","1"
"dreams_batch_10.json","O'zbek","legacy-uz","legacy","1"
"dreams_batch_10.json","Русский","заговор","legacy","1"
"dreams_batch_10.json","English","legacy-en","legacy","1"
"dreams_batch_10.json","O'zbek","legacy-uz","legacy","1"
"dreams_batch_10.json","Русский","задание","legacy","1"
"dreams_batch_10.json","English","legacy-en","legacy","1"
"dreams_batch_10.json","O'zbek","legacy-uz","legacy","1"
"dreams_batch_10.json","Русский","задаток","legacy","1"
"dreams_batch_10.json","English","legacy-en","legacy","1"
"dreams_batch_10.json","O'zbek","legacy-uz","legacy","1"
"dreams_batch_10.json","Русский","задворки","legacy","1"
"dreams_batch_10.json","English","legacy-en","legacy","1"
"dreams_batch_10.json","O'zbek","legacy-uz","legacy","1"
"dreams_batch_10.json","Русский","задор","legacy","1"
"dreams_batch_10.json","English","legacy-en","legacy","1"
"dreams_batch_10.json","O'zbek","legacy-uz","legacy","1"
"dreams_batch_10.json","Русский","задумчивость","legacy","1"
"dreams_batch_10.json","English","legacy-en","legacy","1"
"dreams_batch_10.json","O'zbek","legacy-uz","legacy","1"
"dreams_batch_10.json","Русский","заем","legacy","1"
"dreams_batch_10.json","English","legacy-en","legacy","1"
"dreams_batch_10.json","O'zbek","legacy-uz","legacy","1"
"dreams_batch_10.json","Русский","заживо","legacy","1"
"dreams_batch_10.json","English","legacy-en","legacy","1"
"dreams_batch_10.json","O'zbek","legacy-uz","legacy","1"
"dreams_batch_10.json","Русский","зажигалка","legacy","1"
"dreams_batch_10.json","English","legacy-en","legacy","1"
"dreams_batch_10.json","O'zbek","legacy-uz","legacy","1"
"dreams_batch_10.json","Русский","зажим","legacy","1"
"dreams_batch_10.json","English","legacy-en","legacy","1"
"dreams_batch_10.json","O'zbek","legacy-uz","legacy","1"
"dreams_batch_10.json","Русский","заземление","legacy","1"
"dreams_batch_10.json","English","legacy-en","legacy","1"
"dreams_batch_10.json","O'zbek","legacy-uz","legacy","1"
"dreams_batch_10.json","Русский","зазор","legacy","1"
"dreams_batch_10.json","English","legacy-en","legacy","1"
"dreams_batch_10.json","O'zbek","legacy-uz","legacy","1"
"dreams_batch_10.json","Русский","зазубрина","legacy","1"
"dreams_batch_10.json","English","legacy-en","legacy","1"
"dreams_batch_10.json","O'zbek","legacy-uz","legacy","1"
"dreams_batch_10.json","Русский","заикание","legacy","1"
"dreams_batch_10.json","English","legacy-en","legacy","1"
"dreams_batch_10.json","O'zbek","legacy-uz","legacy","1"
"dreams_batch_10.json","Русский","заимка","legacy","1"
"dreams_batch_10.json","English","legacy-en","legacy","1"
"dreams_batch_10.json","O'zbek","legacy-uz","legacy","1"
"dreams_batch_10.json","Русский","заимодавец","legacy","1"
"dreams_batch_10.json","English","legacy-en","legacy","1"
"dreams_batch_10.json","O'zbek","legacy-uz","legacy","1"
"dreams_batch_10.json","Русский","заинтересованность","legacy","1"
"dreams_batch_10.json","English","legacy-en","legacy","1"
"dreams_batch_10.json","O'zbek","legacy-uz","legacy","1"
"dreams_batch_10.json","Русский","закавыка","legacy","1"
"dreams_batch_10.json","English","legacy-en","legacy","1"
"dreams_batch_10.json","O'zbek","legacy-uz","legacy","1"
"dreams_batch_10.json","Русский","заказ","legacy","1"
"dreams_batch_10.json","English","legacy-en","legacy","1"
"dreams_batch_10.json","O'zbek","legacy-uz","legacy","1"
"dreams_batch_10.json","Русский","закалка","legacy","1"
"dreams_batch_10.json","English","legacy-en","legacy","1"
"dreams_batch_10.json","O'zbek","legacy-uz","legacy","1"
"dreams_batch_10.json","Русский","закат","legacy","1"
"dreams_batch_10.json","English","legacy-en","legacy","1"
"dreams_batch_10.json","O'zbek","legacy-uz","legacy","1"
"dreams_batch_10.json","Русский","заклад","legacy","1"
"dreams_batch_10.json","English","legacy-en","legacy","1"
"dreams_batch_10.json","O'zbek","legacy-uz","legacy","1"
"dreams_batch_10.json","Русский","закладка","legacy","1"
"dreams_batch_10.json","English","legacy-en","legacy","1"
"dreams_batch_10.json","O'zbek","legacy-uz","legacy","1"
"dreams_batch_10.json","Русский","заклинание","legacy","1"
"dreams_batch_10.json","English","legacy-en","legacy","1"
"dreams_batch_10.json","O'zbek","legacy-uz","legacy","1"
"dreams_batch_10.json","Русский","заключение","legacy","1"
"dreams_batch_10.json","English","legacy-en","legacy","1"
"dreams_batch_10.json","O'zbek","legacy-uz","legacy","1"
"dreams_batch_10.json","Русский","заколка","legacy","1"
"dreams_batch_10.json","English","legacy-en","legacy","1"
"dreams_batch_10.json","O'zbek","legacy-uz","legacy","1"
"dreams_batch_10.json","Русский","закон","legacy","1"
"dreams_batch_10.json","English","legacy-en","legacy","1"
"dreams_batch_10.json","O'zbek","legacy-uz","legacy","1"
"dreams_batch_10.json","Русский","закоулок","legacy","1"
"dreams_batch_10.json","English","legacy-en","legacy","1"
"dreams_batch_10.json","O'zbek","legacy-uz","legacy","1"
"dreams_batch_10.json","Русский","закраина","legacy","1"
"dreams_batch_10.json","English","legacy-en","legacy","1"
"dreams_batch_10.json","O'zbek","legacy-uz","legacy","1"
"dreams_batch_10.json","Русский","закрепление","legacy","1"
"dreams_batch_10.json","English","legacy-en","legacy","1"
"dreams_batch_10.json","O'zbek","legacy-uz","legacy","1"
"dreams_batch_10.json","Русский","закуска","legacy","1"
"dreams_batch_10.json","English","legacy-en","legacy","1"
"dreams_batch_10.json","O'zbek","legacy-uz","legacy","1"
"dreams_batch_10.json","Русский","закуток","legacy","1"
"dreams_batch_10.json","English","legacy-en","legacy","1"
"dreams_batch_10.json","O'zbek","legacy-uz","legacy","1"
"dreams_batch_10.json","Русский","залив","legacy","1"
"dreams_batch_10.json","English","legacy-en","legacy","1"
"dreams_batch_10.json","O'zbek","legacy-uz","legacy","1"
"dreams_batch_10.json","Русский","заливка","legacy","1"
"dreams_batch_10.json","English","legacy-en","legacy","1"
"dreams_batch_10.json","O'zbek","legacy-uz","legacy","1"
"dreams_batch_10.json","Русский","залог","legacy","1"
"dreams_batch_10.json","English","legacy-en","legacy","1"
"dreams_batch_10.json","O'zbek","legacy-uz","legacy","1"
"dreams_batch_10.json","Русский","заложник","legacy","1"
"dreams_batch_10.json","English","legacy-en","legacy","1"
"dreams_batch_10.json","O'zbek","legacy-uz","legacy","1"
"dreams_batch_10.json","Русский","залп","legacy","1"
"dreams_batch_10.json","English","legacy-en","legacy","1"
"dreams_batch_10.json","O'zbek","legacy-uz","legacy","1"
"dreams_batch_10.json","Русский","залысина","legacy","1"
"dreams_batch_10.json","English","legacy-en","legacy","1"
"dreams_batch_10.json","O'zbek","legacy-uz","legacy","1"
"dreams_batch_10.json","Русский","заманивание","legacy","1"
"dreams_batch_10.json","English","legacy-en","legacy","1"
"dreams_batch_10.json","O'zbek","legacy-uz","legacy","1"
"dreams_batch_10.json","Русский","замарашка","legacy","1"
"dreams_batch_10.json","English","legacy-en","legacy","1"
"dreams_batch_10.json","O'zbek","legacy-uz","legacy","1"
"dreams_batch_10.json","Русский","замашка","legacy","1"
"dreams_batch_10.json","English","legacy-en","legacy","1"
"dreams_batch_10.json","O'zbek","legacy-uz","legacy","1"
"dreams_batch_10.json","Русский","замена","legacy","1"
"dreams_batch_10.json","English","legacy-en","legacy","1"
"dreams_batch_10.json","O'zbek","legacy-uz","legacy","1"
"dreams_batch_10.json","Русский","заместитель","legacy","1"
"dreams_batch_10.json","English","legacy-en","legacy","1"
"dreams_batch_10.json","O'zbek","legacy-uz","legacy","1"
"dreams_batch_10.json","Русский","заметание","legacy","1"
"dreams_batch_10.json","English","legacy-en","legacy","1"
"dreams_batch_10.json","O'zbek","legacy-uz","legacy","1"
"dreams_batch_10.json","Русский","заметка","legacy","1"
"dreams_batch_10.json","English","legacy-en","legacy","1"
"dreams_batch_10.json","O'zbek","legacy-uz","legacy","1"
"dreams_batch_10.json","Русский","заминка","legacy","1"
"dreams_batch_10.json","English","legacy-en","legacy","1"
"dreams_batch_10.json","O'zbek","legacy-uz","legacy","1"
"dreams_batch_10.json","Русский","замок","legacy","1"
"dreams_batch_10.json","English","legacy-en","legacy","1"
"dreams_batch_10.json","O'zbek","legacy-uz","legacy","1"
"dreams_batch_10.json","Русский","замок дверной","legacy","1"
"dreams_batch_10.json","English","legacy-en","legacy","1"
"dreams_batch_10.json","O'zbek","legacy-uz","legacy","1"
"dreams_batch_10.json","Русский","заморозки","legacy","1"
"dreams_batch_10.json","English","legacy-en","legacy","1"
"dreams_batch_10.json","O'zbek","legacy-uz","legacy","1"
"dreams_batch_10.json","Русский","замысел","legacy","1"
"dreams_batch_10.json","English","legacy-en","legacy","1"
"dreams_batch_10.json","O'zbek","legacy-uz","legacy","1"
"dreams_batch_10.json","Русский","занавес","legacy","1"
"dreams_batch_10.json","English","legacy-en","legacy","1"
"dreams_batch_10.json","O'zbek","legacy-uz","legacy","1"
"dreams_batch_10.json","Русский","заноза","legacy","1"
"dreams_batch_10.json","English","legacy-en","legacy","1"
"dreams_batch_10.json","O'zbek","legacy-uz","legacy","1"
"dreams_batch_10.json","Русский","занятость","legacy","1"
"dreams_batch_10.json","English","legacy-en","legacy","1"
"dreams_batch_10.json","O'zbek","legacy-uz","legacy","1"
"dreams_batch_10.json","Русский","запад","legacy","1"
"dreams_batch_10.json","English","legacy-en","legacy","1"
"dreams_batch_10.json","O'zbek","legacy-uz","legacy","1"
"dreams_batch_10.json","Русский","западня","legacy","1"
"dreams_batch_10.json","English","legacy-en","legacy","1"
"dreams_batch_10.json","O'zbek","legacy-uz","legacy","1"
"dreams_batch_10.json","Русский","запал","legacy","1"
"dreams_batch_10.json","English","legacy-en","legacy","1"
"dreams_batch_10.json","O'zbek","legacy-uz","legacy","1"
"dreams_batch_10.json","Русский","запас","legacy","1"
"dreams_batch_10.json","English","legacy-en","legacy","1"
"dreams_batch_10.json","O'zbek","legacy-uz","legacy","1"
"dreams_batch_10.json","Русский","запах","legacy","1"
"dreams_batch_10.json","English","legacy-en","legacy","1"
"dreams_batch_10.json","O'zbek","legacy-uz","legacy","1"
"dreams_batch_10.json","Русский","заплата","legacy","1"
"dreams_batch_10.json","English","legacy-en","legacy","1"
"dreams_batch_10.json","O'zbek","legacy-uz","legacy","1"
"dreams_batch_10.json","Русский","заплыв","legacy","1"
"dreams_batch_10.json","English","legacy-en","legacy","1"
"dreams_batch_10.json","O'zbek","legacy-uz","legacy","1"
"dreams_batch_10.json","Русский","заповедник","legacy","1"
"dreams_batch_10.json","English","legacy-en","legacy","1"
"dreams_batch_10.json","O'zbek","legacy-uz","legacy","1"
"dreams_batch_10.json","Русский","заповедь","legacy","1"
"dreams_batch_10.json","English","legacy-en","legacy","1"
"dreams_batch_10.json","O'zbek","legacy-uz","legacy","1"
"dreams_batch_10.json","Русский","запонка","legacy","1"
"dreams_batch_10.json","English","legacy-en","legacy","1"
"dreams_batch_10.json","O'zbek","legacy-uz","legacy","1"
"dreams_batch_10.json","Русский","запор","legacy","1"
"dreams_batch_10.json","English","legacy-en","legacy","1"
"dreams_batch_10.json","O'zbek","legacy-uz","legacy","1"
"dreams_batch_10.json","Русский","заправила","legacy","1"
"dreams_batch_10.json","English","legacy-en","legacy","1"
"dreams_batch_10.json","O'zbek","legacy-uz","legacy","1"
"dreams_batch_10.json","Русский","запрет","legacy","1"
"dreams_batch_10.json","English","legacy-en","legacy","1"
"dreams_batch_10.json","O'zbek","legacy-uz","legacy","1"
"dreams_batch_10.json","Русский","запрос","legacy","1"
"dreams_batch_10.json","English","legacy-en","legacy","1"
"dreams_batch_10.json","O'zbek","legacy-uz","legacy","1"
"dreams_batch_10.json","Русский","запруда","legacy","1"
"dreams_batch_10.json","English","legacy-en","legacy","1"
"dreams_batch_10.json","O'zbek","legacy-uz","legacy","1"
"dreams_batch_11.json","Русский","запугивание","legacy","1"
"dreams_batch_11.json","English","legacy-en","legacy","1"
"dreams_batch_11.json","O'zbek","legacy-uz","legacy","1"
"dreams_batch_11.json","Русский","запуск","legacy","1"
"dreams_batch_11.json","English","legacy-en","legacy","1"
"dreams_batch_11.json","O'zbek","legacy-uz","legacy","1"
"dreams_batch_11.json","Русский","запустение","legacy","1"
"dreams_batch_11.json","English","legacy-en","legacy","1"
"dreams_batch_11.json","O'zbek","legacy-uz","legacy","1"
"dreams_batch_11.json","Русский","запутанность","legacy","1"
"dreams_batch_11.json","English","legacy-en","legacy","1"
"dreams_batch_11.json","O'zbek","legacy-uz","legacy","1"
"dreams_batch_11.json","Русский","запястье","legacy","1"
"dreams_batch_11.json","English","legacy-en","legacy","1"
"dreams_batch_11.json","O'zbek","legacy-uz","legacy","1"
"dreams_batch_11.json","Русский","запятая","legacy","1"
"dreams_batch_11.json","English","legacy-en","legacy","1"
"dreams_batch_11.json","O'zbek","legacy-uz","legacy","1"
"dreams_batch_11.json","Русский","заработок","legacy","1"
"dreams_batch_11.json","English","legacy-en","legacy","1"
"dreams_batch_11.json","O'zbek","legacy-uz","legacy","1"
"dreams_batch_11.json","Русский","зарево","legacy","1"
"dreams_batch_11.json","English","legacy-en","legacy","1"
"dreams_batch_11.json","O'zbek","legacy-uz","legacy","1"
"dreams_batch_11.json","Русский","зарекание","legacy","1"
"dreams_batch_11.json","English","legacy-en","legacy","1"
"dreams_batch_11.json","O'zbek","legacy-uz","legacy","1"
"dreams_batch_11.json","Русский","зародыш","legacy","1"
"dreams_batch_11.json","English","legacy-en","legacy","1"
"dreams_batch_11.json","O'zbek","legacy-uz","legacy","1"
"dreams_batch_11.json","Русский","заросли","legacy","1"
"dreams_batch_11.json","English","legacy-en","legacy","1"
"dreams_batch_11.json","O'zbek","legacy-uz","legacy","1"
"dreams_batch_11.json","Русский","зарплата","legacy","1"
"dreams_batch_11.json","English","legacy-en","legacy","1"
"dreams_batch_11.json","O'zbek","legacy-uz","legacy","1"
"dreams_batch_11.json","Русский","зарубка","legacy","1"
"dreams_batch_11.json","English","legacy-en","legacy","1"
"dreams_batch_11.json","O'zbek","legacy-uz","legacy","1"
"dreams_batch_11.json","Русский","заря","legacy","1"
"dreams_batch_11.json","English","legacy-en","legacy","1"
"dreams_batch_11.json","O'zbek","legacy-uz","legacy","1"
"dreams_batch_11.json","Русский","зарядка","legacy","1"
"dreams_batch_11.json","English","legacy-en","legacy","1"
"dreams_batch_11.json","O'zbek","legacy-uz","legacy","1"
"dreams_batch_11.json","Русский","засада","legacy","1"
"dreams_batch_11.json","English","legacy-en","legacy","1"
"dreams_batch_11.json","O'zbek","legacy-uz","legacy","1"
"dreams_batch_11.json","Русский","заслон","legacy","1"
"dreams_batch_11.json","English","legacy-en","legacy","1"
"dreams_batch_11.json","O'zbek","legacy-uz","legacy","1"
"dreams_batch_11.json","Русский","засов","legacy","1"
"dreams_batch_11.json","English","legacy-en","legacy","1"
"dreams_batch_11.json","O'zbek","legacy-uz","legacy","1"
"dreams_batch_11.json","Русский","засорение","legacy","1"
"dreams_batch_11.json","English","legacy-en","legacy","1"
"dreams_batch_11.json","O'zbek","legacy-uz","legacy","1"
"dreams_batch_11.json","Русский","застава","legacy","1"
"dreams_batch_11.json","English","legacy-en","legacy","1"
"dreams_batch_11.json","O'zbek","legacy-uz","legacy","1"
"dreams_batch_11.json","Русский","застой","legacy","1"
"dreams_batch_11.json","English","legacy-en","legacy","1"
"dreams_batch_11.json","O'zbek","legacy-uz","legacy","1"
"dreams_batch_11.json","Русский","застолье","legacy","1"
"dreams_batch_11.json","English","legacy-en","legacy","1"
"dreams_batch_11.json","O'zbek","legacy-uz","legacy","1"
"dreams_batch_11.json","Русский","заступничество","legacy","1"
"dreams_batch_11.json","English","legacy-en","legacy","1"
"dreams_batch_11.json","O'zbek","legacy-uz","legacy","1"
"dreams_batch_11.json","Русский","засуха","legacy","1"
"dreams_batch_11.json","English","legacy-en","legacy","1"
"dreams_batch_11.json","O'zbek","legacy-uz","legacy","1"
"dreams_batch_11.json","Русский","затишье","legacy","1"
"dreams_batch_11.json","English","legacy-en","legacy","1"
"dreams_batch_11.json","O'zbek","legacy-uz","legacy","1"
"dreams_batch_11.json","Русский","затмение","legacy","1"
"dreams_batch_11.json","English","legacy-en","legacy","1"
"dreams_batch_11.json","O'zbek","legacy-uz","legacy","1"
"dreams_batch_11.json","Русский","затор","legacy","1"
"dreams_batch_11.json","English","legacy-en","legacy","1"
"dreams_batch_11.json","O'zbek","legacy-uz","legacy","1"
"dreams_batch_11.json","Русский","заточение","legacy","1"
"dreams_batch_11.json","English","legacy-en","legacy","1"
"dreams_batch_11.json","O'zbek","legacy-uz","legacy","1"
"dreams_batch_11.json","Русский","затруднение","legacy","1"
"dreams_batch_11.json","English","legacy-en","legacy","1"
"dreams_batch_11.json","O'zbek","legacy-uz","legacy","1"
"dreams_batch_11.json","Русский","затуманивание","legacy","1"
"dreams_batch_11.json","English","legacy-en","legacy","1"
"dreams_batch_11.json","O'zbek","legacy-uz","legacy","1"
"dreams_batch_11.json","Русский","затылок","legacy","1"
"dreams_batch_11.json","English","legacy-en","legacy","1"
"dreams_batch_11.json","O'zbek","legacy-uz","legacy","1"
"dreams_batch_11.json","Русский","затычка","legacy","1"
"dreams_batch_11.json","English","legacy-en","legacy","1"
"dreams_batch_11.json","O'zbek","legacy-uz","legacy","1"
"dreams_batch_11.json","Русский","затяжка","legacy","1"
"dreams_batch_11.json","English","legacy-en","legacy","1"
"dreams_batch_11.json","O'zbek","legacy-uz","legacy","1"
"dreams_batch_11.json","Русский","заурядность","legacy","1"
"dreams_batch_11.json","English","legacy-en","legacy","1"
"dreams_batch_11.json","O'zbek","legacy-uz","legacy","1"
"dreams_batch_11.json","Русский","захват","legacy","1"
"dreams_batch_11.json","English","legacy-en","legacy","1"
"dreams_batch_11.json","O'zbek","legacy-uz","legacy","1"
"dreams_batch_11.json","Русский","захватчик","legacy","1"
"dreams_batch_11.json","English","legacy-en","legacy","1"
"dreams_batch_11.json","O'zbek","legacy-uz","legacy","1"
"dreams_batch_11.json","Русский","захолустье","legacy","1"
"dreams_batch_11.json","English","legacy-en","legacy","1"
"dreams_batch_11.json","O'zbek","legacy-uz","legacy","1"
"dreams_batch_11.json","Русский","захоронение","legacy","1"
"dreams_batch_11.json","English","legacy-en","legacy","1"
"dreams_batch_11.json","O'zbek","legacy-uz","legacy","1"
"dreams_batch_11.json","Русский","зацепка","legacy","1"
"dreams_batch_11.json","English","legacy-en","legacy","1"
"dreams_batch_11.json","O'zbek","legacy-uz","legacy","1"
"dreams_batch_11.json","Русский","зачарованность","legacy","1"
"dreams_batch_11.json","English","legacy-en","legacy","1"
"dreams_batch_11.json","O'zbek","legacy-uz","legacy","1"
"dreams_batch_11.json","Русский","зачатие","legacy","1"
"dreams_batch_11.json","English","legacy-en","legacy","1"
"dreams_batch_11.json","O'zbek","legacy-uz","legacy","1"
"dreams_batch_11.json","Русский","зачес","legacy","1"
"dreams_batch_11.json","English","legacy-en","legacy","1"
"dreams_batch_11.json","O'zbek","legacy-uz","legacy","1"
"dreams_batch_11.json","Русский","зачет","legacy","1"
"dreams_batch_11.json","English","legacy-en","legacy","1"
"dreams_batch_11.json","O'zbek","legacy-uz","legacy","1"
"dreams_batch_11.json","Русский","защита","legacy","1"
"dreams_batch_11.json","English","legacy-en","legacy","1"
"dreams_batch_11.json","O'zbek","legacy-uz","legacy","1"
"dreams_batch_11.json","Русский","заявление","legacy","1"
"dreams_batch_11.json","English","legacy-en","legacy","1"
"dreams_batch_11.json","O'zbek","legacy-uz","legacy","1"
"dreams_batch_11.json","Русский","звание","legacy","1"
"dreams_batch_11.json","English","legacy-en","legacy","1"
"dreams_batch_11.json","O'zbek","legacy-uz","legacy","1"
"dreams_batch_11.json","Русский","звезда","legacy","1"
"dreams_batch_11.json","English","legacy-en","legacy","1"
"dreams_batch_11.json","O'zbek","legacy-uz","legacy","1"
"dreams_batch_11.json","Русский","зверинец","legacy","1"
"dreams_batch_11.json","English","legacy-en","legacy","1"
"dreams_batch_11.json","O'zbek","legacy-uz","legacy","1"
"dreams_batch_11.json","Русский","зверь","legacy","1"
"dreams_batch_11.json","English","legacy-en","legacy","1"
"dreams_batch_11.json","O'zbek","legacy-uz","legacy","1"
"dreams_batch_11.json","Русский","звон","legacy","1"
"dreams_batch_11.json","English","legacy-en","legacy","1"
"dreams_batch_11.json","O'zbek","legacy-uz","legacy","1"
"dreams_batch_11.json","Русский","звонок","legacy","1"
"dreams_batch_11.json","English","legacy-en","legacy","1"
"dreams_batch_11.json","O'zbek","legacy-uz","legacy","1"
"dreams_batch_11.json","Русский","звук","legacy","1"
"dreams_batch_11.json","English","legacy-en","legacy","1"
"dreams_batch_11.json","O'zbek","legacy-uz","legacy","1"
"dreams_batch_11.json","Русский","здание","legacy","1"
"dreams_batch_11.json","English","legacy-en","legacy","1"
"dreams_batch_11.json","O'zbek","legacy-uz","legacy","1"
"dreams_batch_11.json","Русский","здоровье","legacy","1"
"dreams_batch_11.json","English","legacy-en","legacy","1"
"dreams_batch_11.json","O'zbek","legacy-uz","legacy","1"
"dreams_batch_11.json","Русский","зебра","legacy","1"
"dreams_batch_11.json","English","legacy-en","legacy","1"
"dreams_batch_11.json","O'zbek","legacy-uz","legacy","1"
"dreams_batch_11.json","Русский","зевота","legacy","1"
"dreams_batch_11.json","English","legacy-en","legacy","1"
"dreams_batch_11.json","O'zbek","legacy-uz","legacy","1"
"dreams_batch_11.json","Русский","зелень","legacy","1"
"dreams_batch_11.json","English","legacy-en","legacy","1"
"dreams_batch_11.json","O'zbek","legacy-uz","legacy","1"
"dreams_batch_11.json","Русский","зелье","legacy","1"
"dreams_batch_11.json","English","legacy-en","legacy","1"
"dreams_batch_11.json","O'zbek","legacy-uz","legacy","1"
"dreams_batch_11.json","Русский","земледелец","legacy","1"
"dreams_batch_11.json","English","legacy-en","legacy","1"
"dreams_batch_11.json","O'zbek","legacy-uz","legacy","1"
"dreams_batch_11.json","Русский","земледелие","legacy","1"
"dreams_batch_11.json","English","legacy-en","legacy","1"
"dreams_batch_11.json","O'zbek","legacy-uz","legacy","1"
"dreams_batch_11.json","Русский","землетрясение","legacy","1"
"dreams_batch_11.json","English","legacy-en","legacy","1"
"dreams_batch_11.json","O'zbek","legacy-uz","legacy","1"
"dreams_batch_11.json","Русский","земля","legacy","1"
"dreams_batch_11.json","English","legacy-en","legacy","1"
"dreams_batch_11.json","O'zbek","legacy-uz","legacy","1"
"dreams_batch_11.json","Русский","земляника","legacy","1"
"dreams_batch_11.json","English","legacy-en","legacy","1"
"dreams_batch_11.json","O'zbek","legacy-uz","legacy","1"
"dreams_batch_11.json","Русский","землянка","legacy","1"
"dreams_batch_11.json","English","legacy-en","legacy","1"
"dreams_batch_11.json","O'zbek","legacy-uz","legacy","1"
"dreams_batch_11.json","Русский","зенит","legacy","1"
"dreams_batch_11.json","English","legacy-en","legacy","1"
"dreams_batch_11.json","O'zbek","legacy-uz","legacy","1"
"dreams_batch_11.json","Русский","зеница","legacy","1"
"dreams_batch_11.json","English","legacy-en","legacy","1"
"dreams_batch_11.json","O'zbek","legacy-uz","legacy","1"
"dreams_batch_11.json","Русский","зеркало","legacy","1"
"dreams_batch_11.json","English","legacy-en","legacy","1"
"dreams_batch_11.json","O'zbek","legacy-uz","legacy","1"
"dreams_batch_11.json","Русский","зерно","legacy","1"
"dreams_batch_11.json","English","legacy-en","legacy","1"
"dreams_batch_11.json","O'zbek","legacy-uz","legacy","1"
"dreams_batch_11.json","Русский","зигзаг","legacy","1"
"dreams_batch_11.json","English","legacy-en","legacy","1"
"dreams_batch_11.json","O'zbek","legacy-uz","legacy","1"
"dreams_batch_11.json","Русский","зима","legacy","1"
"dreams_batch_11.json","English","legacy-en","legacy","1"
"dreams_batch_11.json","O'zbek","legacy-uz","legacy","1"
"dreams_batch_11.json","Русский","зимник","legacy","1"
"dreams_batch_11.json","English","legacy-en","legacy","1"
"dreams_batch_11.json","O'zbek","legacy-uz","legacy","1"
"dreams_batch_11.json","Русский","зипун","legacy","1"
"dreams_batch_11.json","English","legacy-en","legacy","1"
"dreams_batch_11.json","O'zbek","legacy-uz","legacy","1"
"dreams_batch_11.json","Русский","зияние","legacy","1"
"dreams_batch_11.json","English","legacy-en","legacy","1"
"dreams_batch_11.json","O'zbek","legacy-uz","legacy","1"
"dreams_batch_11.json","Русский","злак","legacy","1"
"dreams_batch_11.json","English","legacy-en","legacy","1"
"dreams_batch_11.json","O'zbek","legacy-uz","legacy","1"
"dreams_batch_11.json","Русский","зло","legacy","1"
"dreams_batch_11.json","English","legacy-en","legacy","1"
"dreams_batch_11.json","O'zbek","legacy-uz","legacy","1"
"dreams_batch_11.json","Русский","злоба","legacy","1"
"dreams_batch_11.json","English","legacy-en","legacy","1"
"dreams_batch_11.json","O'zbek","legacy-uz","legacy","1"
"dreams_batch_11.json","Русский","злодей","legacy","1"
"dreams_batch_11.json","English","legacy-en","legacy","1"
"dreams_batch_11.json","O'zbek","legacy-uz","legacy","1"
"dreams_batch_11.json","Русский","злословие","legacy","1"
"dreams_batch_11.json","English","legacy-en","legacy","1"
"dreams_batch_11.json","O'zbek","legacy-uz","legacy","1"
"dreams_batch_11.json","Русский","злоумышленник","legacy","1"
"dreams_batch_11.json","English","legacy-en","legacy","1"
"dreams_batch_11.json","O'zbek","legacy-uz","legacy","1"
"dreams_batch_11.json","Русский","змей","legacy","1"
"dreams_batch_11.json","English","legacy-en","legacy","1"
"dreams_batch_11.json","O'zbek","legacy-uz","legacy","1"
"dreams_batch_11.json","Русский","змея","legacy","1"
"dreams_batch_11.json","English","legacy-en","legacy","1"
"dreams_batch_11.json","O'zbek","legacy-uz","legacy","1"
"dreams_batch_11.json","Русский","знак","legacy","1"
"dreams_batch_11.json","English","legacy-en","legacy","1"
"dreams_batch_11.json","O'zbek","legacy-uz","legacy","1"
"dreams_batch_11.json","Русский","знакомство","legacy","1"
"dreams_batch_11.json","English","legacy-en","legacy","1"
"dreams_batch_11.json","O'zbek","legacy-uz","legacy","1"
"dreams_batch_11.json","Русский","знакомый","legacy","1"
"dreams_batch_11.json","English","legacy-en","legacy","1"
"dreams_batch_11.json","O'zbek","legacy-uz","legacy","1"
"dreams_batch_11.json","Русский","знаменитость","legacy","1"
"dreams_batch_11.json","English","legacy-en","legacy","1"
"dreams_batch_11.json","O'zbek","legacy-uz","legacy","1"
"dreams_batch_11.json","Русский","знамя","legacy","1"
"dreams_batch_11.json","English","legacy-en","legacy","1"
"dreams_batch_11.json","O'zbek","legacy-uz","legacy","1"
"dreams_batch_11.json","Русский","знание","legacy","1"
"dreams_batch_11.json","English","legacy-en","legacy","1"
"dreams_batch_11.json","O'zbek","legacy-uz","legacy","1"
"dreams_batch_11.json","Русский","знатность","legacy","1"
"dreams_batch_11.json","English","legacy-en","legacy","1"
"dreams_batch_11.json","O'zbek","legacy-uz","legacy","1"
"dreams_batch_11.json","Русский","знахарь","legacy","1"
"dreams_batch_11.json","English","legacy-en","legacy","1"
"dreams_batch_11.json","O'zbek","legacy-uz","legacy","1"
"dreams_batch_11.json","Русский","значение","legacy","1"
"dreams_batch_11.json","English","legacy-en","legacy","1"
"dreams_batch_11.json","O'zbek","legacy-uz","legacy","1"
"dreams_batch_11.json","Русский","значок","legacy","1"
"dreams_batch_11.json","English","legacy-en","legacy","1"
"dreams_batch_11.json","O'zbek","legacy-uz","legacy","1"
"dreams_batch_11.json","Русский","зов","legacy","1"
"dreams_batch_11.json","English","legacy-en","legacy","1"
"dreams_batch_11.json","O'zbek","legacy-uz","legacy","1"
"dreams_batch_11.json","Русский","зодиак","legacy","1"
"dreams_batch_11.json","English","legacy-en","legacy","1"
"dreams_batch_11.json","O'zbek","legacy-uz","legacy","1"
"dreams_batch_11.json","Русский","зодчий","legacy","1"
"dreams_batch_11.json","English","legacy-en","legacy","1"
"dreams_batch_11.json","O'zbek","legacy-uz","legacy","1"
"dreams_batch_11.json","Русский","зола","legacy","1"
"dreams_batch_11.json","English","legacy-en","legacy","1"
"dreams_batch_11.json","O'zbek","legacy-uz","legacy","1"
"dreams_batch_11.json","Русский","золото","legacy","1"
"dreams_batch_11.json","English","legacy-en","legacy","1"
"dreams_batch_11.json","O'zbek","legacy-uz","legacy","1"
"dreams_batch_11.json","Русский","зомби","legacy","1"
"dreams_batch_11.json","English","legacy-en","legacy","1"
"dreams_batch_11.json","O'zbek","legacy-uz","legacy","1"
"dreams_batch_11.json","Русский","зона","legacy","1"
"dreams_batch_11.json","English","legacy-en","legacy","1"
"dreams_batch_11.json","O'zbek","legacy-uz","legacy","1"
"dreams_batch_11.json","Русский","зонт","legacy","1"
"dreams_batch_11.json","English","legacy-en","legacy","1"
"dreams_batch_11.json","O'zbek","legacy-uz","legacy","1"
"dreams_batch_11.json","Русский","зоопарк","legacy","1"
"dreams_batch_11.json","English","legacy-en","legacy","1"
"dreams_batch_11.json","O'zbek","legacy-uz","legacy","1"
"dreams_batch_12.json","Русский","зрачок","legacy","1"
"dreams_batch_12.json","English","legacy-en","legacy","1"
"dreams_batch_12.json","O'zbek","legacy-uz","legacy","1"
"dreams_batch_12.json","Русский","зрелище","legacy","1"
"dreams_batch_12.json","English","legacy-en","legacy","1"
"dreams_batch_12.json","O'zbek","legacy-uz","legacy","1"
"dreams_batch_12.json","Русский","зрелость","legacy","1"
"dreams_batch_12.json","English","legacy-en","legacy","1"
"dreams_batch_12.json","O'zbek","legacy-uz","legacy","1"
"dreams_batch_12.json","Русский","зритель","legacy","1"
"dreams_batch_12.json","English","legacy-en","legacy","1"
"dreams_batch_12.json","O'zbek","legacy-uz","legacy","1"
"dreams_batch_12.json","Русский","зрячесть","legacy","1"
"dreams_batch_12.json","English","legacy-en","legacy","1"
"dreams_batch_12.json","O'zbek","legacy-uz","legacy","1"
"dreams_batch_12.json","Русский","зубы","legacy","1"
"dreams_batch_12.json","English","legacy-en","legacy","1"
"dreams_batch_12.json","O'zbek","legacy-uz","legacy","1"
"dreams_batch_12.json","Русский","зуд","legacy","1"
"dreams_batch_12.json","English","legacy-en","legacy","1"
"dreams_batch_12.json","O'zbek","legacy-uz","legacy","1"
"dreams_batch_12.json","Русский","зыбкость","legacy","1"
"dreams_batch_12.json","English","legacy-en","legacy","1"
"dreams_batch_12.json","O'zbek","legacy-uz","legacy","1"
"dreams_batch_12.json","Русский","зыбучие пески","legacy","1"
"dreams_batch_12.json","English","legacy-en","legacy","1"
"dreams_batch_12.json","O'zbek","legacy-uz","legacy","1"
"dreams_batch_12.json","Русский","зыбь","legacy","1"
"dreams_batch_12.json","English","legacy-en","legacy","1"
"dreams_batch_12.json","O'zbek","legacy-uz","legacy","1"
"dreams_batch_12.json","Русский","зяблик","legacy","1"
"dreams_batch_12.json","English","legacy-en","legacy","1"
"dreams_batch_12.json","O'zbek","legacy-uz","legacy","1"
"dreams_batch_12.json","Русский","зять","legacy","1"
"dreams_batch_12.json","English","legacy-en","legacy","1"
"dreams_batch_12.json","O'zbek","legacy-uz","legacy","1"
"dreams_batch_12.json","Русский","ива","legacy","1"
"dreams_batch_12.json","English","legacy-en","legacy","1"
"dreams_batch_12.json","O'zbek","legacy-uz","legacy","1"
"dreams_batch_12.json","Русский","иволга","legacy","1"
"dreams_batch_12.json","English","legacy-en","legacy","1"
"dreams_batch_12.json","O'zbek","legacy-uz","legacy","1"
"dreams_batch_12.json","Русский","игла","legacy","1"
"dreams_batch_12.json","English","legacy-en","legacy","1"
"dreams_batch_12.json","O'zbek","legacy-uz","legacy","1"
"dreams_batch_12.json","Русский","иго","legacy","1"
"dreams_batch_12.json","English","legacy-en","legacy","1"
"dreams_batch_12.json","O'zbek","legacy-uz","legacy","1"
"dreams_batch_12.json","Русский","иголка","legacy","1"
"dreams_batch_12.json","English","legacy-en","legacy","1"
"dreams_batch_12.json","O'zbek","legacy-uz","legacy","1"
"dreams_batch_12.json","Русский","игра","legacy","1"
"dreams_batch_12.json","English","legacy-en","legacy","1"
"dreams_batch_12.json","O'zbek","legacy-uz","legacy","1"
"dreams_batch_12.json","Русский","игрушка","legacy","1"
"dreams_batch_12.json","English","legacy-en","legacy","1"
"dreams_batch_12.json","O'zbek","legacy-uz","legacy","1"
"dreams_batch_12.json","Русский","игрушки","legacy","1"
"dreams_batch_12.json","English","legacy-en","legacy","1"
"dreams_batch_12.json","O'zbek","legacy-uz","legacy","1"
"dreams_batch_12.json","Русский","идеал","legacy","1"
"dreams_batch_12.json","English","legacy-en","legacy","1"
"dreams_batch_12.json","O'zbek","legacy-uz","legacy","1"
"dreams_batch_12.json","Русский","идея","legacy","1"
"dreams_batch_12.json","English","legacy-en","legacy","1"
"dreams_batch_12.json","O'zbek","legacy-uz","legacy","1"
"dreams_batch_12.json","Русский","идол","legacy","1"
"dreams_batch_12.json","English","legacy-en","legacy","1"
"dreams_batch_12.json","O'zbek","legacy-uz","legacy","1"
"dreams_batch_12.json","Русский","иероглиф","legacy","1"
"dreams_batch_12.json","English","legacy-en","legacy","1"
"dreams_batch_12.json","O'zbek","legacy-uz","legacy","1"
"dreams_batch_12.json","Русский","избиение","legacy","1"
"dreams_batch_12.json","English","legacy-en","legacy","1"
"dreams_batch_12.json","O'zbek","legacy-uz","legacy","1"
"dreams_batch_12.json","Русский","избиратель","legacy","1"
"dreams_batch_12.json","English","legacy-en","legacy","1"
"dreams_batch_12.json","O'zbek","legacy-uz","legacy","1"
"dreams_batch_12.json","Русский","избушка","legacy","1"
"dreams_batch_12.json","English","legacy-en","legacy","1"
"dreams_batch_12.json","O'zbek","legacy-uz","legacy","1"
"dreams_batch_12.json","Русский","извержение","legacy","1"
"dreams_batch_12.json","English","legacy-en","legacy","1"
"dreams_batch_12.json","O'zbek","legacy-uz","legacy","1"
"dreams_batch_12.json","Русский","известие","legacy","1"
"dreams_batch_12.json","English","legacy-en","legacy","1"
"dreams_batch_12.json","O'zbek","legacy-uz","legacy","1"
"dreams_batch_12.json","Русский","известность","legacy","1"
"dreams_batch_12.json","English","legacy-en","legacy","1"
"dreams_batch_12.json","O'zbek","legacy-uz","legacy","1"
"dreams_batch_12.json","Русский","изгнание","legacy","1"
"dreams_batch_12.json","English","legacy-en","legacy","1"
"dreams_batch_12.json","O'zbek","legacy-uz","legacy","1"
"dreams_batch_12.json","Русский","изгой","legacy","1"
"dreams_batch_12.json","English","legacy-en","legacy","1"
"dreams_batch_12.json","O'zbek","legacy-uz","legacy","1"
"dreams_batch_12.json","Русский","изгородь","legacy","1"
"dreams_batch_12.json","English","legacy-en","legacy","1"
"dreams_batch_12.json","O'zbek","legacy-uz","legacy","1"
"dreams_batch_12.json","Русский","издание","legacy","1"
"dreams_batch_12.json","English","legacy-en","legacy","1"
"dreams_batch_12.json","O'zbek","legacy-uz","legacy","1"
"dreams_batch_12.json","Русский","издатель","legacy","1"
"dreams_batch_12.json","English","legacy-en","legacy","1"
"dreams_batch_12.json","O'zbek","legacy-uz","legacy","1"
"dreams_batch_12.json","Русский","издевательство","legacy","1"
"dreams_batch_12.json","English","legacy-en","legacy","1"
"dreams_batch_12.json","O'zbek","legacy-uz","legacy","1"
"dreams_batch_12.json","Русский","изделие","legacy","1"
"dreams_batch_12.json","English","legacy-en","legacy","1"
"dreams_batch_12.json","O'zbek","legacy-uz","legacy","1"
"dreams_batch_12.json","Русский","издержки","legacy","1"
"dreams_batch_12.json","English","legacy-en","legacy","1"
"dreams_batch_12.json","O'zbek","legacy-uz","legacy","1"
"dreams_batch_12.json","Русский","измена","legacy","1"
"dreams_batch_12.json","English","legacy-en","legacy","1"
"dreams_batch_12.json","O'zbek","legacy-uz","legacy","1"
"dreams_batch_12.json","Русский","изменение","legacy","1"
"dreams_batch_12.json","English","legacy-en","legacy","1"
"dreams_batch_12.json","O'zbek","legacy-uz","legacy","1"
"dreams_batch_12.json","Русский","измеритель","legacy","1"
"dreams_batch_12.json","English","legacy-en","legacy","1"
"dreams_batch_12.json","O'zbek","legacy-uz","legacy","1"
"dreams_batch_12.json","Русский","изморозь","legacy","1"
"dreams_batch_12.json","English","legacy-en","legacy","1"
"dreams_batch_12.json","O'zbek","legacy-uz","legacy","1"
"dreams_batch_12.json","Русский","изморось","legacy","1"
"dreams_batch_12.json","English","legacy-en","legacy","1"
"dreams_batch_12.json","O'zbek","legacy-uz","legacy","1"
"dreams_batch_12.json","Русский","изнанка","legacy","1"
"dreams_batch_12.json","English","legacy-en","legacy","1"
"dreams_batch_12.json","O'zbek","legacy-uz","legacy","1"
"dreams_batch_12.json","Русский","изнеможение","legacy","1"
"dreams_batch_12.json","English","legacy-en","legacy","1"
"dreams_batch_12.json","O'zbek","legacy-uz","legacy","1"
"dreams_batch_12.json","Русский","износ","legacy","1"
"dreams_batch_12.json","English","legacy-en","legacy","1"
"dreams_batch_12.json","O'zbek","legacy-uz","legacy","1"
"dreams_batch_12.json","Русский","изобилие","legacy","1"
"dreams_batch_12.json","English","legacy-en","legacy","1"
"dreams_batch_12.json","O'zbek","legacy-uz","legacy","1"
"dreams_batch_12.json","Русский","изображение","legacy","1"
"dreams_batch_12.json","English","legacy-en","legacy","1"
"dreams_batch_12.json","O'zbek","legacy-uz","legacy","1"
"dreams_batch_12.json","Русский","изобретатель","legacy","1"
"dreams_batch_12.json","English","legacy-en","legacy","1"
"dreams_batch_12.json","O'zbek","legacy-uz","legacy","1"
"dreams_batch_12.json","Русский","изобретение","legacy","1"
"dreams_batch_12.json","English","legacy-en","legacy","1"
"dreams_batch_12.json","O'zbek","legacy-uz","legacy","1"
"dreams_batch_12.json","Русский","изолятор","legacy","1"
"dreams_batch_12.json","English","legacy-en","legacy","1"
"dreams_batch_12.json","O'zbek","legacy-uz","legacy","1"
"dreams_batch_12.json","Русский","изоляция","legacy","1"
"dreams_batch_12.json","English","legacy-en","legacy","1"
"dreams_batch_12.json","O'zbek","legacy-uz","legacy","1"
"dreams_batch_12.json","Русский","изувер","legacy","1"
"dreams_batch_12.json","English","legacy-en","legacy","1"
"dreams_batch_12.json","O'zbek","legacy-uz","legacy","1"
"dreams_batch_12.json","Русский","изумление","legacy","1"
"dreams_batch_12.json","English","legacy-en","legacy","1"
"dreams_batch_12.json","O'zbek","legacy-uz","legacy","1"
"dreams_batch_12.json","Русский","изящество","legacy","1"
"dreams_batch_12.json","English","legacy-en","legacy","1"
"dreams_batch_12.json","O'zbek","legacy-uz","legacy","1"
"dreams_batch_12.json","Русский","икона","legacy","1"
"dreams_batch_12.json","English","legacy-en","legacy","1"
"dreams_batch_12.json","O'zbek","legacy-uz","legacy","1"
"dreams_batch_12.json","Русский","икота","legacy","1"
"dreams_batch_12.json","English","legacy-en","legacy","1"
"dreams_batch_12.json","O'zbek","legacy-uz","legacy","1"
"dreams_batch_12.json","Русский","икра","legacy","1"
"dreams_batch_12.json","English","legacy-en","legacy","1"
"dreams_batch_12.json","O'zbek","legacy-uz","legacy","1"
"dreams_batch_12.json","Русский","ил","legacy","1"
"dreams_batch_12.json","English","legacy-en","legacy","1"
"dreams_batch_12.json","O'zbek","legacy-uz","legacy","1"
"dreams_batch_12.json","Русский","иллюзия","legacy","1"
"dreams_batch_12.json","English","legacy-en","legacy","1"
"dreams_batch_12.json","O'zbek","legacy-uz","legacy","1"
"dreams_batch_12.json","Русский","иллюминация","legacy","1"
"dreams_batch_12.json","English","legacy-en","legacy","1"
"dreams_batch_12.json","O'zbek","legacy-uz","legacy","1"
"dreams_batch_12.json","Русский","иллюстрация","legacy","1"
"dreams_batch_12.json","English","legacy-en","legacy","1"
"dreams_batch_12.json","O'zbek","legacy-uz","legacy","1"
"dreams_batch_12.json","Русский","имаго","legacy","1"
"dreams_batch_12.json","English","legacy-en","legacy","1"
"dreams_batch_12.json","O'zbek","legacy-uz","legacy","1"
"dreams_batch_12.json","Русский","имена","legacy","1"
"dreams_batch_12.json","English","legacy-en","legacy","1"
"dreams_batch_12.json","O'zbek","legacy-uz","legacy","1"
"dreams_batch_12.json","Русский","имение","legacy","1"
"dreams_batch_12.json","English","legacy-en","legacy","1"
"dreams_batch_12.json","O'zbek","legacy-uz","legacy","1"
"dreams_batch_12.json","Русский","именинник","legacy","1"
"dreams_batch_12.json","English","legacy-en","legacy","1"
"dreams_batch_12.json","O'zbek","legacy-uz","legacy","1"
"dreams_batch_12.json","Русский","имидж","legacy","1"
"dreams_batch_12.json","English","legacy-en","legacy","1"
"dreams_batch_12.json","O'zbek","legacy-uz","legacy","1"
"dreams_batch_12.json","Русский","иммигрант","legacy","1"
"dreams_batch_12.json","English","legacy-en","legacy","1"
"dreams_batch_12.json","O'zbek","legacy-uz","legacy","1"
"dreams_batch_12.json","Русский","иммунитет","legacy","1"
"dreams_batch_12.json","English","legacy-en","legacy","1"
"dreams_batch_12.json","O'zbek","legacy-uz","legacy","1"
"dreams_batch_12.json","Русский","император","legacy","1"
"dreams_batch_12.json","English","legacy-en","legacy","1"
"dreams_batch_12.json","O'zbek","legacy-uz","legacy","1"
"dreams_batch_12.json","Русский","империя","legacy","1"
"dreams_batch_12.json","English","legacy-en","legacy","1"
"dreams_batch_12.json","O'zbek","legacy-uz","legacy","1"
"dreams_batch_12.json","Русский","импульс","legacy","1"
"dreams_batch_12.json","English","legacy-en","legacy","1"
"dreams_batch_12.json","O'zbek","legacy-uz","legacy","1"
"dreams_batch_12.json","Русский","имя","legacy","1"
"dreams_batch_12.json","English","legacy-en","legacy","1"
"dreams_batch_12.json","O'zbek","legacy-uz","legacy","1"
"dreams_batch_12.json","Русский","инакомыслие","legacy","1"
"dreams_batch_12.json","English","legacy-en","legacy","1"
"dreams_batch_12.json","O'zbek","legacy-uz","legacy","1"
"dreams_batch_12.json","Русский","инвалид","legacy","1"
"dreams_batch_12.json","English","legacy-en","legacy","1"
"dreams_batch_12.json","O'zbek","legacy-uz","legacy","1"
"dreams_batch_12.json","Русский","инвалидность","legacy","1"
"dreams_batch_12.json","English","legacy-en","legacy","1"
"dreams_batch_12.json","O'zbek","legacy-uz","legacy","1"
"dreams_batch_12.json","Русский","инвестиции","legacy","1"
"dreams_batch_12.json","English","legacy-en","legacy","1"
"dreams_batch_12.json","O'zbek","legacy-uz","legacy","1"
"dreams_batch_12.json","Русский","инвестор","legacy","1"
"dreams_batch_12.json","English","legacy-en","legacy","1"
"dreams_batch_12.json","O'zbek","legacy-uz","legacy","1"
"dreams_batch_12.json","Русский","индеец","legacy","1"
"dreams_batch_12.json","English","legacy-en","legacy","1"
"dreams_batch_12.json","O'zbek","legacy-uz","legacy","1"
"dreams_batch_12.json","Русский","индейка","legacy","1"
"dreams_batch_12.json","English","legacy-en","legacy","1"
"dreams_batch_12.json","O'zbek","legacy-uz","legacy","1"
"dreams_batch_12.json","Русский","индекс","legacy","1"
"dreams_batch_12.json","English","legacy-en","legacy","1"
"dreams_batch_12.json","O'zbek","legacy-uz","legacy","1"
"dreams_batch_12.json","Русский","индивидуальность","legacy","1"
"dreams_batch_12.json","English","legacy-en","legacy","1"
"dreams_batch_12.json","O'zbek","legacy-uz","legacy","1"
"dreams_batch_12.json","Русский","индия","legacy","1"
"dreams_batch_12.json","English","legacy-en","legacy","1"
"dreams_batch_12.json","O'zbek","legacy-uz","legacy","1"
"dreams_batch_12.json","Русский","индус","legacy","1"
"dreams_batch_12.json","English","legacy-en","legacy","1"
"dreams_batch_12.json","O'zbek","legacy-uz","legacy","1"
"dreams_batch_12.json","Русский","индюк","legacy","1"
"dreams_batch_12.json","English","legacy-en","legacy","1"
"dreams_batch_12.json","O'zbek","legacy-uz","legacy","1"
"dreams_batch_12.json","Русский","иней","legacy","1"
"dreams_batch_12.json","English","legacy-en","legacy","1"
"dreams_batch_12.json","O'zbek","legacy-uz","legacy","1"
"dreams_batch_12.json","Русский","инженер","legacy","1"
"dreams_batch_12.json","English","legacy-en","legacy","1"
"dreams_batch_12.json","O'zbek","legacy-uz","legacy","1"
"dreams_batch_12.json","Русский","инициатива","legacy","1"
"dreams_batch_12.json","English","legacy-en","legacy","1"
"dreams_batch_12.json","O'zbek","legacy-uz","legacy","1"
"dreams_batch_12.json","Русский","инициация","legacy","1"
"dreams_batch_12.json","English","legacy-en","legacy","1"
"dreams_batch_12.json","O'zbek","legacy-uz","legacy","1"
"dreams_batch_12.json","Русский","инкассатор","legacy","1"
"dreams_batch_12.json","English","legacy-en","legacy","1"
"dreams_batch_12.json","O'zbek","legacy-uz","legacy","1"
"dreams_batch_12.json","Русский","инквизитор","legacy","1"
"dreams_batch_12.json","English","legacy-en","legacy","1"
"dreams_batch_12.json","O'zbek","legacy-uz","legacy","1"
"dreams_batch_12.json","Русский","инквизиция","legacy","1"
"dreams_batch_12.json","English","legacy-en","legacy","1"
"dreams_batch_12.json","O'zbek","legacy-uz","legacy","1"
"dreams_batch_12.json","Русский","инкогнито","legacy","1"
"dreams_batch_12.json","English","legacy-en","legacy","1"
"dreams_batch_12.json","O'zbek","legacy-uz","legacy","1"
"dreams_batch_12.json","Русский","инкубатор","legacy","1"
"dreams_batch_12.json","English","legacy-en","legacy","1"
"dreams_batch_12.json","O'zbek","legacy-uz","legacy","1"
"dreams_batch_12.json","Русский","иноземец","legacy","1"
"dreams_batch_12.json","English","legacy-en","legacy","1"
"dreams_batch_12.json","O'zbek","legacy-uz","legacy","1"
"dreams_batch_12.json","Русский","инопланетянин","legacy","1"
"dreams_batch_12.json","English","legacy-en","legacy","1"
"dreams_batch_12.json","O'zbek","legacy-uz","legacy","1"
"dreams_batch_12.json","Русский","иносказание","legacy","1"
"dreams_batch_12.json","English","legacy-en","legacy","1"
"dreams_batch_12.json","O'zbek","legacy-uz","legacy","1"
"dreams_batch_12.json","Русский","иноходец","legacy","1"
"dreams_batch_12.json","English","legacy-en","legacy","1"
"dreams_batch_12.json","O'zbek","legacy-uz","legacy","1"
"dreams_batch_12.json","Русский","инспектор","legacy","1"
"dreams_batch_12.json","English","legacy-en","legacy","1"
"dreams_batch_12.json","O'zbek","legacy-uz","legacy","1"
"dreams_batch_12.json","Русский","инспекция","legacy","1"
"dreams_batch_12.json","English","legacy-en","legacy","1"
"dreams_batch_12.json","O'zbek","legacy-uz","legacy","1"
"dreams_batch_13.json","Русский","инстинкт","legacy","1"
"dreams_batch_13.json","English","legacy-en","legacy","1"
"dreams_batch_13.json","O'zbek","legacy-uz","legacy","1"
"dreams_batch_13.json","Русский","инструктор","legacy","1"
"dreams_batch_13.json","English","legacy-en","legacy","1"
"dreams_batch_13.json","O'zbek","legacy-uz","legacy","1"
"dreams_batch_13.json","Русский","инструкция","legacy","1"
"dreams_batch_13.json","English","legacy-en","legacy","1"
"dreams_batch_13.json","O'zbek","legacy-uz","legacy","1"
"dreams_batch_13.json","Русский","инструмент","legacy","1"
"dreams_batch_13.json","English","legacy-en","legacy","1"
"dreams_batch_13.json","O'zbek","legacy-uz","legacy","1"
"dreams_batch_13.json","Русский","инсценировка","legacy","1"
"dreams_batch_13.json","English","legacy-en","legacy","1"
"dreams_batch_13.json","O'zbek","legacy-uz","legacy","1"
"dreams_batch_13.json","Русский","интеллигент","legacy","1"
"dreams_batch_13.json","English","legacy-en","legacy","1"
"dreams_batch_13.json","O'zbek","legacy-uz","legacy","1"
"dreams_batch_13.json","Русский","интервью","legacy","1"
"dreams_batch_13.json","English","legacy-en","legacy","1"
"dreams_batch_13.json","O'zbek","legacy-uz","legacy","1"
"dreams_batch_13.json","Русский","интонация","legacy","1"
"dreams_batch_13.json","English","legacy-en","legacy","1"
"dreams_batch_13.json","O'zbek","legacy-uz","legacy","1"
"dreams_batch_13.json","Русский","интрига","legacy","1"
"dreams_batch_13.json","English","legacy-en","legacy","1"
"dreams_batch_13.json","O'zbek","legacy-uz","legacy","1"
"dreams_batch_13.json","Русский","интриган","legacy","1"
"dreams_batch_13.json","English","legacy-en","legacy","1"
"dreams_batch_13.json","O'zbek","legacy-uz","legacy","1"
"dreams_batch_13.json","Русский","интуиция","legacy","1"
"dreams_batch_13.json","English","legacy-en","legacy","1"
"dreams_batch_13.json","O'zbek","legacy-uz","legacy","1"
"dreams_batch_13.json","Русский","инфаркт","legacy","1"
"dreams_batch_13.json","English","legacy-en","legacy","1"
"dreams_batch_13.json","O'zbek","legacy-uz","legacy","1"
"dreams_batch_13.json","Русский","инфекция","legacy","1"
"dreams_batch_13.json","English","legacy-en","legacy","1"
"dreams_batch_13.json","O'zbek","legacy-uz","legacy","1"
"dreams_batch_13.json","Русский","инфляция","legacy","1"
"dreams_batch_13.json","English","legacy-en","legacy","1"
"dreams_batch_13.json","O'zbek","legacy-uz","legacy","1"
"dreams_batch_13.json","Русский","информация","legacy","1"
"dreams_batch_13.json","English","legacy-en","legacy","1"
"dreams_batch_13.json","O'zbek","legacy-uz","legacy","1"
"dreams_batch_13.json","Русский","инцидент","legacy","1"
"dreams_batch_13.json","English","legacy-en","legacy","1"
"dreams_batch_13.json","O'zbek","legacy-uz","legacy","1"
"dreams_batch_13.json","Русский","ипподром","legacy","1"
"dreams_batch_13.json","English","legacy-en","legacy","1"
"dreams_batch_13.json","O'zbek","legacy-uz","legacy","1"
"dreams_batch_13.json","Русский","ирис","legacy","1"
"dreams_batch_13.json","English","legacy-en","legacy","1"
"dreams_batch_13.json","O'zbek","legacy-uz","legacy","1"
"dreams_batch_13.json","Русский","искра","legacy","1"
"dreams_batch_13.json","English","legacy-en","legacy","1"
"dreams_batch_13.json","O'zbek","legacy-uz","legacy","1"
"dreams_batch_13.json","Русский","искусство","legacy","1"
"dreams_batch_13.json","English","legacy-en","legacy","1"
"dreams_batch_13.json","O'zbek","legacy-uz","legacy","1"
"dreams_batch_13.json","Русский","искушение","legacy","1"
"dreams_batch_13.json","English","legacy-en","legacy","1"
"dreams_batch_13.json","O'zbek","legacy-uz","legacy","1"
"dreams_batch_13.json","Русский","испытание","legacy","1"
"dreams_batch_13.json","English","legacy-en","legacy","1"
"dreams_batch_13.json","O'zbek","legacy-uz","legacy","1"
"dreams_batch_13.json","Русский","истина","legacy","1"
"dreams_batch_13.json","English","legacy-en","legacy","1"
"dreams_batch_13.json","O'zbek","legacy-uz","legacy","1"
"dreams_batch_13.json","Русский","исток","legacy","1"
"dreams_batch_13.json","English","legacy-en","legacy","1"
"dreams_batch_13.json","O'zbek","legacy-uz","legacy","1"
"dreams_batch_13.json","Русский","история","legacy","1"
"dreams_batch_13.json","English","legacy-en","legacy","1"
"dreams_batch_13.json","O'zbek","legacy-uz","legacy","1"
"dreams_batch_13.json","Русский","итог","legacy","1"
"dreams_batch_13.json","English","legacy-en","legacy","1"
"dreams_batch_13.json","O'zbek","legacy-uz","legacy","1"
"dreams_batch_13.json","Русский","иуда","legacy","1"
"dreams_batch_13.json","English","legacy-en","legacy","1"
"dreams_batch_13.json","O'zbek","legacy-uz","legacy","1"
"dreams_batch_13.json","Русский","июль","legacy","1"
"dreams_batch_13.json","English","legacy-en","legacy","1"
"dreams_batch_13.json","O'zbek","legacy-uz","legacy","1"
"dreams_batch_13.json","Русский","июнь","legacy","1"
"dreams_batch_13.json","English","legacy-en","legacy","1"
"dreams_batch_13.json","O'zbek","legacy-uz","legacy","1"
"dreams_batch_13.json","Русский","кабала","legacy","1"
"dreams_batch_13.json","English","legacy-en","legacy","1"
"dreams_batch_13.json","O'zbek","legacy-uz","legacy","1"
"dreams_batch_13.json","Русский","кабан","legacy","1"
"dreams_batch_13.json","English","legacy-en","legacy","1"
"dreams_batch_13.json","O'zbek","legacy-uz","legacy","1"
"dreams_batch_13.json","Русский","кабаре","legacy","1"
"dreams_batch_13.json","English","legacy-en","legacy","1"
"dreams_batch_13.json","O'zbek","legacy-uz","legacy","1"
"dreams_batch_13.json","Русский","кабинет","legacy","1"
"dreams_batch_13.json","English","legacy-en","legacy","1"
"dreams_batch_13.json","O'zbek","legacy-uz","legacy","1"
"dreams_batch_13.json","Русский","каблук","legacy","1"
"dreams_batch_13.json","English","legacy-en","legacy","1"
"dreams_batch_13.json","O'zbek","legacy-uz","legacy","1"
"dreams_batch_13.json","Русский","кавалер","legacy","1"
"dreams_batch_13.json","English","legacy-en","legacy","1"
"dreams_batch_13.json","O'zbek","legacy-uz","legacy","1"
"dreams_batch_13.json","Русский","кавалерия","legacy","1"
"dreams_batch_13.json","English","legacy-en","legacy","1"
"dreams_batch_13.json","O'zbek","legacy-uz","legacy","1"
"dreams_batch_13.json","Русский","каверна","legacy","1"
"dreams_batch_13.json","English","legacy-en","legacy","1"
"dreams_batch_13.json","O'zbek","legacy-uz","legacy","1"
"dreams_batch_13.json","Русский","кавычки","legacy","1"
"dreams_batch_13.json","English","legacy-en","legacy","1"
"dreams_batch_13.json","O'zbek","legacy-uz","legacy","1"
"dreams_batch_13.json","Русский","кадило","legacy","1"
"dreams_batch_13.json","English","legacy-en","legacy","1"
"dreams_batch_13.json","O'zbek","legacy-uz","legacy","1"
"dreams_batch_13.json","Русский","кадка","legacy","1"
"dreams_batch_13.json","English","legacy-en","legacy","1"
"dreams_batch_13.json","O'zbek","legacy-uz","legacy","1"
"dreams_batch_13.json","Русский","кадры","legacy","1"
"dreams_batch_13.json","English","legacy-en","legacy","1"
"dreams_batch_13.json","O'zbek","legacy-uz","legacy","1"
"dreams_batch_13.json","Русский","казак","legacy","1"
"dreams_batch_13.json","English","legacy-en","legacy","1"
"dreams_batch_13.json","O'zbek","legacy-uz","legacy","1"
"dreams_batch_13.json","Русский","казарма","legacy","1"
"dreams_batch_13.json","English","legacy-en","legacy","1"
"dreams_batch_13.json","O'zbek","legacy-uz","legacy","1"
"dreams_batch_13.json","Русский","казино","legacy","1"
"dreams_batch_13.json","English","legacy-en","legacy","1"
"dreams_batch_13.json","O'zbek","legacy-uz","legacy","1"
"dreams_batch_13.json","Русский","казна","legacy","1"
"dreams_batch_13.json","English","legacy-en","legacy","1"
"dreams_batch_13.json","O'zbek","legacy-uz","legacy","1"
"dreams_batch_13.json","Русский","казначей","legacy","1"
"dreams_batch_13.json","English","legacy-en","legacy","1"
"dreams_batch_13.json","O'zbek","legacy-uz","legacy","1"
"dreams_batch_13.json","Русский","казус","legacy","1"
"dreams_batch_13.json","English","legacy-en","legacy","1"
"dreams_batch_13.json","O'zbek","legacy-uz","legacy","1"
"dreams_batch_13.json","Русский","каин","legacy","1"
"dreams_batch_13.json","English","legacy-en","legacy","1"
"dreams_batch_13.json","O'zbek","legacy-uz","legacy","1"
"dreams_batch_13.json","Русский","кайф","legacy","1"
"dreams_batch_13.json","English","legacy-en","legacy","1"
"dreams_batch_13.json","O'zbek","legacy-uz","legacy","1"
"dreams_batch_13.json","Русский","каланча","legacy","1"
"dreams_batch_13.json","English","legacy-en","legacy","1"
"dreams_batch_13.json","O'zbek","legacy-uz","legacy","1"
"dreams_batch_13.json","Русский","калач","legacy","1"
"dreams_batch_13.json","English","legacy-en","legacy","1"
"dreams_batch_13.json","O'zbek","legacy-uz","legacy","1"
"dreams_batch_13.json","Русский","калейдоскоп","legacy","1"
"dreams_batch_13.json","English","legacy-en","legacy","1"
"dreams_batch_13.json","O'zbek","legacy-uz","legacy","1"
"dreams_batch_13.json","Русский","калека","legacy","1"
"dreams_batch_13.json","English","legacy-en","legacy","1"
"dreams_batch_13.json","O'zbek","legacy-uz","legacy","1"
"dreams_batch_13.json","Русский","календарь","legacy","1"
"dreams_batch_13.json","English","legacy-en","legacy","1"
"dreams_batch_13.json","O'zbek","legacy-uz","legacy","1"
"dreams_batch_13.json","Русский","калибр","legacy","1"
"dreams_batch_13.json","English","legacy-en","legacy","1"
"dreams_batch_13.json","O'zbek","legacy-uz","legacy","1"
"dreams_batch_13.json","Русский","калина","legacy","1"
"dreams_batch_13.json","English","legacy-en","legacy","1"
"dreams_batch_13.json","O'zbek","legacy-uz","legacy","1"
"dreams_batch_13.json","Русский","калитка","legacy","1"
"dreams_batch_13.json","English","legacy-en","legacy","1"
"dreams_batch_13.json","O'zbek","legacy-uz","legacy","1"
"dreams_batch_13.json","Русский","каллиграфия","legacy","1"
"dreams_batch_13.json","English","legacy-en","legacy","1"
"dreams_batch_13.json","O'zbek","legacy-uz","legacy","1"
"dreams_batch_13.json","Русский","калории","legacy","1"
"dreams_batch_13.json","English","legacy-en","legacy","1"
"dreams_batch_13.json","O'zbek","legacy-uz","legacy","1"
"dreams_batch_13.json","Русский","калоши","legacy","1"
"dreams_batch_13.json","English","legacy-en","legacy","1"
"dreams_batch_13.json","O'zbek","legacy-uz","legacy","1"
"dreams_batch_13.json","Русский","камбала","legacy","1"
"dreams_batch_13.json","English","legacy-en","legacy","1"
"dreams_batch_13.json","O'zbek","legacy-uz","legacy","1"
"dreams_batch_13.json","Русский","камелия","legacy","1"
"dreams_batch_13.json","English","legacy-en","legacy","1"
"dreams_batch_13.json","O'zbek","legacy-uz","legacy","1"
"dreams_batch_13.json","Русский","каменщик","legacy","1"
"dreams_batch_13.json","English","legacy-en","legacy","1"
"dreams_batch_13.json","O'zbek","legacy-uz","legacy","1"
"dreams_batch_13.json","Русский","камень","legacy","1"
"dreams_batch_13.json","English","legacy-en","legacy","1"
"dreams_batch_13.json","O'zbek","legacy-uz","legacy","1"
"dreams_batch_13.json","Русский","камера","legacy","1"
"dreams_batch_13.json","English","legacy-en","legacy","1"
"dreams_batch_13.json","O'zbek","legacy-uz","legacy","1"
"dreams_batch_13.json","Русский","камергер","legacy","1"
"dreams_batch_13.json","English","legacy-en","legacy","1"
"dreams_batch_13.json","O'zbek","legacy-uz","legacy","1"
"dreams_batch_13.json","Русский","камердинер","legacy","1"
"dreams_batch_13.json","English","legacy-en","legacy","1"
"dreams_batch_13.json","O'zbek","legacy-uz","legacy","1"
"dreams_batch_13.json","Русский","камертон","legacy","1"
"dreams_batch_13.json","English","legacy-en","legacy","1"
"dreams_batch_13.json","O'zbek","legacy-uz","legacy","1"
"dreams_batch_13.json","Русский","камзол","legacy","1"
"dreams_batch_13.json","English","legacy-en","legacy","1"
"dreams_batch_13.json","O'zbek","legacy-uz","legacy","1"
"dreams_batch_13.json","Русский","камикадзе","legacy","1"
"dreams_batch_13.json","English","legacy-en","legacy","1"
"dreams_batch_13.json","O'zbek","legacy-uz","legacy","1"
"dreams_batch_13.json","Русский","камин","legacy","1"
"dreams_batch_13.json","English","legacy-en","legacy","1"
"dreams_batch_13.json","O'zbek","legacy-uz","legacy","1"
"dreams_batch_13.json","Русский","камнепад","legacy","1"
"dreams_batch_13.json","English","legacy-en","legacy","1"
"dreams_batch_13.json","O'zbek","legacy-uz","legacy","1"
"dreams_batch_13.json","Русский","камнерез","legacy","1"
"dreams_batch_13.json","English","legacy-en","legacy","1"
"dreams_batch_13.json","O'zbek","legacy-uz","legacy","1"
"dreams_batch_13.json","Русский","кампания","legacy","1"
"dreams_batch_13.json","English","legacy-en","legacy","1"
"dreams_batch_13.json","O'zbek","legacy-uz","legacy","1"
"dreams_batch_13.json","Русский","камыш","legacy","1"
"dreams_batch_13.json","English","legacy-en","legacy","1"
"dreams_batch_13.json","O'zbek","legacy-uz","legacy","1"
"dreams_batch_13.json","Русский","канава","legacy","1"
"dreams_batch_13.json","English","legacy-en","legacy","1"
"dreams_batch_13.json","O'zbek","legacy-uz","legacy","1"
"dreams_batch_13.json","Русский","канал","legacy","1"
"dreams_batch_13.json","English","legacy-en","legacy","1"
"dreams_batch_13.json","O'zbek","legacy-uz","legacy","1"
"dreams_batch_13.json","Русский","канарейка","legacy","1"
"dreams_batch_13.json","English","legacy-en","legacy","1"
"dreams_batch_13.json","O'zbek","legacy-uz","legacy","1"
"dreams_batch_13.json","Русский","канат","legacy","1"
"dreams_batch_13.json","English","legacy-en","legacy","1"
"dreams_batch_13.json","O'zbek","legacy-uz","legacy","1"
"dreams_batch_13.json","Русский","кандалы","legacy","1"
"dreams_batch_13.json","English","legacy-en","legacy","1"
"dreams_batch_13.json","O'zbek","legacy-uz","legacy","1"
"dreams_batch_13.json","Русский","кандидат","legacy","1"
"dreams_batch_13.json","English","legacy-en","legacy","1"
"dreams_batch_13.json","O'zbek","legacy-uz","legacy","1"
"dreams_batch_13.json","Русский","каникулы","legacy","1"
"dreams_batch_13.json","English","legacy-en","legacy","1"
"dreams_batch_13.json","O'zbek","legacy-uz","legacy","1"
"dreams_batch_13.json","Русский","канистра","legacy","1"
"dreams_batch_13.json","English","legacy-en","legacy","1"
"dreams_batch_13.json","O'zbek","legacy-uz","legacy","1"
"dreams_batch_13.json","Русский","каннибал","legacy","1"
"dreams_batch_13.json","English","legacy-en","legacy","1"
"dreams_batch_13.json","O'zbek","legacy-uz","legacy","1"
"dreams_batch_13.json","Русский","канон","legacy","1"
"dreams_batch_13.json","English","legacy-en","legacy","1"
"dreams_batch_13.json","O'zbek","legacy-uz","legacy","1"
"dreams_batch_13.json","Русский","канцелярия","legacy","1"
"dreams_batch_13.json","English","legacy-en","legacy","1"
"dreams_batch_13.json","O'zbek","legacy-uz","legacy","1"
"dreams_batch_13.json","Русский","канцлер","legacy","1"
"dreams_batch_13.json","English","legacy-en","legacy","1"
"dreams_batch_13.json","O'zbek","legacy-uz","legacy","1"
"dreams_batch_13.json","Русский","капелла","legacy","1"
"dreams_batch_13.json","English","legacy-en","legacy","1"
"dreams_batch_13.json","O'zbek","legacy-uz","legacy","1"
"dreams_batch_13.json","Русский","капель","legacy","1"
"dreams_batch_13.json","English","legacy-en","legacy","1"
"dreams_batch_13.json","O'zbek","legacy-uz","legacy","1"
"dreams_batch_13.json","Русский","капитал","legacy","1"
"dreams_batch_13.json","English","legacy-en","legacy","1"
"dreams_batch_13.json","O'zbek","legacy-uz","legacy","1"
"dreams_batch_13.json","Русский","капиталист","legacy","1"
"dreams_batch_13.json","English","legacy-en","legacy","1"
"dreams_batch_13.json","O'zbek","legacy-uz","legacy","1"
"dreams_batch_13.json","Русский","капитан","legacy","1"
"dreams_batch_13.json","English","legacy-en","legacy","1"
"dreams_batch_13.json","O'zbek","legacy-uz","legacy","1"
"dreams_batch_13.json","Русский","капитуляция","legacy","1"
"dreams_batch_13.json","English","legacy-en","legacy","1"
"dreams_batch_13.json","O'zbek","legacy-uz","legacy","1"
"dreams_batch_13.json","Русский","капкан","legacy","1"
"dreams_batch_13.json","English","legacy-en","legacy","1"
"dreams_batch_13.json","O'zbek","legacy-uz","legacy","1"
"dreams_batch_13.json","Русский","каплун","legacy","1"
"dreams_batch_13.json","English","legacy-en","legacy","1"
"dreams_batch_13.json","O'zbek","legacy-uz","legacy","1"
"dreams_batch_13.json","Русский","капля","legacy","1"
"dreams_batch_13.json","English","legacy-en","legacy","1"
"dreams_batch_13.json","O'zbek","legacy-uz","legacy","1"
"dreams_batch_13.json","Русский","капор","legacy","1"
"dreams_batch_13.json","English","legacy-en","legacy","1"
"dreams_batch_13.json","O'zbek","legacy-uz","legacy","1"
"dreams_batch_13.json","Русский","капот","legacy","1"
"dreams_batch_13.json","English","legacy-en","legacy","1"
"dreams_batch_13.json","O'zbek","legacy-uz","legacy","1"
"dreams_batch_13.json","Русский","капрал","legacy","1"
"dreams_batch_13.json","English","legacy-en","legacy","1"
"dreams_batch_13.json","O'zbek","legacy-uz","legacy","1"
"dreams_batch_13.json","Русский","каприз","legacy","1"
"dreams_batch_13.json","English","legacy-en","legacy","1"
"dreams_batch_13.json","O'zbek","legacy-uz","legacy","1"
"dreams_batch_14.json","Русский","капсула","legacy","1"
"dreams_batch_14.json","English","legacy-en","legacy","1"
"dreams_batch_14.json","O'zbek","legacy-uz","legacy","1"
"dreams_batch_14.json","Русский","капуста","legacy","1"
"dreams_batch_14.json","English","legacy-en","legacy","1"
"dreams_batch_14.json","O'zbek","legacy-uz","legacy","1"
"dreams_batch_14.json","Русский","капюшон","legacy","1"
"dreams_batch_14.json","English","legacy-en","legacy","1"
"dreams_batch_14.json","O'zbek","legacy-uz","legacy","1"
"dreams_batch_14.json","Русский","кара","legacy","1"
"dreams_batch_14.json","English","legacy-en","legacy","1"
"dreams_batch_14.json","O'zbek","legacy-uz","legacy","1"
"dreams_batch_14.json","Русский","карабин","legacy","1"
"dreams_batch_14.json","English","legacy-en","legacy","1"
"dreams_batch_14.json","O'zbek","legacy-uz","legacy","1"
"dreams_batch_14.json","Русский","каравай","legacy","1"
"dreams_batch_14.json","English","legacy-en","legacy","1"
"dreams_batch_14.json","O'zbek","legacy-uz","legacy","1"
"dreams_batch_14.json","Русский","караван","legacy","1"
"dreams_batch_14.json","English","legacy-en","legacy","1"
"dreams_batch_14.json","O'zbek","legacy-uz","legacy","1"
"dreams_batch_14.json","Русский","каракуль","legacy","1"
"dreams_batch_14.json","English","legacy-en","legacy","1"
"dreams_batch_14.json","O'zbek","legacy-uz","legacy","1"
"dreams_batch_14.json","Русский","карамель","legacy","1"
"dreams_batch_14.json","English","legacy-en","legacy","1"
"dreams_batch_14.json","O'zbek","legacy-uz","legacy","1"
"dreams_batch_14.json","Русский","карандаш","legacy","1"
"dreams_batch_14.json","English","legacy-en","legacy","1"
"dreams_batch_14.json","O'zbek","legacy-uz","legacy","1"
"dreams_batch_14.json","Русский","карантин","legacy","1"
"dreams_batch_14.json","English","legacy-en","legacy","1"
"dreams_batch_14.json","O'zbek","legacy-uz","legacy","1"
"dreams_batch_14.json","Русский","карапуз","legacy","1"
"dreams_batch_14.json","English","legacy-en","legacy","1"
"dreams_batch_14.json","O'zbek","legacy-uz","legacy","1"
"dreams_batch_14.json","Русский","карась","legacy","1"
"dreams_batch_14.json","English","legacy-en","legacy","1"
"dreams_batch_14.json","O'zbek","legacy-uz","legacy","1"
"dreams_batch_14.json","Русский","караул","legacy","1"
"dreams_batch_14.json","English","legacy-en","legacy","1"
"dreams_batch_14.json","O'zbek","legacy-uz","legacy","1"
"dreams_batch_14.json","Русский","караульный","legacy","1"
"dreams_batch_14.json","English","legacy-en","legacy","1"
"dreams_batch_14.json","O'zbek","legacy-uz","legacy","1"
"dreams_batch_14.json","Русский","карбид","legacy","1"
"dreams_batch_14.json","English","legacy-en","legacy","1"
"dreams_batch_14.json","O'zbek","legacy-uz","legacy","1"
"dreams_batch_14.json","Русский","карбонат","legacy","1"
"dreams_batch_14.json","English","legacy-en","legacy","1"
"dreams_batch_14.json","O'zbek","legacy-uz","legacy","1"
"dreams_batch_14.json","Русский","карбункул","legacy","1"
"dreams_batch_14.json","English","legacy-en","legacy","1"
"dreams_batch_14.json","O'zbek","legacy-uz","legacy","1"
"dreams_batch_14.json","Русский","каркас","legacy","1"
"dreams_batch_14.json","English","legacy-en","legacy","1"
"dreams_batch_14.json","O'zbek","legacy-uz","legacy","1"
"dreams_batch_14.json","Русский","карлик","legacy","1"
"dreams_batch_14.json","English","legacy-en","legacy","1"
"dreams_batch_14.json","O'zbek","legacy-uz","legacy","1"
"dreams_batch_14.json","Русский","карма","legacy","1"
"dreams_batch_14.json","English","legacy-en","legacy","1"
"dreams_batch_14.json","O'zbek","legacy-uz","legacy","1"
"dreams_batch_14.json","Русский","карман","legacy","1"
"dreams_batch_14.json","English","legacy-en","legacy","1"
"dreams_batch_14.json","O'zbek","legacy-uz","legacy","1"
"dreams_batch_14.json","Русский","карманник","legacy","1"
"dreams_batch_14.json","English","legacy-en","legacy","1"
"dreams_batch_14.json","O'zbek","legacy-uz","legacy","1"
"dreams_batch_14.json","Русский","карнавал","legacy","1"
"dreams_batch_14.json","English","legacy-en","legacy","1"
"dreams_batch_14.json","O'zbek","legacy-uz","legacy","1"
"dreams_batch_14.json","Русский","карниз","legacy","1"
"dreams_batch_14.json","English","legacy-en","legacy","1"
"dreams_batch_14.json","O'zbek","legacy-uz","legacy","1"
"dreams_batch_14.json","Русский","карта","legacy","1"
"dreams_batch_14.json","English","legacy-en","legacy","1"
"dreams_batch_14.json","O'zbek","legacy-uz","legacy","1"
"dreams_batch_14.json","Русский","картина","legacy","1"
"dreams_batch_14.json","English","legacy-en","legacy","1"
"dreams_batch_14.json","O'zbek","legacy-uz","legacy","1"
"dreams_batch_14.json","Русский","картон","legacy","1"
"dreams_batch_14.json","English","legacy-en","legacy","1"
"dreams_batch_14.json","O'zbek","legacy-uz","legacy","1"
"dreams_batch_14.json","Русский","картотека","legacy","1"
"dreams_batch_14.json","English","legacy-en","legacy","1"
"dreams_batch_14.json","O'zbek","legacy-uz","legacy","1"
"dreams_batch_14.json","Русский","картофель","legacy","1"
"dreams_batch_14.json","English","legacy-en","legacy","1"
"dreams_batch_14.json","O'zbek","legacy-uz","legacy","1"
"dreams_batch_14.json","Русский","картуз","legacy","1"
"dreams_batch_14.json","English","legacy-en","legacy","1"
"dreams_batch_14.json","O'zbek","legacy-uz","legacy","1"
"dreams_batch_14.json","Русский","карусель","legacy","1"
"dreams_batch_14.json","English","legacy-en","legacy","1"
"dreams_batch_14.json","O'zbek","legacy-uz","legacy","1"
"dreams_batch_14.json","Русский","карьер","legacy","1"
"dreams_batch_14.json","English","legacy-en","legacy","1"
"dreams_batch_14.json","O'zbek","legacy-uz","legacy","1"
"dreams_batch_14.json","Русский","карьера","legacy","1"
"dreams_batch_14.json","English","legacy-en","legacy","1"
"dreams_batch_14.json","O'zbek","legacy-uz","legacy","1"
"dreams_batch_14.json","Русский","касание","legacy","1"
"dreams_batch_14.json","English","legacy-en","legacy","1"
"dreams_batch_14.json","O'zbek","legacy-uz","legacy","1"
"dreams_batch_14.json","Русский","каска","legacy","1"
"dreams_batch_14.json","English","legacy-en","legacy","1"
"dreams_batch_14.json","O'zbek","legacy-uz","legacy","1"
"dreams_batch_14.json","Русский","каскад","legacy","1"
"dreams_batch_14.json","English","legacy-en","legacy","1"
"dreams_batch_14.json","O'zbek","legacy-uz","legacy","1"
"dreams_batch_14.json","Русский","касса","legacy","1"
"dreams_batch_14.json","English","legacy-en","legacy","1"
"dreams_batch_14.json","O'zbek","legacy-uz","legacy","1"
"dreams_batch_14.json","Русский","кассета","legacy","1"
"dreams_batch_14.json","English","legacy-en","legacy","1"
"dreams_batch_14.json","O'zbek","legacy-uz","legacy","1"
"dreams_batch_14.json","Русский","кассир","legacy","1"
"dreams_batch_14.json","English","legacy-en","legacy","1"
"dreams_batch_14.json","O'zbek","legacy-uz","legacy","1"
"dreams_batch_14.json","Русский","каста","legacy","1"
"dreams_batch_14.json","English","legacy-en","legacy","1"
"dreams_batch_14.json","O'zbek","legacy-uz","legacy","1"
"dreams_batch_14.json","Русский","кастет","legacy","1"
"dreams_batch_14.json","English","legacy-en","legacy","1"
"dreams_batch_14.json","O'zbek","legacy-uz","legacy","1"
"dreams_batch_14.json","Русский","касторка","legacy","1"
"dreams_batch_14.json","English","legacy-en","legacy","1"
"dreams_batch_14.json","O'zbek","legacy-uz","legacy","1"
"dreams_batch_14.json","Русский","кастрюля","legacy","1"
"dreams_batch_14.json","English","legacy-en","legacy","1"
"dreams_batch_14.json","O'zbek","legacy-uz","legacy","1"
"dreams_batch_14.json","Русский","катакомбы","legacy","1"
"dreams_batch_14.json","English","legacy-en","legacy","1"
"dreams_batch_14.json","O'zbek","legacy-uz","legacy","1"
"dreams_batch_14.json","Русский","каталог","legacy","1"
"dreams_batch_14.json","English","legacy-en","legacy","1"
"dreams_batch_14.json","O'zbek","legacy-uz","legacy","1"
"dreams_batch_14.json","Русский","катапульта","legacy","1"
"dreams_batch_14.json","English","legacy-en","legacy","1"
"dreams_batch_14.json","O'zbek","legacy-uz","legacy","1"
"dreams_batch_14.json","Русский","катастрофа","legacy","1"
"dreams_batch_14.json","English","legacy-en","legacy","1"
"dreams_batch_14.json","O'zbek","legacy-uz","legacy","1"
"dreams_batch_14.json","Русский","катафалк","legacy","1"
"dreams_batch_14.json","English","legacy-en","legacy","1"
"dreams_batch_14.json","O'zbek","legacy-uz","legacy","1"
"dreams_batch_14.json","Русский","катер","legacy","1"
"dreams_batch_14.json","English","legacy-en","legacy","1"
"dreams_batch_14.json","O'zbek","legacy-uz","legacy","1"
"dreams_batch_14.json","Русский","каток","legacy","1"
"dreams_batch_14.json","English","legacy-en","legacy","1"
"dreams_batch_14.json","O'zbek","legacy-uz","legacy","1"
"dreams_batch_14.json","Русский","католик","legacy","1"
"dreams_batch_14.json","English","legacy-en","legacy","1"
"dreams_batch_14.json","O'zbek","legacy-uz","legacy","1"
"dreams_batch_14.json","Русский","каторга","legacy","1"
"dreams_batch_14.json","English","legacy-en","legacy","1"
"dreams_batch_14.json","O'zbek","legacy-uz","legacy","1"
"dreams_batch_14.json","Русский","каторжник","legacy","1"
"dreams_batch_14.json","English","legacy-en","legacy","1"
"dreams_batch_14.json","O'zbek","legacy-uz","legacy","1"
"dreams_batch_14.json","Русский","катушка","legacy","1"
"dreams_batch_14.json","English","legacy-en","legacy","1"
"dreams_batch_14.json","O'zbek","legacy-uz","legacy","1"
"dreams_batch_14.json","Русский","кафе","legacy","1"
"dreams_batch_14.json","English","legacy-en","legacy","1"
"dreams_batch_14.json","O'zbek","legacy-uz","legacy","1"
"dreams_batch_14.json","Русский","кафедра","legacy","1"
"dreams_batch_14.json","English","legacy-en","legacy","1"
"dreams_batch_14.json","O'zbek","legacy-uz","legacy","1"
"dreams_batch_14.json","Русский","кафель","legacy","1"
"dreams_batch_14.json","English","legacy-en","legacy","1"
"dreams_batch_14.json","O'zbek","legacy-uz","legacy","1"
"dreams_batch_14.json","Русский","кафетерий","legacy","1"
"dreams_batch_14.json","English","legacy-en","legacy","1"
"dreams_batch_14.json","O'zbek","legacy-uz","legacy","1"
"dreams_batch_14.json","Русский","кафтан","legacy","1"
"dreams_batch_14.json","English","legacy-en","legacy","1"
"dreams_batch_14.json","O'zbek","legacy-uz","legacy","1"
"dreams_batch_14.json","Русский","качели","legacy","1"
"dreams_batch_14.json","English","legacy-en","legacy","1"
"dreams_batch_14.json","O'zbek","legacy-uz","legacy","1"
"dreams_batch_14.json","Русский","качка","legacy","1"
"dreams_batch_14.json","English","legacy-en","legacy","1"
"dreams_batch_14.json","O'zbek","legacy-uz","legacy","1"
"dreams_batch_14.json","Русский","каша","legacy","1"
"dreams_batch_14.json","English","legacy-en","legacy","1"
"dreams_batch_14.json","O'zbek","legacy-uz","legacy","1"
"dreams_batch_14.json","Русский","кашель","legacy","1"
"dreams_batch_14.json","English","legacy-en","legacy","1"
"dreams_batch_14.json","O'zbek","legacy-uz","legacy","1"
"dreams_batch_14.json","Русский","кашне","legacy","1"
"dreams_batch_14.json","English","legacy-en","legacy","1"
"dreams_batch_14.json","O'zbek","legacy-uz","legacy","1"
"dreams_batch_14.json","Русский","кашпо","legacy","1"
"dreams_batch_14.json","English","legacy-en","legacy","1"
"dreams_batch_14.json","O'zbek","legacy-uz","legacy","1"
"dreams_batch_14.json","Русский","каштан","legacy","1"
"dreams_batch_14.json","English","legacy-en","legacy","1"
"dreams_batch_14.json","O'zbek","legacy-uz","legacy","1"
"dreams_batch_14.json","Русский","каюта","legacy","1"
"dreams_batch_14.json","English","legacy-en","legacy","1"
"dreams_batch_14.json","O'zbek","legacy-uz","legacy","1"
"dreams_batch_14.json","Русский","кающийся","legacy","1"
"dreams_batch_14.json","English","legacy-en","legacy","1"
"dreams_batch_14.json","O'zbek","legacy-uz","legacy","1"
"dreams_batch_14.json","Русский","квадрат","legacy","1"
"dreams_batch_14.json","English","legacy-en","legacy","1"
"dreams_batch_14.json","O'zbek","legacy-uz","legacy","1"
"dreams_batch_14.json","Русский","квадраты","legacy","1"
"dreams_batch_14.json","English","legacy-en","legacy","1"
"dreams_batch_14.json","O'zbek","legacy-uz","legacy","1"
"dreams_batch_14.json","Русский","квартал","legacy","1"
"dreams_batch_14.json","English","legacy-en","legacy","1"
"dreams_batch_14.json","O'zbek","legacy-uz","legacy","1"
"dreams_batch_14.json","Русский","квартира","legacy","1"
"dreams_batch_14.json","English","legacy-en","legacy","1"
"dreams_batch_14.json","O'zbek","legacy-uz","legacy","1"
"dreams_batch_14.json","Русский","квас","legacy","1"
"dreams_batch_14.json","English","legacy-en","legacy","1"
"dreams_batch_14.json","O'zbek","legacy-uz","legacy","1"
"dreams_batch_14.json","Русский","квитанция","legacy","1"
"dreams_batch_14.json","English","legacy-en","legacy","1"
"dreams_batch_14.json","O'zbek","legacy-uz","legacy","1"
"dreams_batch_14.json","Русский","кегля","legacy","1"
"dreams_batch_14.json","English","legacy-en","legacy","1"
"dreams_batch_14.json","O'zbek","legacy-uz","legacy","1"
"dreams_batch_14.json","Русский","кедр","legacy","1"
"dreams_batch_14.json","English","legacy-en","legacy","1"
"dreams_batch_14.json","O'zbek","legacy-uz","legacy","1"
"dreams_batch_14.json","Русский","кекс","legacy","1"
"dreams_batch_14.json","English","legacy-en","legacy","1"
"dreams_batch_14.json","O'zbek","legacy-uz","legacy","1"
"dreams_batch_14.json","Русский","кенгуру","legacy","1"
"dreams_batch_14.json","English","legacy-en","legacy","1"
"dreams_batch_14.json","O'zbek","legacy-uz","legacy","1"
"dreams_batch_14.json","Русский","кепка","legacy","1"
"dreams_batch_14.json","English","legacy-en","legacy","1"
"dreams_batch_14.json","O'zbek","legacy-uz","legacy","1"
"dreams_batch_14.json","Русский","керамика","legacy","1"
"dreams_batch_14.json","English","legacy-en","legacy","1"
"dreams_batch_14.json","O'zbek","legacy-uz","legacy","1"
"dreams_batch_14.json","Русский","керосин","legacy","1"
"dreams_batch_14.json","English","legacy-en","legacy","1"
"dreams_batch_14.json","O'zbek","legacy-uz","legacy","1"
"dreams_batch_14.json","Русский","кетчуп","legacy","1"
"dreams_batch_14.json","English","legacy-en","legacy","1"
"dreams_batch_14.json","O'zbek","legacy-uz","legacy","1"
"dreams_batch_14.json","Русский","киборг","legacy","1"
"dreams_batch_14.json","English","legacy-en","legacy","1"
"dreams_batch_14.json","O'zbek","legacy-uz","legacy","1"
"dreams_batch_14.json","Русский","киви","legacy","1"
"dreams_batch_14.json","English","legacy-en","legacy","1"
"dreams_batch_14.json","O'zbek","legacy-uz","legacy","1"
"dreams_batch_14.json","Русский","кивок","legacy","1"
"dreams_batch_14.json","English","legacy-en","legacy","1"
"dreams_batch_14.json","O'zbek","legacy-uz","legacy","1"
"dreams_batch_14.json","Русский","кидала","legacy","1"
"dreams_batch_14.json","English","legacy-en","legacy","1"
"dreams_batch_14.json","O'zbek","legacy-uz","legacy","1"
"dreams_batch_14.json","Русский","кии","legacy","1"
"dreams_batch_14.json","English","legacy-en","legacy","1"
"dreams_batch_14.json","O'zbek","legacy-uz","legacy","1"
"dreams_batch_14.json","Русский","килограмм","legacy","1"
"dreams_batch_14.json","English","legacy-en","legacy","1"
"dreams_batch_14.json","O'zbek","legacy-uz","legacy","1"
"dreams_batch_14.json","Русский","километр","legacy","1"
"dreams_batch_14.json","English","legacy-en","legacy","1"
"dreams_batch_14.json","O'zbek","legacy-uz","legacy","1"
"dreams_batch_14.json","Русский","киль","legacy","1"
"dreams_batch_14.json","English","legacy-en","legacy","1"
"dreams_batch_14.json","O'zbek","legacy-uz","legacy","1"
"dreams_batch_14.json","Русский","килька","legacy","1"
"dreams_batch_14.json","English","legacy-en","legacy","1"
"dreams_batch_14.json","O'zbek","legacy-uz","legacy","1"
"dreams_batch_14.json","Русский","кимоно","legacy","1"
"dreams_batch_14.json","English","legacy-en","legacy","1"
"dreams_batch_14.json","O'zbek","legacy-uz","legacy","1"
"dreams_batch_14.json","Русский","кипарис","legacy","1"
"dreams_batch_14.json","English","legacy-en","legacy","1"
"dreams_batch_14.json","O'zbek","legacy-uz","legacy","1"
"dreams_batch_14.json","Русский","кипяток","legacy","1"
"dreams_batch_14.json","English","legacy-en","legacy","1"
"dreams_batch_14.json","O'zbek","legacy-uz","legacy","1"
"dreams_batch_14.json","Русский","кирза","legacy","1"
"dreams_batch_14.json","English","legacy-en","legacy","1"
"dreams_batch_14.json","O'zbek","legacy-uz","legacy","1"
"dreams_batch_14.json","Русский","кирка","legacy","1"
"dreams_batch_14.json","English","legacy-en","legacy","1"
"dreams_batch_14.json","O'zbek","legacy-uz","legacy","1"
"dreams_batch_14.json","Русский","кирпич","legacy","1"
"dreams_batch_14.json","English","legacy-en","legacy","1"
"dreams_batch_14.json","O'zbek","legacy-uz","legacy","1"
"dreams_batch_14.json","Русский","кисель","legacy","1"
"dreams_batch_14.json","English","legacy-en","legacy","1"
"dreams_batch_14.json","O'zbek","legacy-uz","legacy","1"
"dreams_batch_14.json","Русский","кислород","legacy","1"
"dreams_batch_14.json","English","legacy-en","legacy","1"
"dreams_batch_14.json","O'zbek","legacy-uz","legacy","1"
"dreams_batch_15.json","Русский","кислота","legacy","1"
"dreams_batch_15.json","English","legacy-en","legacy","1"
"dreams_batch_15.json","O'zbek","legacy-uz","legacy","1"
"dreams_batch_15.json","Русский","кисть","legacy","1"
"dreams_batch_15.json","English","legacy-en","legacy","1"
"dreams_batch_15.json","O'zbek","legacy-uz","legacy","1"
"dreams_batch_15.json","Русский","кит","legacy","1"
"dreams_batch_15.json","English","legacy-en","legacy","1"
"dreams_batch_15.json","O'zbek","legacy-uz","legacy","1"
"dreams_batch_15.json","Русский","кичливость","legacy","1"
"dreams_batch_15.json","English","legacy-en","legacy","1"
"dreams_batch_15.json","O'zbek","legacy-uz","legacy","1"
"dreams_batch_15.json","Русский","кишечник","legacy","1"
"dreams_batch_15.json","English","legacy-en","legacy","1"
"dreams_batch_15.json","O'zbek","legacy-uz","legacy","1"
"dreams_batch_15.json","Русский","клавиатура","legacy","1"
"dreams_batch_15.json","English","legacy-en","legacy","1"
"dreams_batch_15.json","O'zbek","legacy-uz","legacy","1"
"dreams_batch_15.json","Русский","клавиша","legacy","1"
"dreams_batch_15.json","English","legacy-en","legacy","1"
"dreams_batch_15.json","O'zbek","legacy-uz","legacy","1"
"dreams_batch_15.json","Русский","клад","legacy","1"
"dreams_batch_15.json","English","legacy-en","legacy","1"
"dreams_batch_15.json","O'zbek","legacy-uz","legacy","1"
"dreams_batch_15.json","Русский","кладбище","legacy","1"
"dreams_batch_15.json","English","legacy-en","legacy","1"
"dreams_batch_15.json","O'zbek","legacy-uz","legacy","1"
"dreams_batch_15.json","Русский","кладовая","legacy","1"
"dreams_batch_15.json","English","legacy-en","legacy","1"
"dreams_batch_15.json","O'zbek","legacy-uz","legacy","1"
"dreams_batch_15.json","Русский","клаксон","legacy","1"
"dreams_batch_15.json","English","legacy-en","legacy","1"
"dreams_batch_15.json","O'zbek","legacy-uz","legacy","1"
"dreams_batch_15.json","Русский","клан","legacy","1"
"dreams_batch_15.json","English","legacy-en","legacy","1"
"dreams_batch_15.json","O'zbek","legacy-uz","legacy","1"
"dreams_batch_15.json","Русский","клапан","legacy","1"
"dreams_batch_15.json","English","legacy-en","legacy","1"
"dreams_batch_15.json","O'zbek","legacy-uz","legacy","1"
"dreams_batch_15.json","Русский","кларнет","legacy","1"
"dreams_batch_15.json","English","legacy-en","legacy","1"
"dreams_batch_15.json","O'zbek","legacy-uz","legacy","1"
"dreams_batch_15.json","Русский","класс","legacy","1"
"dreams_batch_15.json","English","legacy-en","legacy","1"
"dreams_batch_15.json","O'zbek","legacy-uz","legacy","1"
"dreams_batch_15.json","Русский","классика","legacy","1"
"dreams_batch_15.json","English","legacy-en","legacy","1"
"dreams_batch_15.json","O'zbek","legacy-uz","legacy","1"
"dreams_batch_15.json","Русский","классификация","legacy","1"
"dreams_batch_15.json","English","legacy-en","legacy","1"
"dreams_batch_15.json","O'zbek","legacy-uz","legacy","1"
"dreams_batch_15.json","Русский","клевер","legacy","1"
"dreams_batch_15.json","English","legacy-en","legacy","1"
"dreams_batch_15.json","O'zbek","legacy-uz","legacy","1"
"dreams_batch_15.json","Русский","клевета","legacy","1"
"dreams_batch_15.json","English","legacy-en","legacy","1"
"dreams_batch_15.json","O'zbek","legacy-uz","legacy","1"
"dreams_batch_15.json","Русский","клей","legacy","1"
"dreams_batch_15.json","English","legacy-en","legacy","1"
"dreams_batch_15.json","O'zbek","legacy-uz","legacy","1"
"dreams_batch_15.json","Русский","клеймо","legacy","1"
"dreams_batch_15.json","English","legacy-en","legacy","1"
"dreams_batch_15.json","O'zbek","legacy-uz","legacy","1"
"dreams_batch_15.json","Русский","клен","legacy","1"
"dreams_batch_15.json","English","legacy-en","legacy","1"
"dreams_batch_15.json","O'zbek","legacy-uz","legacy","1"
"dreams_batch_15.json","Русский","клетка","legacy","1"
"dreams_batch_15.json","English","legacy-en","legacy","1"
"dreams_batch_15.json","O'zbek","legacy-uz","legacy","1"
"dreams_batch_15.json","Русский","клеть","legacy","1"
"dreams_batch_15.json","English","legacy-en","legacy","1"
"dreams_batch_15.json","O'zbek","legacy-uz","legacy","1"
"dreams_batch_15.json","Русский","клещ","legacy","1"
"dreams_batch_15.json","English","legacy-en","legacy","1"
"dreams_batch_15.json","O'zbek","legacy-uz","legacy","1"
"dreams_batch_15.json","Русский","клещи","legacy","1"
"dreams_batch_15.json","English","legacy-en","legacy","1"
"dreams_batch_15.json","O'zbek","legacy-uz","legacy","1"
"dreams_batch_15.json","Русский","клиент","legacy","1"
"dreams_batch_15.json","English","legacy-en","legacy","1"
"dreams_batch_15.json","O'zbek","legacy-uz","legacy","1"
"dreams_batch_15.json","Русский","клин","legacy","1"
"dreams_batch_15.json","English","legacy-en","legacy","1"
"dreams_batch_15.json","O'zbek","legacy-uz","legacy","1"
"dreams_batch_15.json","Русский","клиника","legacy","1"
"dreams_batch_15.json","English","legacy-en","legacy","1"
"dreams_batch_15.json","O'zbek","legacy-uz","legacy","1"
"dreams_batch_15.json","Русский","клинок","legacy","1"
"dreams_batch_15.json","English","legacy-en","legacy","1"
"dreams_batch_15.json","O'zbek","legacy-uz","legacy","1"
"dreams_batch_15.json","Русский","клипса","legacy","1"
"dreams_batch_15.json","English","legacy-en","legacy","1"
"dreams_batch_15.json","O'zbek","legacy-uz","legacy","1"
"dreams_batch_15.json","Русский","клоака","legacy","1"
"dreams_batch_15.json","English","legacy-en","legacy","1"
"dreams_batch_15.json","O'zbek","legacy-uz","legacy","1"
"dreams_batch_15.json","Русский","клобук","legacy","1"
"dreams_batch_15.json","English","legacy-en","legacy","1"
"dreams_batch_15.json","O'zbek","legacy-uz","legacy","1"
"dreams_batch_15.json","Русский","клозет","legacy","1"
"dreams_batch_15.json","English","legacy-en","legacy","1"
"dreams_batch_15.json","O'zbek","legacy-uz","legacy","1"
"dreams_batch_15.json","Русский","клок","legacy","1"
"dreams_batch_15.json","English","legacy-en","legacy","1"
"dreams_batch_15.json","O'zbek","legacy-uz","legacy","1"
"dreams_batch_15.json","Русский","клон","legacy","1"
"dreams_batch_15.json","English","legacy-en","legacy","1"
"dreams_batch_15.json","O'zbek","legacy-uz","legacy","1"
"dreams_batch_15.json","Русский","клоп","legacy","1"
"dreams_batch_15.json","English","legacy-en","legacy","1"
"dreams_batch_15.json","O'zbek","legacy-uz","legacy","1"
"dreams_batch_15.json","Русский","клоун","legacy","1"
"dreams_batch_15.json","English","legacy-en","legacy","1"
"dreams_batch_15.json","O'zbek","legacy-uz","legacy","1"
"dreams_batch_15.json","Русский","клуб","legacy","1"
"dreams_batch_15.json","English","legacy-en","legacy","1"
"dreams_batch_15.json","O'zbek","legacy-uz","legacy","1"
"dreams_batch_15.json","Русский","клубок","legacy","1"
"dreams_batch_15.json","English","legacy-en","legacy","1"
"dreams_batch_15.json","O'zbek","legacy-uz","legacy","1"
"dreams_batch_15.json","Русский","клумба","legacy","1"
"dreams_batch_15.json","English","legacy-en","legacy","1"
"dreams_batch_15.json","O'zbek","legacy-uz","legacy","1"
"dreams_batch_15.json","Русский","клык","legacy","1"
"dreams_batch_15.json","English","legacy-en","legacy","1"
"dreams_batch_15.json","O'zbek","legacy-uz","legacy","1"
"dreams_batch_15.json","Русский","клюв","legacy","1"
"dreams_batch_15.json","English","legacy-en","legacy","1"
"dreams_batch_15.json","O'zbek","legacy-uz","legacy","1"
"dreams_batch_15.json","Русский","ключ","legacy","1"
"dreams_batch_15.json","English","legacy-en","legacy","1"
"dreams_batch_15.json","O'zbek","legacy-uz","legacy","1"
"dreams_batch_15.json","Русский","клякса","legacy","1"
"dreams_batch_15.json","English","legacy-en","legacy","1"
"dreams_batch_15.json","O'zbek","legacy-uz","legacy","1"
"dreams_batch_15.json","Русский","клятва","legacy","1"
"dreams_batch_15.json","English","legacy-en","legacy","1"
"dreams_batch_15.json","O'zbek","legacy-uz","legacy","1"
"dreams_batch_15.json","Русский","кляузник","legacy","1"
"dreams_batch_15.json","English","legacy-en","legacy","1"
"dreams_batch_15.json","O'zbek","legacy-uz","legacy","1"
"dreams_batch_15.json","Русский","кляча","legacy","1"
"dreams_batch_15.json","English","legacy-en","legacy","1"
"dreams_batch_15.json","O'zbek","legacy-uz","legacy","1"
"dreams_batch_15.json","Русский","книга","legacy","1"
"dreams_batch_15.json","English","legacy-en","legacy","1"
"dreams_batch_15.json","O'zbek","legacy-uz","legacy","1"
"dreams_batch_15.json","Русский","книголюб","legacy","1"
"dreams_batch_15.json","English","legacy-en","legacy","1"
"dreams_batch_15.json","O'zbek","legacy-uz","legacy","1"
"dreams_batch_15.json","Русский","книжка","legacy","1"
"dreams_batch_15.json","English","legacy-en","legacy","1"
"dreams_batch_15.json","O'zbek","legacy-uz","legacy","1"
"dreams_batch_15.json","Русский","кнопка","legacy","1"
"dreams_batch_15.json","English","legacy-en","legacy","1"
"dreams_batch_15.json","O'zbek","legacy-uz","legacy","1"
"dreams_batch_15.json","Русский","кнут","legacy","1"
"dreams_batch_15.json","English","legacy-en","legacy","1"
"dreams_batch_15.json","O'zbek","legacy-uz","legacy","1"
"dreams_batch_15.json","Русский","кнуты","legacy","1"
"dreams_batch_15.json","English","legacy-en","legacy","1"
"dreams_batch_15.json","O'zbek","legacy-uz","legacy","1"
"dreams_batch_15.json","Русский","князь","legacy","1"
"dreams_batch_15.json","English","legacy-en","legacy","1"
"dreams_batch_15.json","O'zbek","legacy-uz","legacy","1"
"dreams_batch_15.json","Русский","кобра","legacy","1"
"dreams_batch_15.json","English","legacy-en","legacy","1"
"dreams_batch_15.json","O'zbek","legacy-uz","legacy","1"
"dreams_batch_15.json","Русский","кобура","legacy","1"
"dreams_batch_15.json","English","legacy-en","legacy","1"
"dreams_batch_15.json","O'zbek","legacy-uz","legacy","1"
"dreams_batch_15.json","Русский","кобыла","legacy","1"
"dreams_batch_15.json","English","legacy-en","legacy","1"
"dreams_batch_15.json","O'zbek","legacy-uz","legacy","1"
"dreams_batch_15.json","Русский","коварство","legacy","1"
"dreams_batch_15.json","English","legacy-en","legacy","1"
"dreams_batch_15.json","O'zbek","legacy-uz","legacy","1"
"dreams_batch_15.json","Русский","ковбой","legacy","1"
"dreams_batch_15.json","English","legacy-en","legacy","1"
"dreams_batch_15.json","O'zbek","legacy-uz","legacy","1"
"dreams_batch_15.json","Русский","ковер","legacy","1"
"dreams_batch_15.json","English","legacy-en","legacy","1"
"dreams_batch_15.json","O'zbek","legacy-uz","legacy","1"
"dreams_batch_15.json","Русский","ковчег","legacy","1"
"dreams_batch_15.json","English","legacy-en","legacy","1"
"dreams_batch_15.json","O'zbek","legacy-uz","legacy","1"
"dreams_batch_15.json","Русский","ковш","legacy","1"
"dreams_batch_15.json","English","legacy-en","legacy","1"
"dreams_batch_15.json","O'zbek","legacy-uz","legacy","1"
"dreams_batch_15.json","Русский","ковыль","legacy","1"
"dreams_batch_15.json","English","legacy-en","legacy","1"
"dreams_batch_15.json","O'zbek","legacy-uz","legacy","1"
"dreams_batch_15.json","Русский","коготь","legacy","1"
"dreams_batch_15.json","English","legacy-en","legacy","1"
"dreams_batch_15.json","O'zbek","legacy-uz","legacy","1"
"dreams_batch_15.json","Русский","когть","legacy","1"
"dreams_batch_15.json","English","legacy-en","legacy","1"
"dreams_batch_15.json","O'zbek","legacy-uz","legacy","1"
"dreams_batch_15.json","Русский","кодекс","legacy","1"
"dreams_batch_15.json","English","legacy-en","legacy","1"
"dreams_batch_15.json","O'zbek","legacy-uz","legacy","1"
"dreams_batch_15.json","Русский","кожа","legacy","1"
"dreams_batch_15.json","English","legacy-en","legacy","1"
"dreams_batch_15.json","O'zbek","legacy-uz","legacy","1"
"dreams_batch_15.json","Русский","кожура","legacy","1"
"dreams_batch_15.json","English","legacy-en","legacy","1"
"dreams_batch_15.json","O'zbek","legacy-uz","legacy","1"
"dreams_batch_15.json","Русский","коза","legacy","1"
"dreams_batch_15.json","English","legacy-en","legacy","1"
"dreams_batch_15.json","O'zbek","legacy-uz","legacy","1"
"dreams_batch_15.json","Русский","козырек","legacy","1"
"dreams_batch_15.json","English","legacy-en","legacy","1"
"dreams_batch_15.json","O'zbek","legacy-uz","legacy","1"
"dreams_batch_15.json","Русский","козырь","legacy","1"
"dreams_batch_15.json","English","legacy-en","legacy","1"
"dreams_batch_15.json","O'zbek","legacy-uz","legacy","1"
"dreams_batch_15.json","Русский","койка","legacy","1"
"dreams_batch_15.json","English","legacy-en","legacy","1"
"dreams_batch_15.json","O'zbek","legacy-uz","legacy","1"
"dreams_batch_15.json","Русский","кок","legacy","1"
"dreams_batch_15.json","English","legacy-en","legacy","1"
"dreams_batch_15.json","O'zbek","legacy-uz","legacy","1"
"dreams_batch_15.json","Русский","кокон","legacy","1"
"dreams_batch_15.json","English","legacy-en","legacy","1"
"dreams_batch_15.json","O'zbek","legacy-uz","legacy","1"
"dreams_batch_15.json","Русский","кокос","legacy","1"
"dreams_batch_15.json","English","legacy-en","legacy","1"
"dreams_batch_15.json","O'zbek","legacy-uz","legacy","1"
"dreams_batch_15.json","Русский","кол","legacy","1"
"dreams_batch_15.json","English","legacy-en","legacy","1"
"dreams_batch_15.json","O'zbek","legacy-uz","legacy","1"
"dreams_batch_15.json","Русский","колбаса","legacy","1"
"dreams_batch_15.json","English","legacy-en","legacy","1"
"dreams_batch_15.json","O'zbek","legacy-uz","legacy","1"
"dreams_batch_15.json","Русский","колдун","legacy","1"
"dreams_batch_15.json","English","legacy-en","legacy","1"
"dreams_batch_15.json","O'zbek","legacy-uz","legacy","1"
"dreams_batch_15.json","Русский","колебание","legacy","1"
"dreams_batch_15.json","English","legacy-en","legacy","1"
"dreams_batch_15.json","O'zbek","legacy-uz","legacy","1"
"dreams_batch_15.json","Русский","колено","legacy","1"
"dreams_batch_15.json","English","legacy-en","legacy","1"
"dreams_batch_15.json","O'zbek","legacy-uz","legacy","1"
"dreams_batch_15.json","Русский","коленопреклонение","legacy","1"
"dreams_batch_15.json","English","legacy-en","legacy","1"
"dreams_batch_15.json","O'zbek","legacy-uz","legacy","1"
"dreams_batch_15.json","Русский","колесник","legacy","1"
"dreams_batch_15.json","English","legacy-en","legacy","1"
"dreams_batch_15.json","O'zbek","legacy-uz","legacy","1"
"dreams_batch_15.json","Русский","колесница","legacy","1"
"dreams_batch_15.json","English","legacy-en","legacy","1"
"dreams_batch_15.json","O'zbek","legacy-uz","legacy","1"
"dreams_batch_15.json","Русский","колесо","legacy","1"
"dreams_batch_15.json","English","legacy-en","legacy","1"
"dreams_batch_15.json","O'zbek","legacy-uz","legacy","1"
"dreams_batch_15.json","Русский","колея","legacy","1"
"dreams_batch_15.json","English","legacy-en","legacy","1"
"dreams_batch_15.json","O'zbek","legacy-uz","legacy","1"
"dreams_batch_15.json","Русский","коллега","legacy","1"
"dreams_batch_15.json","English","legacy-en","legacy","1"
"dreams_batch_15.json","O'zbek","legacy-uz","legacy","1"
"dreams_batch_15.json","Русский","коллектив","legacy","1"
"dreams_batch_15.json","English","legacy-en","legacy","1"
"dreams_batch_15.json","O'zbek","legacy-uz","legacy","1"
"dreams_batch_15.json","Русский","коллекция","legacy","1"
"dreams_batch_15.json","English","legacy-en","legacy","1"
"dreams_batch_15.json","O'zbek","legacy-uz","legacy","1"
"dreams_batch_15.json","Русский","коллизия","legacy","1"
"dreams_batch_15.json","English","legacy-en","legacy","1"
"dreams_batch_15.json","O'zbek","legacy-uz","legacy","1"
"dreams_batch_15.json","Русский","колодец","legacy","1"
"dreams_batch_15.json","English","legacy-en","legacy","1"
"dreams_batch_15.json","O'zbek","legacy-uz","legacy","1"
"dreams_batch_15.json","Русский","колокол","legacy","1"
"dreams_batch_15.json","English","legacy-en","legacy","1"
"dreams_batch_15.json","O'zbek","legacy-uz","legacy","1"
"dreams_batch_15.json","Русский","колокольчик","legacy","1"
"dreams_batch_15.json","English","legacy-en","legacy","1"
"dreams_batch_15.json","O'zbek","legacy-uz","legacy","1"
"dreams_batch_15.json","Русский","колонна","legacy","1"
"dreams_batch_15.json","English","legacy-en","legacy","1"
"dreams_batch_15.json","O'zbek","legacy-uz","legacy","1"
"dreams_batch_15.json","Русский","колоннада","legacy","1"
"dreams_batch_15.json","English","legacy-en","legacy","1"
"dreams_batch_15.json","O'zbek","legacy-uz","legacy","1"
"dreams_batch_15.json","Русский","колос","legacy","1"
"dreams_batch_15.json","English","legacy-en","legacy","1"
"dreams_batch_15.json","O'zbek","legacy-uz","legacy","1"
"dreams_batch_15.json","Русский","колоссальность","legacy","1"
"dreams_batch_15.json","English","legacy-en","legacy","1"
"dreams_batch_15.json","O'zbek","legacy-uz","legacy","1"
"dreams_batch_15.json","Русский","колотушка","legacy","1"
"dreams_batch_15.json","English","legacy-en","legacy","1"
"dreams_batch_15.json","O'zbek","legacy-uz","legacy","1"
"dreams_batch_15.json","Русский","колпак","legacy","1"
"dreams_batch_15.json","English","legacy-en","legacy","1"
"dreams_batch_15.json","O'zbek","legacy-uz","legacy","1"
"dreams_batch_15.json","Русский","колтун","legacy","1"
"dreams_batch_15.json","English","legacy-en","legacy","1"
"dreams_batch_15.json","O'zbek","legacy-uz","legacy","1"
"dreams_batch_16.json","Русский","колчан","legacy","1"
"dreams_batch_16.json","English","legacy-en","legacy","1"
"dreams_batch_16.json","O'zbek","legacy-uz","legacy","1"
"dreams_batch_16.json","Русский","колыбель","legacy","1"
"dreams_batch_16.json","English","legacy-en","legacy","1"
"dreams_batch_16.json","O'zbek","legacy-uz","legacy","1"
"dreams_batch_16.json","Русский","колымага","legacy","1"
"dreams_batch_16.json","English","legacy-en","legacy","1"
"dreams_batch_16.json","O'zbek","legacy-uz","legacy","1"
"dreams_batch_16.json","Русский","колье","legacy","1"
"dreams_batch_16.json","English","legacy-en","legacy","1"
"dreams_batch_16.json","O'zbek","legacy-uz","legacy","1"
"dreams_batch_16.json","Русский","кольцо","legacy","1"
"dreams_batch_16.json","English","legacy-en","legacy","1"
"dreams_batch_16.json","O'zbek","legacy-uz","legacy","1"
"dreams_batch_16.json","Русский","коляска","legacy","1"
"dreams_batch_16.json","English","legacy-en","legacy","1"
"dreams_batch_16.json","O'zbek","legacy-uz","legacy","1"
"dreams_batch_16.json","Русский","команда","legacy","1"
"dreams_batch_16.json","English","legacy-en","legacy","1"
"dreams_batch_16.json","O'zbek","legacy-uz","legacy","1"
"dreams_batch_16.json","Русский","командир","legacy","1"
"dreams_batch_16.json","English","legacy-en","legacy","1"
"dreams_batch_16.json","O'zbek","legacy-uz","legacy","1"
"dreams_batch_16.json","Русский","командировка","legacy","1"
"dreams_batch_16.json","English","legacy-en","legacy","1"
"dreams_batch_16.json","O'zbek","legacy-uz","legacy","1"
"dreams_batch_16.json","Русский","командование","legacy","1"
"dreams_batch_16.json","English","legacy-en","legacy","1"
"dreams_batch_16.json","O'zbek","legacy-uz","legacy","1"
"dreams_batch_16.json","Русский","комар","legacy","1"
"dreams_batch_16.json","English","legacy-en","legacy","1"
"dreams_batch_16.json","O'zbek","legacy-uz","legacy","1"
"dreams_batch_16.json","Русский","комедия","legacy","1"
"dreams_batch_16.json","English","legacy-en","legacy","1"
"dreams_batch_16.json","O'zbek","legacy-uz","legacy","1"
"dreams_batch_16.json","Русский","комета","legacy","1"
"dreams_batch_16.json","English","legacy-en","legacy","1"
"dreams_batch_16.json","O'zbek","legacy-uz","legacy","1"
"dreams_batch_16.json","Русский","комик","legacy","1"
"dreams_batch_16.json","English","legacy-en","legacy","1"
"dreams_batch_16.json","O'zbek","legacy-uz","legacy","1"
"dreams_batch_16.json","Русский","комиссия","legacy","1"
"dreams_batch_16.json","English","legacy-en","legacy","1"
"dreams_batch_16.json","O'zbek","legacy-uz","legacy","1"
"dreams_batch_16.json","Русский","комитет","legacy","1"
"dreams_batch_16.json","English","legacy-en","legacy","1"
"dreams_batch_16.json","O'zbek","legacy-uz","legacy","1"
"dreams_batch_16.json","Русский","комментарий","legacy","1"
"dreams_batch_16.json","English","legacy-en","legacy","1"
"dreams_batch_16.json","O'zbek","legacy-uz","legacy","1"
"dreams_batch_16.json","Русский","коммерция","legacy","1"
"dreams_batch_16.json","English","legacy-en","legacy","1"
"dreams_batch_16.json","O'zbek","legacy-uz","legacy","1"
"dreams_batch_16.json","Русский","коммуналка","legacy","1"
"dreams_batch_16.json","English","legacy-en","legacy","1"
"dreams_batch_16.json","O'zbek","legacy-uz","legacy","1"
"dreams_batch_16.json","Русский","комната","legacy","1"
"dreams_batch_16.json","English","legacy-en","legacy","1"
"dreams_batch_16.json","O'zbek","legacy-uz","legacy","1"
"dreams_batch_16.json","Русский","компания","legacy","1"
"dreams_batch_16.json","English","legacy-en","legacy","1"
"dreams_batch_16.json","O'zbek","legacy-uz","legacy","1"
"dreams_batch_16.json","Русский","компаньон","legacy","1"
"dreams_batch_16.json","English","legacy-en","legacy","1"
"dreams_batch_16.json","O'zbek","legacy-uz","legacy","1"
"dreams_batch_16.json","Русский","компас","legacy","1"
"dreams_batch_16.json","English","legacy-en","legacy","1"
"dreams_batch_16.json","O'zbek","legacy-uz","legacy","1"
"dreams_batch_16.json","Русский","компенсация","legacy","1"
"dreams_batch_16.json","English","legacy-en","legacy","1"
"dreams_batch_16.json","O'zbek","legacy-uz","legacy","1"
"dreams_batch_16.json","Русский","комплимент","legacy","1"
"dreams_batch_16.json","English","legacy-en","legacy","1"
"dreams_batch_16.json","O'zbek","legacy-uz","legacy","1"
"dreams_batch_16.json","Русский","композитор","legacy","1"
"dreams_batch_16.json","English","legacy-en","legacy","1"
"dreams_batch_16.json","O'zbek","legacy-uz","legacy","1"
"dreams_batch_16.json","Русский","компьютер","legacy","1"
"dreams_batch_16.json","English","legacy-en","legacy","1"
"dreams_batch_16.json","O'zbek","legacy-uz","legacy","1"
"dreams_batch_16.json","Русский","конвейер","legacy","1"
"dreams_batch_16.json","English","legacy-en","legacy","1"
"dreams_batch_16.json","O'zbek","legacy-uz","legacy","1"
"dreams_batch_16.json","Русский","конверт","legacy","1"
"dreams_batch_16.json","English","legacy-en","legacy","1"
"dreams_batch_16.json","O'zbek","legacy-uz","legacy","1"
"dreams_batch_16.json","Русский","кондитер","legacy","1"
"dreams_batch_16.json","English","legacy-en","legacy","1"
"dreams_batch_16.json","O'zbek","legacy-uz","legacy","1"
"dreams_batch_16.json","Русский","кондуктор","legacy","1"
"dreams_batch_16.json","English","legacy-en","legacy","1"
"dreams_batch_16.json","O'zbek","legacy-uz","legacy","1"
"dreams_batch_16.json","Русский","конец","legacy","1"
"dreams_batch_16.json","English","legacy-en","legacy","1"
"dreams_batch_16.json","O'zbek","legacy-uz","legacy","1"
"dreams_batch_16.json","Русский","конкурент","legacy","1"
"dreams_batch_16.json","English","legacy-en","legacy","1"
"dreams_batch_16.json","O'zbek","legacy-uz","legacy","1"
"dreams_batch_16.json","Русский","конкуренция","legacy","1"
"dreams_batch_16.json","English","legacy-en","legacy","1"
"dreams_batch_16.json","O'zbek","legacy-uz","legacy","1"
"dreams_batch_16.json","Русский","конкурс","legacy","1"
"dreams_batch_16.json","English","legacy-en","legacy","1"
"dreams_batch_16.json","O'zbek","legacy-uz","legacy","1"
"dreams_batch_16.json","Русский","конный","legacy","1"
"dreams_batch_16.json","English","legacy-en","legacy","1"
"dreams_batch_16.json","O'zbek","legacy-uz","legacy","1"
"dreams_batch_16.json","Русский","конспект","legacy","1"
"dreams_batch_16.json","English","legacy-en","legacy","1"
"dreams_batch_16.json","O'zbek","legacy-uz","legacy","1"
"dreams_batch_16.json","Русский","консультация","legacy","1"
"dreams_batch_16.json","English","legacy-en","legacy","1"
"dreams_batch_16.json","O'zbek","legacy-uz","legacy","1"
"dreams_batch_16.json","Русский","контакт","legacy","1"
"dreams_batch_16.json","English","legacy-en","legacy","1"
"dreams_batch_16.json","O'zbek","legacy-uz","legacy","1"
"dreams_batch_16.json","Русский","контора","legacy","1"
"dreams_batch_16.json","English","legacy-en","legacy","1"
"dreams_batch_16.json","O'zbek","legacy-uz","legacy","1"
"dreams_batch_16.json","Русский","контракт","legacy","1"
"dreams_batch_16.json","English","legacy-en","legacy","1"
"dreams_batch_16.json","O'zbek","legacy-uz","legacy","1"
"dreams_batch_16.json","Русский","контраст","legacy","1"
"dreams_batch_16.json","English","legacy-en","legacy","1"
"dreams_batch_16.json","O'zbek","legacy-uz","legacy","1"
"dreams_batch_16.json","Русский","контролер","legacy","1"
"dreams_batch_16.json","English","legacy-en","legacy","1"
"dreams_batch_16.json","O'zbek","legacy-uz","legacy","1"
"dreams_batch_16.json","Русский","контроль","legacy","1"
"dreams_batch_16.json","English","legacy-en","legacy","1"
"dreams_batch_16.json","O'zbek","legacy-uz","legacy","1"
"dreams_batch_16.json","Русский","контур","legacy","1"
"dreams_batch_16.json","English","legacy-en","legacy","1"
"dreams_batch_16.json","O'zbek","legacy-uz","legacy","1"
"dreams_batch_16.json","Русский","конура","legacy","1"
"dreams_batch_16.json","English","legacy-en","legacy","1"
"dreams_batch_16.json","O'zbek","legacy-uz","legacy","1"
"dreams_batch_16.json","Русский","конфедерация","legacy","1"
"dreams_batch_16.json","English","legacy-en","legacy","1"
"dreams_batch_16.json","O'zbek","legacy-uz","legacy","1"
"dreams_batch_16.json","Русский","конференция","legacy","1"
"dreams_batch_16.json","English","legacy-en","legacy","1"
"dreams_batch_16.json","O'zbek","legacy-uz","legacy","1"
"dreams_batch_16.json","Русский","конфета","legacy","1"
"dreams_batch_16.json","English","legacy-en","legacy","1"
"dreams_batch_16.json","O'zbek","legacy-uz","legacy","1"
"dreams_batch_16.json","Русский","конфетти","legacy","1"
"dreams_batch_16.json","English","legacy-en","legacy","1"
"dreams_batch_16.json","O'zbek","legacy-uz","legacy","1"
"dreams_batch_16.json","Русский","конфеты","legacy","1"
"dreams_batch_16.json","English","legacy-en","legacy","1"
"dreams_batch_16.json","O'zbek","legacy-uz","legacy","1"
"dreams_batch_16.json","Русский","конфигурация","legacy","1"
"dreams_batch_16.json","English","legacy-en","legacy","1"
"dreams_batch_16.json","O'zbek","legacy-uz","legacy","1"
"dreams_batch_16.json","Русский","конфиденциальность","legacy","1"
"dreams_batch_16.json","English","legacy-en","legacy","1"
"dreams_batch_16.json","O'zbek","legacy-uz","legacy","1"
"dreams_batch_16.json","Русский","конфискация","legacy","1"
"dreams_batch_16.json","English","legacy-en","legacy","1"
"dreams_batch_16.json","O'zbek","legacy-uz","legacy","1"
"dreams_batch_16.json","Русский","конфликт","legacy","1"
"dreams_batch_16.json","English","legacy-en","legacy","1"
"dreams_batch_16.json","O'zbek","legacy-uz","legacy","1"
"dreams_batch_16.json","Русский","конфорка","legacy","1"
"dreams_batch_16.json","English","legacy-en","legacy","1"
"dreams_batch_16.json","O'zbek","legacy-uz","legacy","1"
"dreams_batch_16.json","Русский","конфуз","legacy","1"
"dreams_batch_16.json","English","legacy-en","legacy","1"
"dreams_batch_16.json","O'zbek","legacy-uz","legacy","1"
"dreams_batch_16.json","Русский","конфуцианство","legacy","1"
"dreams_batch_16.json","English","legacy-en","legacy","1"
"dreams_batch_16.json","O'zbek","legacy-uz","legacy","1"
"dreams_batch_16.json","Русский","концентрация","legacy","1"
"dreams_batch_16.json","English","legacy-en","legacy","1"
"dreams_batch_16.json","O'zbek","legacy-uz","legacy","1"
"dreams_batch_16.json","Русский","концепция","legacy","1"
"dreams_batch_16.json","English","legacy-en","legacy","1"
"dreams_batch_16.json","O'zbek","legacy-uz","legacy","1"
"dreams_batch_16.json","Русский","концерт","legacy","1"
"dreams_batch_16.json","English","legacy-en","legacy","1"
"dreams_batch_16.json","O'zbek","legacy-uz","legacy","1"
"dreams_batch_16.json","Русский","кончина","legacy","1"
"dreams_batch_16.json","English","legacy-en","legacy","1"
"dreams_batch_16.json","O'zbek","legacy-uz","legacy","1"
"dreams_batch_16.json","Русский","конь","legacy","1"
"dreams_batch_16.json","English","legacy-en","legacy","1"
"dreams_batch_16.json","O'zbek","legacy-uz","legacy","1"
"dreams_batch_16.json","Русский","коньяк","legacy","1"
"dreams_batch_16.json","English","legacy-en","legacy","1"
"dreams_batch_16.json","O'zbek","legacy-uz","legacy","1"
"dreams_batch_16.json","Русский","конюх","legacy","1"
"dreams_batch_16.json","English","legacy-en","legacy","1"
"dreams_batch_16.json","O'zbek","legacy-uz","legacy","1"
"dreams_batch_16.json","Русский","конюшня","legacy","1"
"dreams_batch_16.json","English","legacy-en","legacy","1"
"dreams_batch_16.json","O'zbek","legacy-uz","legacy","1"
"dreams_batch_16.json","Русский","коняга","legacy","1"
"dreams_batch_16.json","English","legacy-en","legacy","1"
"dreams_batch_16.json","O'zbek","legacy-uz","legacy","1"
"dreams_batch_16.json","Русский","кооператив","legacy","1"
"dreams_batch_16.json","English","legacy-en","legacy","1"
"dreams_batch_16.json","O'zbek","legacy-uz","legacy","1"
"dreams_batch_16.json","Русский","копание","legacy","1"
"dreams_batch_16.json","English","legacy-en","legacy","1"
"dreams_batch_16.json","O'zbek","legacy-uz","legacy","1"
"dreams_batch_16.json","Русский","копать","legacy","1"
"dreams_batch_16.json","English","legacy-en","legacy","1"
"dreams_batch_16.json","O'zbek","legacy-uz","legacy","1"
"dreams_batch_16.json","Русский","копейка","legacy","1"
"dreams_batch_16.json","English","legacy-en","legacy","1"
"dreams_batch_16.json","O'zbek","legacy-uz","legacy","1"
"dreams_batch_16.json","Русский","копилка","legacy","1"
"dreams_batch_16.json","English","legacy-en","legacy","1"
"dreams_batch_16.json","O'zbek","legacy-uz","legacy","1"
"dreams_batch_16.json","Русский","копна","legacy","1"
"dreams_batch_16.json","English","legacy-en","legacy","1"
"dreams_batch_16.json","O'zbek","legacy-uz","legacy","1"
"dreams_batch_16.json","Русский","копчение","legacy","1"
"dreams_batch_16.json","English","legacy-en","legacy","1"
"dreams_batch_16.json","O'zbek","legacy-uz","legacy","1"
"dreams_batch_16.json","Русский","копченость","legacy","1"
"dreams_batch_16.json","English","legacy-en","legacy","1"
"dreams_batch_16.json","O'zbek","legacy-uz","legacy","1"
"dreams_batch_16.json","Русский","копыто","legacy","1"
"dreams_batch_16.json","English","legacy-en","legacy","1"
"dreams_batch_16.json","O'zbek","legacy-uz","legacy","1"
"dreams_batch_16.json","Русский","копье","legacy","1"
"dreams_batch_16.json","English","legacy-en","legacy","1"
"dreams_batch_16.json","O'zbek","legacy-uz","legacy","1"
"dreams_batch_16.json","Русский","кора","legacy","1"
"dreams_batch_16.json","English","legacy-en","legacy","1"
"dreams_batch_16.json","O'zbek","legacy-uz","legacy","1"
"dreams_batch_16.json","Русский","кораблекрушение","legacy","1"
"dreams_batch_16.json","English","legacy-en","legacy","1"
"dreams_batch_16.json","O'zbek","legacy-uz","legacy","1"
"dreams_batch_16.json","Русский","корабль","legacy","1"
"dreams_batch_16.json","English","legacy-en","legacy","1"
"dreams_batch_16.json","O'zbek","legacy-uz","legacy","1"
"dreams_batch_16.json","Русский","коралл","legacy","1"
"dreams_batch_16.json","English","legacy-en","legacy","1"
"dreams_batch_16.json","O'zbek","legacy-uz","legacy","1"
"dreams_batch_16.json","Русский","коран","legacy","1"
"dreams_batch_16.json","English","legacy-en","legacy","1"
"dreams_batch_16.json","O'zbek","legacy-uz","legacy","1"
"dreams_batch_16.json","Русский","корзина","legacy","1"
"dreams_batch_16.json","English","legacy-en","legacy","1"
"dreams_batch_16.json","O'zbek","legacy-uz","legacy","1"
"dreams_batch_16.json","Русский","коридор","legacy","1"
"dreams_batch_16.json","English","legacy-en","legacy","1"
"dreams_batch_16.json","O'zbek","legacy-uz","legacy","1"
"dreams_batch_16.json","Русский","корица","legacy","1"
"dreams_batch_16.json","English","legacy-en","legacy","1"
"dreams_batch_16.json","O'zbek","legacy-uz","legacy","1"
"dreams_batch_16.json","Русский","корка","legacy","1"
"dreams_batch_16.json","English","legacy-en","legacy","1"
"dreams_batch_16.json","O'zbek","legacy-uz","legacy","1"
"dreams_batch_16.json","Русский","кормить","legacy","1"
"dreams_batch_16.json","English","legacy-en","legacy","1"
"dreams_batch_16.json","O'zbek","legacy-uz","legacy","1"
"dreams_batch_16.json","Русский","кормление","legacy","1"
"dreams_batch_16.json","English","legacy-en","legacy","1"
"dreams_batch_16.json","O'zbek","legacy-uz","legacy","1"
"dreams_batch_16.json","Русский","кормчий","legacy","1"
"dreams_batch_16.json","English","legacy-en","legacy","1"
"dreams_batch_16.json","O'zbek","legacy-uz","legacy","1"
"dreams_batch_16.json","Русский","корнеплод","legacy","1"
"dreams_batch_16.json","English","legacy-en","legacy","1"
"dreams_batch_16.json","O'zbek","legacy-uz","legacy","1"
"dreams_batch_16.json","Русский","корни","legacy","1"
"dreams_batch_16.json","English","legacy-en","legacy","1"
"dreams_batch_16.json","O'zbek","legacy-uz","legacy","1"
"dreams_batch_16.json","Русский","коробка","legacy","1"
"dreams_batch_16.json","English","legacy-en","legacy","1"
"dreams_batch_16.json","O'zbek","legacy-uz","legacy","1"
"dreams_batch_16.json","Русский","корова","legacy","1"
"dreams_batch_16.json","English","legacy-en","legacy","1"
"dreams_batch_16.json","O'zbek","legacy-uz","legacy","1"
"dreams_batch_16.json","Русский","король","legacy","1"
"dreams_batch_16.json","English","legacy-en","legacy","1"
"dreams_batch_16.json","O'zbek","legacy-uz","legacy","1"
"dreams_batch_16.json","Русский","коромысло","legacy","1"
"dreams_batch_16.json","English","legacy-en","legacy","1"
"dreams_batch_16.json","O'zbek","legacy-uz","legacy","1"
"dreams_batch_16.json","Русский","корона","legacy","1"
"dreams_batch_16.json","English","legacy-en","legacy","1"
"dreams_batch_16.json","O'zbek","legacy-uz","legacy","1"
"dreams_batch_16.json","Русский","коронация","legacy","1"
"dreams_batch_16.json","English","legacy-en","legacy","1"
"dreams_batch_16.json","O'zbek","legacy-uz","legacy","1"
"dreams_batch_16.json","Русский","корректор","legacy","1"
"dreams_batch_16.json","English","legacy-en","legacy","1"
"dreams_batch_16.json","O'zbek","legacy-uz","legacy","1"
"dreams_batch_16.json","Русский","корреспондент","legacy","1"
"dreams_batch_16.json","English","legacy-en","legacy","1"
"dreams_batch_16.json","O'zbek","legacy-uz","legacy","1"
"dreams_batch_16.json","Русский","коррупция","legacy","1"
"dreams_batch_16.json","English","legacy-en","legacy","1"
"dreams_batch_16.json","O'zbek","legacy-uz","legacy","1"
"dreams_batch_17.json","Русский","корсаж","legacy","1"
"dreams_batch_17.json","English","legacy-en","legacy","1"
"dreams_batch_17.json","O'zbek","legacy-uz","legacy","1"
"dreams_batch_17.json","Русский","корсет","legacy","1"
"dreams_batch_17.json","English","legacy-en","legacy","1"
"dreams_batch_17.json","O'zbek","legacy-uz","legacy","1"
"dreams_batch_17.json","Русский","кортеж","legacy","1"
"dreams_batch_17.json","English","legacy-en","legacy","1"
"dreams_batch_17.json","O'zbek","legacy-uz","legacy","1"
"dreams_batch_17.json","Русский","кортик","legacy","1"
"dreams_batch_17.json","English","legacy-en","legacy","1"
"dreams_batch_17.json","O'zbek","legacy-uz","legacy","1"
"dreams_batch_17.json","Русский","корчма","legacy","1"
"dreams_batch_17.json","English","legacy-en","legacy","1"
"dreams_batch_17.json","O'zbek","legacy-uz","legacy","1"
"dreams_batch_17.json","Русский","коршун","legacy","1"
"dreams_batch_17.json","English","legacy-en","legacy","1"
"dreams_batch_17.json","O'zbek","legacy-uz","legacy","1"
"dreams_batch_17.json","Русский","корысть","legacy","1"
"dreams_batch_17.json","English","legacy-en","legacy","1"
"dreams_batch_17.json","O'zbek","legacy-uz","legacy","1"
"dreams_batch_17.json","Русский","корыто","legacy","1"
"dreams_batch_17.json","English","legacy-en","legacy","1"
"dreams_batch_17.json","O'zbek","legacy-uz","legacy","1"
"dreams_batch_17.json","Русский","коса","legacy","1"
"dreams_batch_17.json","English","legacy-en","legacy","1"
"dreams_batch_17.json","O'zbek","legacy-uz","legacy","1"
"dreams_batch_17.json","Русский","косарь","legacy","1"
"dreams_batch_17.json","English","legacy-en","legacy","1"
"dreams_batch_17.json","O'zbek","legacy-uz","legacy","1"
"dreams_batch_17.json","Русский","косилка","legacy","1"
"dreams_batch_17.json","English","legacy-en","legacy","1"
"dreams_batch_17.json","O'zbek","legacy-uz","legacy","1"
"dreams_batch_17.json","Русский","косметика","legacy","1"
"dreams_batch_17.json","English","legacy-en","legacy","1"
"dreams_batch_17.json","O'zbek","legacy-uz","legacy","1"
"dreams_batch_17.json","Русский","космос","legacy","1"
"dreams_batch_17.json","English","legacy-en","legacy","1"
"dreams_batch_17.json","O'zbek","legacy-uz","legacy","1"
"dreams_batch_17.json","Русский","косовица","legacy","1"
"dreams_batch_17.json","English","legacy-en","legacy","1"
"dreams_batch_17.json","O'zbek","legacy-uz","legacy","1"
"dreams_batch_17.json","Русский","косоглазие","legacy","1"
"dreams_batch_17.json","English","legacy-en","legacy","1"
"dreams_batch_17.json","O'zbek","legacy-uz","legacy","1"
"dreams_batch_17.json","Русский","костер","legacy","1"
"dreams_batch_17.json","English","legacy-en","legacy","1"
"dreams_batch_17.json","O'zbek","legacy-uz","legacy","1"
"dreams_batch_17.json","Русский","кость","legacy","1"
"dreams_batch_17.json","English","legacy-en","legacy","1"
"dreams_batch_17.json","O'zbek","legacy-uz","legacy","1"
"dreams_batch_17.json","Русский","костюм","legacy","1"
"dreams_batch_17.json","English","legacy-en","legacy","1"
"dreams_batch_17.json","O'zbek","legacy-uz","legacy","1"
"dreams_batch_17.json","Русский","косяк","legacy","1"
"dreams_batch_17.json","English","legacy-en","legacy","1"
"dreams_batch_17.json","O'zbek","legacy-uz","legacy","1"
"dreams_batch_17.json","Русский","кот","legacy","1"
"dreams_batch_17.json","English","legacy-en","legacy","1"
"dreams_batch_17.json","O'zbek","legacy-uz","legacy","1"
"dreams_batch_17.json","Русский","котел","legacy","1"
"dreams_batch_17.json","English","legacy-en","legacy","1"
"dreams_batch_17.json","O'zbek","legacy-uz","legacy","1"
"dreams_batch_17.json","Русский","котелок","legacy","1"
"dreams_batch_17.json","English","legacy-en","legacy","1"
"dreams_batch_17.json","O'zbek","legacy-uz","legacy","1"
"dreams_batch_17.json","Русский","котенок","legacy","1"
"dreams_batch_17.json","English","legacy-en","legacy","1"
"dreams_batch_17.json","O'zbek","legacy-uz","legacy","1"
"dreams_batch_17.json","Русский","котировка","legacy","1"
"dreams_batch_17.json","English","legacy-en","legacy","1"
"dreams_batch_17.json","O'zbek","legacy-uz","legacy","1"
"dreams_batch_17.json","Русский","котлета","legacy","1"
"dreams_batch_17.json","English","legacy-en","legacy","1"
"dreams_batch_17.json","O'zbek","legacy-uz","legacy","1"
"dreams_batch_17.json","Русский","котлован","legacy","1"
"dreams_batch_17.json","English","legacy-en","legacy","1"
"dreams_batch_17.json","O'zbek","legacy-uz","legacy","1"
"dreams_batch_17.json","Русский","кофе","legacy","1"
"dreams_batch_17.json","English","legacy-en","legacy","1"
"dreams_batch_17.json","O'zbek","legacy-uz","legacy","1"
"dreams_batch_17.json","Русский","кофта","legacy","1"
"dreams_batch_17.json","English","legacy-en","legacy","1"
"dreams_batch_17.json","O'zbek","legacy-uz","legacy","1"
"dreams_batch_17.json","Русский","кохля","legacy","1"
"dreams_batch_17.json","English","legacy-en","legacy","1"
"dreams_batch_17.json","O'zbek","legacy-uz","legacy","1"
"dreams_batch_17.json","Русский","кочевник","legacy","1"
"dreams_batch_17.json","English","legacy-en","legacy","1"
"dreams_batch_17.json","O'zbek","legacy-uz","legacy","1"
"dreams_batch_17.json","Русский","кочегар","legacy","1"
"dreams_batch_17.json","English","legacy-en","legacy","1"
"dreams_batch_17.json","O'zbek","legacy-uz","legacy","1"
"dreams_batch_17.json","Русский","кочерга","legacy","1"
"dreams_batch_17.json","English","legacy-en","legacy","1"
"dreams_batch_17.json","O'zbek","legacy-uz","legacy","1"
"dreams_batch_17.json","Русский","кочет","legacy","1"
"dreams_batch_17.json","English","legacy-en","legacy","1"
"dreams_batch_17.json","O'zbek","legacy-uz","legacy","1"
"dreams_batch_17.json","Русский","кочка","legacy","1"
"dreams_batch_17.json","English","legacy-en","legacy","1"
"dreams_batch_17.json","O'zbek","legacy-uz","legacy","1"
"dreams_batch_17.json","Русский","кошелек","legacy","1"
"dreams_batch_17.json","English","legacy-en","legacy","1"
"dreams_batch_17.json","O'zbek","legacy-uz","legacy","1"
"dreams_batch_17.json","Русский","кошель","legacy","1"
"dreams_batch_17.json","English","legacy-en","legacy","1"
"dreams_batch_17.json","O'zbek","legacy-uz","legacy","1"
"dreams_batch_17.json","Русский","кошка","legacy","1"
"dreams_batch_17.json","English","legacy-en","legacy","1"
"dreams_batch_17.json","O'zbek","legacy-uz","legacy","1"
"dreams_batch_17.json","Русский","кошмар","legacy","1"
"dreams_batch_17.json","English","legacy-en","legacy","1"
"dreams_batch_17.json","O'zbek","legacy-uz","legacy","1"
"dreams_batch_17.json","Русский","кошница","legacy","1"
"dreams_batch_17.json","English","legacy-en","legacy","1"
"dreams_batch_17.json","O'zbek","legacy-uz","legacy","1"
"dreams_batch_17.json","Русский","кощунство","legacy","1"
"dreams_batch_17.json","English","legacy-en","legacy","1"
"dreams_batch_17.json","O'zbek","legacy-uz","legacy","1"
"dreams_batch_17.json","Русский","краб","legacy","1"
"dreams_batch_17.json","English","legacy-en","legacy","1"
"dreams_batch_17.json","O'zbek","legacy-uz","legacy","1"
"dreams_batch_17.json","Русский","краеугольный камень","legacy","1"
"dreams_batch_17.json","English","legacy-en","legacy","1"
"dreams_batch_17.json","O'zbek","legacy-uz","legacy","1"
"dreams_batch_17.json","Русский","кража","legacy","1"
"dreams_batch_17.json","English","legacy-en","legacy","1"
"dreams_batch_17.json","O'zbek","legacy-uz","legacy","1"
"dreams_batch_17.json","Русский","кран","legacy","1"
"dreams_batch_17.json","English","legacy-en","legacy","1"
"dreams_batch_17.json","O'zbek","legacy-uz","legacy","1"
"dreams_batch_17.json","Русский","крапива","legacy","1"
"dreams_batch_17.json","English","legacy-en","legacy","1"
"dreams_batch_17.json","O'zbek","legacy-uz","legacy","1"
"dreams_batch_17.json","Русский","красавица","legacy","1"
"dreams_batch_17.json","English","legacy-en","legacy","1"
"dreams_batch_17.json","O'zbek","legacy-uz","legacy","1"
"dreams_batch_17.json","Русский","красавчик","legacy","1"
"dreams_batch_17.json","English","legacy-en","legacy","1"
"dreams_batch_17.json","O'zbek","legacy-uz","legacy","1"
"dreams_batch_17.json","Русский","красильня","legacy","1"
"dreams_batch_17.json","English","legacy-en","legacy","1"
"dreams_batch_17.json","O'zbek","legacy-uz","legacy","1"
"dreams_batch_17.json","Русский","красильщик","legacy","1"
"dreams_batch_17.json","English","legacy-en","legacy","1"
"dreams_batch_17.json","O'zbek","legacy-uz","legacy","1"
"dreams_batch_17.json","Русский","краска","legacy","1"
"dreams_batch_17.json","English","legacy-en","legacy","1"
"dreams_batch_17.json","O'zbek","legacy-uz","legacy","1"
"dreams_batch_17.json","Русский","красота","legacy","1"
"dreams_batch_17.json","English","legacy-en","legacy","1"
"dreams_batch_17.json","O'zbek","legacy-uz","legacy","1"
"dreams_batch_17.json","Русский","кратер","legacy","1"
"dreams_batch_17.json","English","legacy-en","legacy","1"
"dreams_batch_17.json","O'zbek","legacy-uz","legacy","1"
"dreams_batch_17.json","Русский","крах","legacy","1"
"dreams_batch_17.json","English","legacy-en","legacy","1"
"dreams_batch_17.json","O'zbek","legacy-uz","legacy","1"
"dreams_batch_17.json","Русский","крачка","legacy","1"
"dreams_batch_17.json","English","legacy-en","legacy","1"
"dreams_batch_17.json","O'zbek","legacy-uz","legacy","1"
"dreams_batch_17.json","Русский","креветка","legacy","1"
"dreams_batch_17.json","English","legacy-en","legacy","1"
"dreams_batch_17.json","O'zbek","legacy-uz","legacy","1"
"dreams_batch_17.json","Русский","кредит","legacy","1"
"dreams_batch_17.json","English","legacy-en","legacy","1"
"dreams_batch_17.json","O'zbek","legacy-uz","legacy","1"
"dreams_batch_17.json","Русский","кредитор","legacy","1"
"dreams_batch_17.json","English","legacy-en","legacy","1"
"dreams_batch_17.json","O'zbek","legacy-uz","legacy","1"
"dreams_batch_17.json","Русский","крематорий","legacy","1"
"dreams_batch_17.json","English","legacy-en","legacy","1"
"dreams_batch_17.json","O'zbek","legacy-uz","legacy","1"
"dreams_batch_17.json","Русский","кремень","legacy","1"
"dreams_batch_17.json","English","legacy-en","legacy","1"
"dreams_batch_17.json","O'zbek","legacy-uz","legacy","1"
"dreams_batch_17.json","Русский","кремль","legacy","1"
"dreams_batch_17.json","English","legacy-en","legacy","1"
"dreams_batch_17.json","O'zbek","legacy-uz","legacy","1"
"dreams_batch_17.json","Русский","крен","legacy","1"
"dreams_batch_17.json","English","legacy-en","legacy","1"
"dreams_batch_17.json","O'zbek","legacy-uz","legacy","1"
"dreams_batch_17.json","Русский","крепость","legacy","1"
"dreams_batch_17.json","English","legacy-en","legacy","1"
"dreams_batch_17.json","O'zbek","legacy-uz","legacy","1"
"dreams_batch_17.json","Русский","кресло","legacy","1"
"dreams_batch_17.json","English","legacy-en","legacy","1"
"dreams_batch_17.json","O'zbek","legacy-uz","legacy","1"
"dreams_batch_17.json","Русский","крест","legacy","1"
"dreams_batch_17.json","English","legacy-en","legacy","1"
"dreams_batch_17.json","O'zbek","legacy-uz","legacy","1"
"dreams_batch_17.json","Русский","крестный","legacy","1"
"dreams_batch_17.json","English","legacy-en","legacy","1"
"dreams_batch_17.json","O'zbek","legacy-uz","legacy","1"
"dreams_batch_17.json","Русский","крещение","legacy","1"
"dreams_batch_17.json","English","legacy-en","legacy","1"
"dreams_batch_17.json","O'zbek","legacy-uz","legacy","1"
"dreams_batch_17.json","Русский","кризис","legacy","1"
"dreams_batch_17.json","English","legacy-en","legacy","1"
"dreams_batch_17.json","O'zbek","legacy-uz","legacy","1"
"dreams_batch_17.json","Русский","крик","legacy","1"
"dreams_batch_17.json","English","legacy-en","legacy","1"
"dreams_batch_17.json","O'zbek","legacy-uz","legacy","1"
"dreams_batch_17.json","Русский","криминалист","legacy","1"
"dreams_batch_17.json","English","legacy-en","legacy","1"
"dreams_batch_17.json","O'zbek","legacy-uz","legacy","1"
"dreams_batch_17.json","Русский","кристалл","legacy","1"
"dreams_batch_17.json","English","legacy-en","legacy","1"
"dreams_batch_17.json","O'zbek","legacy-uz","legacy","1"
"dreams_batch_17.json","Русский","критик","legacy","1"
"dreams_batch_17.json","English","legacy-en","legacy","1"
"dreams_batch_17.json","O'zbek","legacy-uz","legacy","1"
"dreams_batch_17.json","Русский","критика","legacy","1"
"dreams_batch_17.json","English","legacy-en","legacy","1"
"dreams_batch_17.json","O'zbek","legacy-uz","legacy","1"
"dreams_batch_17.json","Русский","кровать","legacy","1"
"dreams_batch_17.json","English","legacy-en","legacy","1"
"dreams_batch_17.json","O'zbek","legacy-uz","legacy","1"
"dreams_batch_17.json","Русский","кровля","legacy","1"
"dreams_batch_17.json","English","legacy-en","legacy","1"
"dreams_batch_17.json","O'zbek","legacy-uz","legacy","1"
"dreams_batch_17.json","Русский","кровь","legacy","1"
"dreams_batch_17.json","English","legacy-en","legacy","1"
"dreams_batch_17.json","O'zbek","legacy-uz","legacy","1"
"dreams_batch_17.json","Русский","крокодил","legacy","1"
"dreams_batch_17.json","English","legacy-en","legacy","1"
"dreams_batch_17.json","O'zbek","legacy-uz","legacy","1"
"dreams_batch_17.json","Русский","кролик","legacy","1"
"dreams_batch_17.json","English","legacy-en","legacy","1"
"dreams_batch_17.json","O'zbek","legacy-uz","legacy","1"
"dreams_batch_17.json","Русский","кромка","legacy","1"
"dreams_batch_17.json","English","legacy-en","legacy","1"
"dreams_batch_17.json","O'zbek","legacy-uz","legacy","1"
"dreams_batch_17.json","Русский","кропотливость","legacy","1"
"dreams_batch_17.json","English","legacy-en","legacy","1"
"dreams_batch_17.json","O'zbek","legacy-uz","legacy","1"
"dreams_batch_17.json","Русский","кросно","legacy","1"
"dreams_batch_17.json","English","legacy-en","legacy","1"
"dreams_batch_17.json","O'zbek","legacy-uz","legacy","1"
"dreams_batch_17.json","Русский","кросс","legacy","1"
"dreams_batch_17.json","English","legacy-en","legacy","1"
"dreams_batch_17.json","O'zbek","legacy-uz","legacy","1"
"dreams_batch_17.json","Русский","кроссворд","legacy","1"
"dreams_batch_17.json","English","legacy-en","legacy","1"
"dreams_batch_17.json","O'zbek","legacy-uz","legacy","1"
"dreams_batch_17.json","Русский","крот","legacy","1"
"dreams_batch_17.json","English","legacy-en","legacy","1"
"dreams_batch_17.json","O'zbek","legacy-uz","legacy","1"
"dreams_batch_17.json","Русский","кротость","legacy","1"
"dreams_batch_17.json","English","legacy-en","legacy","1"
"dreams_batch_17.json","O'zbek","legacy-uz","legacy","1"
"dreams_batch_17.json","Русский","кроха","legacy","1"
"dreams_batch_17.json","English","legacy-en","legacy","1"
"dreams_batch_17.json","O'zbek","legacy-uz","legacy","1"
"dreams_batch_17.json","Русский","крохобор","legacy","1"
"dreams_batch_17.json","English","legacy-en","legacy","1"
"dreams_batch_17.json","O'zbek","legacy-uz","legacy","1"
"dreams_batch_17.json","Русский","круг","legacy","1"
"dreams_batch_17.json","English","legacy-en","legacy","1"
"dreams_batch_17.json","O'zbek","legacy-uz","legacy","1"
"dreams_batch_17.json","Русский","кружево","legacy","1"
"dreams_batch_17.json","English","legacy-en","legacy","1"
"dreams_batch_17.json","O'zbek","legacy-uz","legacy","1"
"dreams_batch_17.json","Русский","кружка","legacy","1"
"dreams_batch_17.json","English","legacy-en","legacy","1"
"dreams_batch_17.json","O'zbek","legacy-uz","legacy","1"
"dreams_batch_17.json","Русский","круиз","legacy","1"
"dreams_batch_17.json","English","legacy-en","legacy","1"
"dreams_batch_17.json","O'zbek","legacy-uz","legacy","1"
"dreams_batch_17.json","Русский","крупа","legacy","1"
"dreams_batch_17.json","English","legacy-en","legacy","1"
"dreams_batch_17.json","O'zbek","legacy-uz","legacy","1"
"dreams_batch_17.json","Русский","крупье","legacy","1"
"dreams_batch_17.json","English","legacy-en","legacy","1"
"dreams_batch_17.json","O'zbek","legacy-uz","legacy","1"
"dreams_batch_17.json","Русский","крутизна","legacy","1"
"dreams_batch_17.json","English","legacy-en","legacy","1"
"dreams_batch_17.json","O'zbek","legacy-uz","legacy","1"
"dreams_batch_17.json","Русский","круча","legacy","1"
"dreams_batch_17.json","English","legacy-en","legacy","1"
"dreams_batch_17.json","O'zbek","legacy-uz","legacy","1"
"dreams_batch_17.json","Русский","крыжовник","legacy","1"
"dreams_batch_17.json","English","legacy-en","legacy","1"
"dreams_batch_17.json","O'zbek","legacy-uz","legacy","1"
"dreams_batch_17.json","Русский","крыло","legacy","1"
"dreams_batch_17.json","English","legacy-en","legacy","1"
"dreams_batch_17.json","O'zbek","legacy-uz","legacy","1"
"dreams_batch_17.json","Русский","крыльцо","legacy","1"
"dreams_batch_17.json","English","legacy-en","legacy","1"
"dreams_batch_17.json","O'zbek","legacy-uz","legacy","1"
"dreams_batch_17.json","Русский","крыса","legacy","1"
"dreams_batch_17.json","English","legacy-en","legacy","1"
"dreams_batch_17.json","O'zbek","legacy-uz","legacy","1"
"dreams_batch_17.json","Русский","крыша","legacy","1"
"dreams_batch_17.json","English","legacy-en","legacy","1"
"dreams_batch_17.json","O'zbek","legacy-uz","legacy","1"
"dreams_batch_17.json","Русский","крюк","legacy","1"
"dreams_batch_17.json","English","legacy-en","legacy","1"
"dreams_batch_17.json","O'zbek","legacy-uz","legacy","1"
"dreams_batch_18.json","Русский","куб","legacy","1"
"dreams_batch_18.json","English","legacy-en","legacy","1"
"dreams_batch_18.json","O'zbek","legacy-uz","legacy","1"
"dreams_batch_18.json","Русский","кубанка","legacy","1"
"dreams_batch_18.json","English","legacy-en","legacy","1"
"dreams_batch_18.json","O'zbek","legacy-uz","legacy","1"
"dreams_batch_18.json","Русский","кубок","legacy","1"
"dreams_batch_18.json","English","legacy-en","legacy","1"
"dreams_batch_18.json","O'zbek","legacy-uz","legacy","1"
"dreams_batch_18.json","Русский","кубрик","legacy","1"
"dreams_batch_18.json","English","legacy-en","legacy","1"
"dreams_batch_18.json","O'zbek","legacy-uz","legacy","1"
"dreams_batch_18.json","Русский","кувалда","legacy","1"
"dreams_batch_18.json","English","legacy-en","legacy","1"
"dreams_batch_18.json","O'zbek","legacy-uz","legacy","1"
"dreams_batch_18.json","Русский","кувшин","legacy","1"
"dreams_batch_18.json","English","legacy-en","legacy","1"
"dreams_batch_18.json","O'zbek","legacy-uz","legacy","1"
"dreams_batch_18.json","Русский","кузнец","legacy","1"
"dreams_batch_18.json","English","legacy-en","legacy","1"
"dreams_batch_18.json","O'zbek","legacy-uz","legacy","1"
"dreams_batch_18.json","Русский","кузница","legacy","1"
"dreams_batch_18.json","English","legacy-en","legacy","1"
"dreams_batch_18.json","O'zbek","legacy-uz","legacy","1"
"dreams_batch_18.json","Русский","кузов","legacy","1"
"dreams_batch_18.json","English","legacy-en","legacy","1"
"dreams_batch_18.json","O'zbek","legacy-uz","legacy","1"
"dreams_batch_18.json","Русский","кукла","legacy","1"
"dreams_batch_18.json","English","legacy-en","legacy","1"
"dreams_batch_18.json","O'zbek","legacy-uz","legacy","1"
"dreams_batch_18.json","Русский","кукуруза","legacy","1"
"dreams_batch_18.json","English","legacy-en","legacy","1"
"dreams_batch_18.json","O'zbek","legacy-uz","legacy","1"
"dreams_batch_18.json","Русский","кукушка","legacy","1"
"dreams_batch_18.json","English","legacy-en","legacy","1"
"dreams_batch_18.json","O'zbek","legacy-uz","legacy","1"
"dreams_batch_18.json","Русский","кулак","legacy","1"
"dreams_batch_18.json","English","legacy-en","legacy","1"
"dreams_batch_18.json","O'zbek","legacy-uz","legacy","1"
"dreams_batch_18.json","Русский","кулан","legacy","1"
"dreams_batch_18.json","English","legacy-en","legacy","1"
"dreams_batch_18.json","O'zbek","legacy-uz","legacy","1"
"dreams_batch_18.json","Русский","кулебяка","legacy","1"
"dreams_batch_18.json","English","legacy-en","legacy","1"
"dreams_batch_18.json","O'zbek","legacy-uz","legacy","1"
"dreams_batch_18.json","Русский","кулинария","legacy","1"
"dreams_batch_18.json","English","legacy-en","legacy","1"
"dreams_batch_18.json","O'zbek","legacy-uz","legacy","1"
"dreams_batch_18.json","Русский","кулон","legacy","1"
"dreams_batch_18.json","English","legacy-en","legacy","1"
"dreams_batch_18.json","O'zbek","legacy-uz","legacy","1"
"dreams_batch_18.json","Русский","кульминация","legacy","1"
"dreams_batch_18.json","English","legacy-en","legacy","1"
"dreams_batch_18.json","O'zbek","legacy-uz","legacy","1"
"dreams_batch_18.json","Русский","культ","legacy","1"
"dreams_batch_18.json","English","legacy-en","legacy","1"
"dreams_batch_18.json","O'zbek","legacy-uz","legacy","1"
"dreams_batch_18.json","Русский","культура","legacy","1"
"dreams_batch_18.json","English","legacy-en","legacy","1"
"dreams_batch_18.json","O'zbek","legacy-uz","legacy","1"
"dreams_batch_18.json","Русский","кум","legacy","1"
"dreams_batch_18.json","English","legacy-en","legacy","1"
"dreams_batch_18.json","O'zbek","legacy-uz","legacy","1"
"dreams_batch_18.json","Русский","кума","legacy","1"
"dreams_batch_18.json","English","legacy-en","legacy","1"
"dreams_batch_18.json","O'zbek","legacy-uz","legacy","1"
"dreams_batch_18.json","Русский","кумир","legacy","1"
"dreams_batch_18.json","English","legacy-en","legacy","1"
"dreams_batch_18.json","O'zbek","legacy-uz","legacy","1"
"dreams_batch_18.json","Русский","кумыс","legacy","1"
"dreams_batch_18.json","English","legacy-en","legacy","1"
"dreams_batch_18.json","O'zbek","legacy-uz","legacy","1"
"dreams_batch_18.json","Русский","куница","legacy","1"
"dreams_batch_18.json","English","legacy-en","legacy","1"
"dreams_batch_18.json","O'zbek","legacy-uz","legacy","1"
"dreams_batch_18.json","Русский","купание","legacy","1"
"dreams_batch_18.json","English","legacy-en","legacy","1"
"dreams_batch_18.json","O'zbek","legacy-uz","legacy","1"
"dreams_batch_18.json","Русский","купе","legacy","1"
"dreams_batch_18.json","English","legacy-en","legacy","1"
"dreams_batch_18.json","O'zbek","legacy-uz","legacy","1"
"dreams_batch_18.json","Русский","купель","legacy","1"
"dreams_batch_18.json","English","legacy-en","legacy","1"
"dreams_batch_18.json","O'zbek","legacy-uz","legacy","1"
"dreams_batch_18.json","Русский","купена","legacy","1"
"dreams_batch_18.json","English","legacy-en","legacy","1"
"dreams_batch_18.json","O'zbek","legacy-uz","legacy","1"
"dreams_batch_18.json","Русский","купер","legacy","1"
"dreams_batch_18.json","English","legacy-en","legacy","1"
"dreams_batch_18.json","O'zbek","legacy-uz","legacy","1"
"dreams_batch_18.json","Русский","купец","legacy","1"
"dreams_batch_18.json","English","legacy-en","legacy","1"
"dreams_batch_18.json","O'zbek","legacy-uz","legacy","1"
"dreams_batch_18.json","Русский","купидон","legacy","1"
"dreams_batch_18.json","English","legacy-en","legacy","1"
"dreams_batch_18.json","O'zbek","legacy-uz","legacy","1"
"dreams_batch_18.json","Русский","куплетист","legacy","1"
"dreams_batch_18.json","English","legacy-en","legacy","1"
"dreams_batch_18.json","O'zbek","legacy-uz","legacy","1"
"dreams_batch_18.json","Русский","купол","legacy","1"
"dreams_batch_18.json","English","legacy-en","legacy","1"
"dreams_batch_18.json","O'zbek","legacy-uz","legacy","1"
"dreams_batch_18.json","Русский","купон","legacy","1"
"dreams_batch_18.json","English","legacy-en","legacy","1"
"dreams_batch_18.json","O'zbek","legacy-uz","legacy","1"
"dreams_batch_18.json","Русский","купорос","legacy","1"
"dreams_batch_18.json","English","legacy-en","legacy","1"
"dreams_batch_18.json","O'zbek","legacy-uz","legacy","1"
"dreams_batch_18.json","Русский","кура","legacy","1"
"dreams_batch_18.json","English","legacy-en","legacy","1"
"dreams_batch_18.json","O'zbek","legacy-uz","legacy","1"
"dreams_batch_18.json","Русский","кураж","legacy","1"
"dreams_batch_18.json","English","legacy-en","legacy","1"
"dreams_batch_18.json","O'zbek","legacy-uz","legacy","1"
"dreams_batch_18.json","Русский","куратор","legacy","1"
"dreams_batch_18.json","English","legacy-en","legacy","1"
"dreams_batch_18.json","O'zbek","legacy-uz","legacy","1"
"dreams_batch_18.json","Русский","курган","legacy","1"
"dreams_batch_18.json","English","legacy-en","legacy","1"
"dreams_batch_18.json","O'zbek","legacy-uz","legacy","1"
"dreams_batch_18.json","Русский","курение","legacy","1"
"dreams_batch_18.json","English","legacy-en","legacy","1"
"dreams_batch_18.json","O'zbek","legacy-uz","legacy","1"
"dreams_batch_18.json","Русский","курица","legacy","1"
"dreams_batch_18.json","English","legacy-en","legacy","1"
"dreams_batch_18.json","O'zbek","legacy-uz","legacy","1"
"dreams_batch_18.json","Русский","курорт","legacy","1"
"dreams_batch_18.json","English","legacy-en","legacy","1"
"dreams_batch_18.json","O'zbek","legacy-uz","legacy","1"
"dreams_batch_18.json","Русский","курс","legacy","1"
"dreams_batch_18.json","English","legacy-en","legacy","1"
"dreams_batch_18.json","O'zbek","legacy-uz","legacy","1"
"dreams_batch_18.json","Русский","курсант","legacy","1"
"dreams_batch_18.json","English","legacy-en","legacy","1"
"dreams_batch_18.json","O'zbek","legacy-uz","legacy","1"
"dreams_batch_18.json","Русский","куртка","legacy","1"
"dreams_batch_18.json","English","legacy-en","legacy","1"
"dreams_batch_18.json","O'zbek","legacy-uz","legacy","1"
"dreams_batch_18.json","Русский","курятник","legacy","1"
"dreams_batch_18.json","English","legacy-en","legacy","1"
"dreams_batch_18.json","O'zbek","legacy-uz","legacy","1"
"dreams_batch_18.json","Русский","кусок","legacy","1"
"dreams_batch_18.json","English","legacy-en","legacy","1"
"dreams_batch_18.json","O'zbek","legacy-uz","legacy","1"
"dreams_batch_18.json","Русский","куст","legacy","1"
"dreams_batch_18.json","English","legacy-en","legacy","1"
"dreams_batch_18.json","O'zbek","legacy-uz","legacy","1"
"dreams_batch_18.json","Русский","кусты","legacy","1"
"dreams_batch_18.json","English","legacy-en","legacy","1"
"dreams_batch_18.json","O'zbek","legacy-uz","legacy","1"
"dreams_batch_18.json","Русский","кутила","legacy","1"
"dreams_batch_18.json","English","legacy-en","legacy","1"
"dreams_batch_18.json","O'zbek","legacy-uz","legacy","1"
"dreams_batch_18.json","Русский","кухня","legacy","1"
"dreams_batch_18.json","English","legacy-en","legacy","1"
"dreams_batch_18.json","O'zbek","legacy-uz","legacy","1"
"dreams_batch_18.json","Русский","кучер","legacy","1"
"dreams_batch_18.json","English","legacy-en","legacy","1"
"dreams_batch_18.json","O'zbek","legacy-uz","legacy","1"
"dreams_batch_18.json","Русский","кушетка","legacy","1"
"dreams_batch_18.json","English","legacy-en","legacy","1"
"dreams_batch_18.json","O'zbek","legacy-uz","legacy","1"
"dreams_batch_18.json","Русский","куща","legacy","1"
"dreams_batch_18.json","English","legacy-en","legacy","1"
"dreams_batch_18.json","O'zbek","legacy-uz","legacy","1"
"dreams_batch_18.json","Русский","лабиринт","legacy","1"
"dreams_batch_18.json","English","legacy-en","legacy","1"
"dreams_batch_18.json","O'zbek","legacy-uz","legacy","1"
"dreams_batch_18.json","Русский","лаборатория","legacy","1"
"dreams_batch_18.json","English","legacy-en","legacy","1"
"dreams_batch_18.json","O'zbek","legacy-uz","legacy","1"
"dreams_batch_18.json","Русский","лаванда","legacy","1"
"dreams_batch_18.json","English","legacy-en","legacy","1"
"dreams_batch_18.json","O'zbek","legacy-uz","legacy","1"
"dreams_batch_18.json","Русский","лавина","legacy","1"
"dreams_batch_18.json","English","legacy-en","legacy","1"
"dreams_batch_18.json","O'zbek","legacy-uz","legacy","1"
"dreams_batch_18.json","Русский","лавка","legacy","1"
"dreams_batch_18.json","English","legacy-en","legacy","1"
"dreams_batch_18.json","O'zbek","legacy-uz","legacy","1"
"dreams_batch_18.json","Русский","лавр","legacy","1"
"dreams_batch_18.json","English","legacy-en","legacy","1"
"dreams_batch_18.json","O'zbek","legacy-uz","legacy","1"
"dreams_batch_18.json","Русский","лавра","legacy","1"
"dreams_batch_18.json","English","legacy-en","legacy","1"
"dreams_batch_18.json","O'zbek","legacy-uz","legacy","1"
"dreams_batch_18.json","Русский","лагерь","legacy","1"
"dreams_batch_18.json","English","legacy-en","legacy","1"
"dreams_batch_18.json","O'zbek","legacy-uz","legacy","1"
"dreams_batch_18.json","Русский","лагуна","legacy","1"
"dreams_batch_18.json","English","legacy-en","legacy","1"
"dreams_batch_18.json","O'zbek","legacy-uz","legacy","1"
"dreams_batch_18.json","Русский","лад","legacy","1"
"dreams_batch_18.json","English","legacy-en","legacy","1"
"dreams_batch_18.json","O'zbek","legacy-uz","legacy","1"
"dreams_batch_18.json","Русский","ладонь","legacy","1"
"dreams_batch_18.json","English","legacy-en","legacy","1"
"dreams_batch_18.json","O'zbek","legacy-uz","legacy","1"
"dreams_batch_18.json","Русский","ладья","legacy","1"
"dreams_batch_18.json","English","legacy-en","legacy","1"
"dreams_batch_18.json","O'zbek","legacy-uz","legacy","1"
"dreams_batch_18.json","Русский","лаз","legacy","1"
"dreams_batch_18.json","English","legacy-en","legacy","1"
"dreams_batch_18.json","O'zbek","legacy-uz","legacy","1"
"dreams_batch_18.json","Русский","лазейка","legacy","1"
"dreams_batch_18.json","English","legacy-en","legacy","1"
"dreams_batch_18.json","O'zbek","legacy-uz","legacy","1"
"dreams_batch_18.json","Русский","лазурь","legacy","1"
"dreams_batch_18.json","English","legacy-en","legacy","1"
"dreams_batch_18.json","O'zbek","legacy-uz","legacy","1"
"dreams_batch_18.json","Русский","лай","legacy","1"
"dreams_batch_18.json","English","legacy-en","legacy","1"
"dreams_batch_18.json","O'zbek","legacy-uz","legacy","1"
"dreams_batch_18.json","Русский","лак","legacy","1"
"dreams_batch_18.json","English","legacy-en","legacy","1"
"dreams_batch_18.json","O'zbek","legacy-uz","legacy","1"
"dreams_batch_18.json","Русский","лакей","legacy","1"
"dreams_batch_18.json","English","legacy-en","legacy","1"
"dreams_batch_18.json","O'zbek","legacy-uz","legacy","1"
"dreams_batch_18.json","Русский","лама","legacy","1"
"dreams_batch_18.json","English","legacy-en","legacy","1"
"dreams_batch_18.json","O'zbek","legacy-uz","legacy","1"
"dreams_batch_18.json","Русский","лампа","legacy","1"
"dreams_batch_18.json","English","legacy-en","legacy","1"
"dreams_batch_18.json","O'zbek","legacy-uz","legacy","1"
"dreams_batch_18.json","Русский","лампада","legacy","1"
"dreams_batch_18.json","English","legacy-en","legacy","1"
"dreams_batch_18.json","O'zbek","legacy-uz","legacy","1"
"dreams_batch_18.json","Русский","ландшафт","legacy","1"
"dreams_batch_18.json","English","legacy-en","legacy","1"
"dreams_batch_18.json","O'zbek","legacy-uz","legacy","1"
"dreams_batch_18.json","Русский","ландыш","legacy","1"
"dreams_batch_18.json","English","legacy-en","legacy","1"
"dreams_batch_18.json","O'zbek","legacy-uz","legacy","1"
"dreams_batch_18.json","Русский","лань","legacy","1"
"dreams_batch_18.json","English","legacy-en","legacy","1"
"dreams_batch_18.json","O'zbek","legacy-uz","legacy","1"
"dreams_batch_18.json","Русский","лапа","legacy","1"
"dreams_batch_18.json","English","legacy-en","legacy","1"
"dreams_batch_18.json","O'zbek","legacy-uz","legacy","1"
"dreams_batch_18.json","Русский","лапта","legacy","1"
"dreams_batch_18.json","English","legacy-en","legacy","1"
"dreams_batch_18.json","O'zbek","legacy-uz","legacy","1"
"dreams_batch_18.json","Русский","лапша","legacy","1"
"dreams_batch_18.json","English","legacy-en","legacy","1"
"dreams_batch_18.json","O'zbek","legacy-uz","legacy","1"
"dreams_batch_18.json","Русский","ларек","legacy","1"
"dreams_batch_18.json","English","legacy-en","legacy","1"
"dreams_batch_18.json","O'zbek","legacy-uz","legacy","1"
"dreams_batch_18.json","Русский","ларец","legacy","1"
"dreams_batch_18.json","English","legacy-en","legacy","1"
"dreams_batch_18.json","O'zbek","legacy-uz","legacy","1"
"dreams_batch_18.json","Русский","ласка","legacy","1"
"dreams_batch_18.json","English","legacy-en","legacy","1"
"dreams_batch_18.json","O'zbek","legacy-uz","legacy","1"
"dreams_batch_18.json","Русский","ластик","legacy","1"
"dreams_batch_18.json","English","legacy-en","legacy","1"
"dreams_batch_18.json","O'zbek","legacy-uz","legacy","1"
"dreams_batch_18.json","Русский","ласточка","legacy","1"
"dreams_batch_18.json","English","legacy-en","legacy","1"
"dreams_batch_18.json","O'zbek","legacy-uz","legacy","1"
"dreams_batch_18.json","Русский","лата","legacy","1"
"dreams_batch_18.json","English","legacy-en","legacy","1"
"dreams_batch_18.json","O'zbek","legacy-uz","legacy","1"
"dreams_batch_18.json","Русский","латы","legacy","1"
"dreams_batch_18.json","English","legacy-en","legacy","1"
"dreams_batch_18.json","O'zbek","legacy-uz","legacy","1"
"dreams_batch_18.json","Русский","латынь","legacy","1"
"dreams_batch_18.json","English","legacy-en","legacy","1"
"dreams_batch_18.json","O'zbek","legacy-uz","legacy","1"
"dreams_batch_18.json","Русский","лауреат","legacy","1"
"dreams_batch_18.json","English","legacy-en","legacy","1"
"dreams_batch_18.json","O'zbek","legacy-uz","legacy","1"
"dreams_batch_18.json","Русский","лафет","legacy","1"
"dreams_batch_18.json","English","legacy-en","legacy","1"
"dreams_batch_18.json","O'zbek","legacy-uz","legacy","1"
"dreams_batch_18.json","Русский","лачуга","legacy","1"
"dreams_batch_18.json","English","legacy-en","legacy","1"
"dreams_batch_18.json","O'zbek","legacy-uz","legacy","1"
"dreams_batch_18.json","Русский","лаяние","legacy","1"
"dreams_batch_18.json","English","legacy-en","legacy","1"
"dreams_batch_18.json","O'zbek","legacy-uz","legacy","1"
"dreams_batch_18.json","Русский","лебеда","legacy","1"
"dreams_batch_18.json","English","legacy-en","legacy","1"
"dreams_batch_18.json","O'zbek","legacy-uz","legacy","1"
"dreams_batch_18.json","Русский","лебедь","legacy","1"
"dreams_batch_18.json","English","legacy-en","legacy","1"
"dreams_batch_18.json","O'zbek","legacy-uz","legacy","1"
"dreams_batch_18.json","Русский","лев","legacy","1"
"dreams_batch_18.json","English","legacy-en","legacy","1"
"dreams_batch_18.json","O'zbek","legacy-uz","legacy","1"
"dreams_batch_18.json","Русский","левада","legacy","1"
"dreams_batch_18.json","English","legacy-en","legacy","1"
"dreams_batch_18.json","O'zbek","legacy-uz","legacy","1"
"dreams_batch_18.json","Русский","левкои","legacy","1"
"dreams_batch_18.json","English","legacy-en","legacy","1"
"dreams_batch_18.json","O'zbek","legacy-uz","legacy","1"
"dreams_batch_18.json","Русский","легион","legacy","1"
"dreams_batch_18.json","English","legacy-en","legacy","1"
"dreams_batch_18.json","O'zbek","legacy-uz","legacy","1"
"dreams_batch_19.json","Русский","лед","legacy","1"
"dreams_batch_19.json","English","legacy-en","legacy","1"
"dreams_batch_19.json","O'zbek","legacy-uz","legacy","1"
"dreams_batch_19.json","Русский","леденец","legacy","1"
"dreams_batch_19.json","English","legacy-en","legacy","1"
"dreams_batch_19.json","O'zbek","legacy-uz","legacy","1"
"dreams_batch_19.json","Русский","леди","legacy","1"
"dreams_batch_19.json","English","legacy-en","legacy","1"
"dreams_batch_19.json","O'zbek","legacy-uz","legacy","1"
"dreams_batch_19.json","Русский","ледник","legacy","1"
"dreams_batch_19.json","English","legacy-en","legacy","1"
"dreams_batch_19.json","O'zbek","legacy-uz","legacy","1"
"dreams_batch_19.json","Русский","лежак","legacy","1"
"dreams_batch_19.json","English","legacy-en","legacy","1"
"dreams_batch_19.json","O'zbek","legacy-uz","legacy","1"
"dreams_batch_19.json","Русский","лезвие","legacy","1"
"dreams_batch_19.json","English","legacy-en","legacy","1"
"dreams_batch_19.json","O'zbek","legacy-uz","legacy","1"
"dreams_batch_19.json","Русский","лейка","legacy","1"
"dreams_batch_19.json","English","legacy-en","legacy","1"
"dreams_batch_19.json","O'zbek","legacy-uz","legacy","1"
"dreams_batch_19.json","Русский","лейтенант","legacy","1"
"dreams_batch_19.json","English","legacy-en","legacy","1"
"dreams_batch_19.json","O'zbek","legacy-uz","legacy","1"
"dreams_batch_19.json","Русский","лекало","legacy","1"
"dreams_batch_19.json","English","legacy-en","legacy","1"
"dreams_batch_19.json","O'zbek","legacy-uz","legacy","1"
"dreams_batch_19.json","Русский","лекарство","legacy","1"
"dreams_batch_19.json","English","legacy-en","legacy","1"
"dreams_batch_19.json","O'zbek","legacy-uz","legacy","1"
"dreams_batch_19.json","Русский","лектор","legacy","1"
"dreams_batch_19.json","English","legacy-en","legacy","1"
"dreams_batch_19.json","O'zbek","legacy-uz","legacy","1"
"dreams_batch_19.json","Русский","лекция","legacy","1"
"dreams_batch_19.json","English","legacy-en","legacy","1"
"dreams_batch_19.json","O'zbek","legacy-uz","legacy","1"
"dreams_batch_19.json","Русский","лен","legacy","1"
"dreams_batch_19.json","English","legacy-en","legacy","1"
"dreams_batch_19.json","O'zbek","legacy-uz","legacy","1"
"dreams_batch_19.json","Русский","ленивец","legacy","1"
"dreams_batch_19.json","English","legacy-en","legacy","1"
"dreams_batch_19.json","O'zbek","legacy-uz","legacy","1"
"dreams_batch_19.json","Русский","лента","legacy","1"
"dreams_batch_19.json","English","legacy-en","legacy","1"
"dreams_batch_19.json","O'zbek","legacy-uz","legacy","1"
"dreams_batch_19.json","Русский","лепесток","legacy","1"
"dreams_batch_19.json","English","legacy-en","legacy","1"
"dreams_batch_19.json","O'zbek","legacy-uz","legacy","1"
"dreams_batch_19.json","Русский","лепет","legacy","1"
"dreams_batch_19.json","English","legacy-en","legacy","1"
"dreams_batch_19.json","O'zbek","legacy-uz","legacy","1"
"dreams_batch_19.json","Русский","лепешка","legacy","1"
"dreams_batch_19.json","English","legacy-en","legacy","1"
"dreams_batch_19.json","O'zbek","legacy-uz","legacy","1"
"dreams_batch_19.json","Русский","лепка","legacy","1"
"dreams_batch_19.json","English","legacy-en","legacy","1"
"dreams_batch_19.json","O'zbek","legacy-uz","legacy","1"
"dreams_batch_19.json","Русский","лепта","legacy","1"
"dreams_batch_19.json","English","legacy-en","legacy","1"
"dreams_batch_19.json","O'zbek","legacy-uz","legacy","1"
"dreams_batch_19.json","Русский","лес","legacy","1"
"dreams_batch_19.json","English","legacy-en","legacy","1"
"dreams_batch_19.json","O'zbek","legacy-uz","legacy","1"
"dreams_batch_19.json","Русский","леса","legacy","1"
"dreams_batch_19.json","English","legacy-en","legacy","1"
"dreams_batch_19.json","O'zbek","legacy-uz","legacy","1"
"dreams_batch_19.json","Русский","лесник","legacy","1"
"dreams_batch_19.json","English","legacy-en","legacy","1"
"dreams_batch_19.json","O'zbek","legacy-uz","legacy","1"
"dreams_batch_19.json","Русский","лесничество","legacy","1"
"dreams_batch_19.json","English","legacy-en","legacy","1"
"dreams_batch_19.json","O'zbek","legacy-uz","legacy","1"
"dreams_batch_19.json","Русский","лесоруб","legacy","1"
"dreams_batch_19.json","English","legacy-en","legacy","1"
"dreams_batch_19.json","O'zbek","legacy-uz","legacy","1"
"dreams_batch_19.json","Русский","лестница","legacy","1"
"dreams_batch_19.json","English","legacy-en","legacy","1"
"dreams_batch_19.json","O'zbek","legacy-uz","legacy","1"
"dreams_batch_19.json","Русский","лесть","legacy","1"
"dreams_batch_19.json","English","legacy-en","legacy","1"
"dreams_batch_19.json","O'zbek","legacy-uz","legacy","1"
"dreams_batch_19.json","Русский","летчик","legacy","1"
"dreams_batch_19.json","English","legacy-en","legacy","1"
"dreams_batch_19.json","O'zbek","legacy-uz","legacy","1"
"dreams_batch_19.json","Русский","лечебница","legacy","1"
"dreams_batch_19.json","English","legacy-en","legacy","1"
"dreams_batch_19.json","O'zbek","legacy-uz","legacy","1"
"dreams_batch_19.json","Русский","лечение","legacy","1"
"dreams_batch_19.json","English","legacy-en","legacy","1"
"dreams_batch_19.json","O'zbek","legacy-uz","legacy","1"
"dreams_batch_19.json","Русский","леший","legacy","1"
"dreams_batch_19.json","English","legacy-en","legacy","1"
"dreams_batch_19.json","O'zbek","legacy-uz","legacy","1"
"dreams_batch_19.json","Русский","лещ","legacy","1"
"dreams_batch_19.json","English","legacy-en","legacy","1"
"dreams_batch_19.json","O'zbek","legacy-uz","legacy","1"
"dreams_batch_19.json","Русский","лжец","legacy","1"
"dreams_batch_19.json","English","legacy-en","legacy","1"
"dreams_batch_19.json","O'zbek","legacy-uz","legacy","1"
"dreams_batch_19.json","Русский","лиана","legacy","1"
"dreams_batch_19.json","English","legacy-en","legacy","1"
"dreams_batch_19.json","O'zbek","legacy-uz","legacy","1"
"dreams_batch_19.json","Русский","либерал","legacy","1"
"dreams_batch_19.json","English","legacy-en","legacy","1"
"dreams_batch_19.json","O'zbek","legacy-uz","legacy","1"
"dreams_batch_19.json","Русский","ливень","legacy","1"
"dreams_batch_19.json","English","legacy-en","legacy","1"
"dreams_batch_19.json","O'zbek","legacy-uz","legacy","1"
"dreams_batch_19.json","Русский","лига","legacy","1"
"dreams_batch_19.json","English","legacy-en","legacy","1"
"dreams_batch_19.json","O'zbek","legacy-uz","legacy","1"
"dreams_batch_19.json","Русский","лидер","legacy","1"
"dreams_batch_19.json","English","legacy-en","legacy","1"
"dreams_batch_19.json","O'zbek","legacy-uz","legacy","1"
"dreams_batch_19.json","Русский","лизоблюд","legacy","1"
"dreams_batch_19.json","English","legacy-en","legacy","1"
"dreams_batch_19.json","O'zbek","legacy-uz","legacy","1"
"dreams_batch_19.json","Русский","лик","legacy","1"
"dreams_batch_19.json","English","legacy-en","legacy","1"
"dreams_batch_19.json","O'zbek","legacy-uz","legacy","1"
"dreams_batch_19.json","Русский","ликвидация","legacy","1"
"dreams_batch_19.json","English","legacy-en","legacy","1"
"dreams_batch_19.json","O'zbek","legacy-uz","legacy","1"
"dreams_batch_19.json","Русский","ликер","legacy","1"
"dreams_batch_19.json","English","legacy-en","legacy","1"
"dreams_batch_19.json","O'zbek","legacy-uz","legacy","1"
"dreams_batch_19.json","Русский","ликование","legacy","1"
"dreams_batch_19.json","English","legacy-en","legacy","1"
"dreams_batch_19.json","O'zbek","legacy-uz","legacy","1"
"dreams_batch_19.json","Русский","лилия","legacy","1"
"dreams_batch_19.json","English","legacy-en","legacy","1"
"dreams_batch_19.json","O'zbek","legacy-uz","legacy","1"
"dreams_batch_19.json","Русский","лиман","legacy","1"
"dreams_batch_19.json","English","legacy-en","legacy","1"
"dreams_batch_19.json","O'zbek","legacy-uz","legacy","1"
"dreams_batch_19.json","Русский","лимон","legacy","1"
"dreams_batch_19.json","English","legacy-en","legacy","1"
"dreams_batch_19.json","O'zbek","legacy-uz","legacy","1"
"dreams_batch_19.json","Русский","лимонад","legacy","1"
"dreams_batch_19.json","English","legacy-en","legacy","1"
"dreams_batch_19.json","O'zbek","legacy-uz","legacy","1"
"dreams_batch_19.json","Русский","лимузин","legacy","1"
"dreams_batch_19.json","English","legacy-en","legacy","1"
"dreams_batch_19.json","O'zbek","legacy-uz","legacy","1"
"dreams_batch_19.json","Русский","линейка","legacy","1"
"dreams_batch_19.json","English","legacy-en","legacy","1"
"dreams_batch_19.json","O'zbek","legacy-uz","legacy","1"
"dreams_batch_19.json","Русский","линза","legacy","1"
"dreams_batch_19.json","English","legacy-en","legacy","1"
"dreams_batch_19.json","O'zbek","legacy-uz","legacy","1"
"dreams_batch_19.json","Русский","линия","legacy","1"
"dreams_batch_19.json","English","legacy-en","legacy","1"
"dreams_batch_19.json","O'zbek","legacy-uz","legacy","1"
"dreams_batch_19.json","Русский","липа","legacy","1"
"dreams_batch_19.json","English","legacy-en","legacy","1"
"dreams_batch_19.json","O'zbek","legacy-uz","legacy","1"
"dreams_batch_19.json","Русский","липучка","legacy","1"
"dreams_batch_19.json","English","legacy-en","legacy","1"
"dreams_batch_19.json","O'zbek","legacy-uz","legacy","1"
"dreams_batch_19.json","Русский","лира","legacy","1"
"dreams_batch_19.json","English","legacy-en","legacy","1"
"dreams_batch_19.json","O'zbek","legacy-uz","legacy","1"
"dreams_batch_19.json","Русский","лирик","legacy","1"
"dreams_batch_19.json","English","legacy-en","legacy","1"
"dreams_batch_19.json","O'zbek","legacy-uz","legacy","1"
"dreams_batch_19.json","Русский","лирика","legacy","1"
"dreams_batch_19.json","English","legacy-en","legacy","1"
"dreams_batch_19.json","O'zbek","legacy-uz","legacy","1"
"dreams_batch_19.json","Русский","лиса","legacy","1"
"dreams_batch_19.json","English","legacy-en","legacy","1"
"dreams_batch_19.json","O'zbek","legacy-uz","legacy","1"
"dreams_batch_19.json","Русский","лист","legacy","1"
"dreams_batch_19.json","English","legacy-en","legacy","1"
"dreams_batch_19.json","O'zbek","legacy-uz","legacy","1"
"dreams_batch_19.json","Русский","листва","legacy","1"
"dreams_batch_19.json","English","legacy-en","legacy","1"
"dreams_batch_19.json","O'zbek","legacy-uz","legacy","1"
"dreams_batch_19.json","Русский","лиственница","legacy","1"
"dreams_batch_19.json","English","legacy-en","legacy","1"
"dreams_batch_19.json","O'zbek","legacy-uz","legacy","1"
"dreams_batch_19.json","Русский","листик","legacy","1"
"dreams_batch_19.json","English","legacy-en","legacy","1"
"dreams_batch_19.json","O'zbek","legacy-uz","legacy","1"
"dreams_batch_19.json","Русский","листок","legacy","1"
"dreams_batch_19.json","English","legacy-en","legacy","1"
"dreams_batch_19.json","O'zbek","legacy-uz","legacy","1"
"dreams_batch_19.json","Русский","листопад","legacy","1"
"dreams_batch_19.json","English","legacy-en","legacy","1"
"dreams_batch_19.json","O'zbek","legacy-uz","legacy","1"
"dreams_batch_19.json","Русский","литавры","legacy","1"
"dreams_batch_19.json","English","legacy-en","legacy","1"
"dreams_batch_19.json","O'zbek","legacy-uz","legacy","1"
"dreams_batch_19.json","Русский","литература","legacy","1"
"dreams_batch_19.json","English","legacy-en","legacy","1"
"dreams_batch_19.json","O'zbek","legacy-uz","legacy","1"
"dreams_batch_19.json","Русский","лифт","legacy","1"
"dreams_batch_19.json","English","legacy-en","legacy","1"
"dreams_batch_19.json","O'zbek","legacy-uz","legacy","1"
"dreams_batch_19.json","Русский","лифтер","legacy","1"
"dreams_batch_19.json","English","legacy-en","legacy","1"
"dreams_batch_19.json","O'zbek","legacy-uz","legacy","1"
"dreams_batch_19.json","Русский","лихорадка","legacy","1"
"dreams_batch_19.json","English","legacy-en","legacy","1"
"dreams_batch_19.json","O'zbek","legacy-uz","legacy","1"
"dreams_batch_19.json","Русский","лицо","legacy","1"
"dreams_batch_19.json","English","legacy-en","legacy","1"
"dreams_batch_19.json","O'zbek","legacy-uz","legacy","1"
"dreams_batch_19.json","Русский","личность","legacy","1"
"dreams_batch_19.json","English","legacy-en","legacy","1"
"dreams_batch_19.json","O'zbek","legacy-uz","legacy","1"
"dreams_batch_19.json","Русский","лишай","legacy","1"
"dreams_batch_19.json","English","legacy-en","legacy","1"
"dreams_batch_19.json","O'zbek","legacy-uz","legacy","1"
"dreams_batch_19.json","Русский","лишек","legacy","1"
"dreams_batch_19.json","English","legacy-en","legacy","1"
"dreams_batch_19.json","O'zbek","legacy-uz","legacy","1"
"dreams_batch_19.json","Русский","лишение","legacy","1"
"dreams_batch_19.json","English","legacy-en","legacy","1"
"dreams_batch_19.json","O'zbek","legacy-uz","legacy","1"
"dreams_batch_19.json","Русский","лоб","legacy","1"
"dreams_batch_19.json","English","legacy-en","legacy","1"
"dreams_batch_19.json","O'zbek","legacy-uz","legacy","1"
"dreams_batch_19.json","Русский","ловля","legacy","1"
"dreams_batch_19.json","English","legacy-en","legacy","1"
"dreams_batch_19.json","O'zbek","legacy-uz","legacy","1"
"dreams_batch_19.json","Русский","ловушка","legacy","1"
"dreams_batch_19.json","English","legacy-en","legacy","1"
"dreams_batch_19.json","O'zbek","legacy-uz","legacy","1"
"dreams_batch_19.json","Русский","логарифм","legacy","1"
"dreams_batch_19.json","English","legacy-en","legacy","1"
"dreams_batch_19.json","O'zbek","legacy-uz","legacy","1"
"dreams_batch_19.json","Русский","логика","legacy","1"
"dreams_batch_19.json","English","legacy-en","legacy","1"
"dreams_batch_19.json","O'zbek","legacy-uz","legacy","1"
"dreams_batch_19.json","Русский","лодка","legacy","1"
"dreams_batch_19.json","English","legacy-en","legacy","1"
"dreams_batch_19.json","O'zbek","legacy-uz","legacy","1"
"dreams_batch_19.json","Русский","лодочник","legacy","1"
"dreams_batch_19.json","English","legacy-en","legacy","1"
"dreams_batch_19.json","O'zbek","legacy-uz","legacy","1"
"dreams_batch_19.json","Русский","ложа","legacy","1"
"dreams_batch_19.json","English","legacy-en","legacy","1"
"dreams_batch_19.json","O'zbek","legacy-uz","legacy","1"
"dreams_batch_19.json","Русский","ложе","legacy","1"
"dreams_batch_19.json","English","legacy-en","legacy","1"
"dreams_batch_19.json","O'zbek","legacy-uz","legacy","1"
"dreams_batch_19.json","Русский","ложка","legacy","1"
"dreams_batch_19.json","English","legacy-en","legacy","1"
"dreams_batch_19.json","O'zbek","legacy-uz","legacy","1"
"dreams_batch_19.json","Русский","ложь","legacy","1"
"dreams_batch_19.json","English","legacy-en","legacy","1"
"dreams_batch_19.json","O'zbek","legacy-uz","legacy","1"
"dreams_batch_19.json","Русский","лоза","legacy","1"
"dreams_batch_19.json","English","legacy-en","legacy","1"
"dreams_batch_19.json","O'zbek","legacy-uz","legacy","1"
"dreams_batch_19.json","Русский","лозунг","legacy","1"
"dreams_batch_19.json","English","legacy-en","legacy","1"
"dreams_batch_19.json","O'zbek","legacy-uz","legacy","1"
"dreams_batch_19.json","Русский","локатор","legacy","1"
"dreams_batch_19.json","English","legacy-en","legacy","1"
"dreams_batch_19.json","O'zbek","legacy-uz","legacy","1"
"dreams_batch_19.json","Русский","локация","legacy","1"
"dreams_batch_19.json","English","legacy-en","legacy","1"
"dreams_batch_19.json","O'zbek","legacy-uz","legacy","1"
"dreams_batch_19.json","Русский","локомобиль","legacy","1"
"dreams_batch_19.json","English","legacy-en","legacy","1"
"dreams_batch_19.json","O'zbek","legacy-uz","legacy","1"
"dreams_batch_19.json","Русский","локомотив","legacy","1"
"dreams_batch_19.json","English","legacy-en","legacy","1"
"dreams_batch_19.json","O'zbek","legacy-uz","legacy","1"
"dreams_batch_19.json","Русский","локон","legacy","1"
"dreams_batch_19.json","English","legacy-en","legacy","1"
"dreams_batch_19.json","O'zbek","legacy-uz","legacy","1"
"dreams_batch_19.json","Русский","локоть","legacy","1"
"dreams_batch_19.json","English","legacy-en","legacy","1"
"dreams_batch_19.json","O'zbek","legacy-uz","legacy","1"
"dreams_batch_19.json","Русский","лом","legacy","1"
"dreams_batch_19.json","English","legacy-en","legacy","1"
"dreams_batch_19.json","O'zbek","legacy-uz","legacy","1"
"dreams_batch_19.json","Русский","ломбард","legacy","1"
"dreams_batch_19.json","English","legacy-en","legacy","1"
"dreams_batch_19.json","O'zbek","legacy-uz","legacy","1"
"dreams_batch_19.json","Русский","ломка","legacy","1"
"dreams_batch_19.json","English","legacy-en","legacy","1"
"dreams_batch_19.json","O'zbek","legacy-uz","legacy","1"
"dreams_batch_19.json","Русский","ломтик","legacy","1"
"dreams_batch_19.json","English","legacy-en","legacy","1"
"dreams_batch_19.json","O'zbek","legacy-uz","legacy","1"
"dreams_batch_19.json","Русский","лопасть","legacy","1"
"dreams_batch_19.json","English","legacy-en","legacy","1"
"dreams_batch_19.json","O'zbek","legacy-uz","legacy","1"
"dreams_batch_19.json","Русский","лопата","legacy","1"
"dreams_batch_19.json","English","legacy-en","legacy","1"
"dreams_batch_19.json","O'zbek","legacy-uz","legacy","1"
"dreams_batch_19.json","Русский","лопух","legacy","1"
"dreams_batch_19.json","English","legacy-en","legacy","1"
"dreams_batch_19.json","O'zbek","legacy-uz","legacy","1"
"dreams_batch_19.json","Русский","лор","legacy","1"
"dreams_batch_19.json","English","legacy-en","legacy","1"
"dreams_batch_19.json","O'zbek","legacy-uz","legacy","1"
"dreams_batch_2.json","Русский","апокалипсис","legacy","1"
"dreams_batch_2.json","English","legacy-en","legacy","1"
"dreams_batch_2.json","O'zbek","legacy-uz","legacy","1"
"dreams_batch_2.json","Русский","аппарат","legacy","1"
"dreams_batch_2.json","English","legacy-en","legacy","1"
"dreams_batch_2.json","O'zbek","legacy-uz","legacy","1"
"dreams_batch_2.json","Русский","аппетит","legacy","1"
"dreams_batch_2.json","English","legacy-en","legacy","1"
"dreams_batch_2.json","O'zbek","legacy-uz","legacy","1"
"dreams_batch_2.json","Русский","аппликация","legacy","1"
"dreams_batch_2.json","English","legacy-en","legacy","1"
"dreams_batch_2.json","O'zbek","legacy-uz","legacy","1"
"dreams_batch_2.json","Русский","апрель","legacy","1"
"dreams_batch_2.json","English","legacy-en","legacy","1"
"dreams_batch_2.json","O'zbek","legacy-uz","legacy","1"
"dreams_batch_2.json","Русский","аптека","legacy","1"
"dreams_batch_2.json","English","legacy-en","legacy","1"
"dreams_batch_2.json","O'zbek","legacy-uz","legacy","1"
"dreams_batch_2.json","Русский","арбитр","legacy","1"
"dreams_batch_2.json","English","legacy-en","legacy","1"
"dreams_batch_2.json","O'zbek","legacy-uz","legacy","1"
"dreams_batch_2.json","Русский","арбуз","legacy","1"
"dreams_batch_2.json","English","legacy-en","legacy","1"
"dreams_batch_2.json","O'zbek","legacy-uz","legacy","1"
"dreams_batch_2.json","Русский","арена","legacy","1"
"dreams_batch_2.json","English","legacy-en","legacy","1"
"dreams_batch_2.json","O'zbek","legacy-uz","legacy","1"
"dreams_batch_2.json","Русский","аренда","legacy","1"
"dreams_batch_2.json","English","legacy-en","legacy","1"
"dreams_batch_2.json","O'zbek","legacy-uz","legacy","1"
"dreams_batch_2.json","Русский","арест","legacy","1"
"dreams_batch_2.json","English","legacy-en","legacy","1"
"dreams_batch_2.json","O'zbek","legacy-uz","legacy","1"
"dreams_batch_2.json","Русский","ария","legacy","1"
"dreams_batch_2.json","English","legacy-en","legacy","1"
"dreams_batch_2.json","O'zbek","legacy-uz","legacy","1"
"dreams_batch_2.json","Русский","арка","legacy","1"
"dreams_batch_2.json","English","legacy-en","legacy","1"
"dreams_batch_2.json","O'zbek","legacy-uz","legacy","1"
"dreams_batch_2.json","Русский","аркан","legacy","1"
"dreams_batch_2.json","English","legacy-en","legacy","1"
"dreams_batch_2.json","O'zbek","legacy-uz","legacy","1"
"dreams_batch_2.json","Русский","арктика","legacy","1"
"dreams_batch_2.json","English","legacy-en","legacy","1"
"dreams_batch_2.json","O'zbek","legacy-uz","legacy","1"
"dreams_batch_2.json","Русский","арлекин","legacy","1"
"dreams_batch_2.json","English","legacy-en","legacy","1"
"dreams_batch_2.json","O'zbek","legacy-uz","legacy","1"
"dreams_batch_2.json","Русский","арматура","legacy","1"
"dreams_batch_2.json","English","legacy-en","legacy","1"
"dreams_batch_2.json","O'zbek","legacy-uz","legacy","1"
"dreams_batch_2.json","Русский","армия","legacy","1"
"dreams_batch_2.json","English","legacy-en","legacy","1"
"dreams_batch_2.json","O'zbek","legacy-uz","legacy","1"
"dreams_batch_2.json","Русский","аромат","legacy","1"
"dreams_batch_2.json","English","legacy-en","legacy","1"
"dreams_batch_2.json","O'zbek","legacy-uz","legacy","1"
"dreams_batch_2.json","Русский","арсенал","legacy","1"
"dreams_batch_2.json","English","legacy-en","legacy","1"
"dreams_batch_2.json","O'zbek","legacy-uz","legacy","1"
"dreams_batch_2.json","Русский","артефакт","legacy","1"
"dreams_batch_2.json","English","legacy-en","legacy","1"
"dreams_batch_2.json","O'zbek","legacy-uz","legacy","1"
"dreams_batch_2.json","Русский","артиллерия","legacy","1"
"dreams_batch_2.json","English","legacy-en","legacy","1"
"dreams_batch_2.json","O'zbek","legacy-uz","legacy","1"
"dreams_batch_2.json","Русский","артист","legacy","1"
"dreams_batch_2.json","English","legacy-en","legacy","1"
"dreams_batch_2.json","O'zbek","legacy-uz","legacy","1"
"dreams_batch_2.json","Русский","арфа","legacy","1"
"dreams_batch_2.json","English","legacy-en","legacy","1"
"dreams_batch_2.json","O'zbek","legacy-uz","legacy","1"
"dreams_batch_2.json","Русский","архив","legacy","1"
"dreams_batch_2.json","English","legacy-en","legacy","1"
"dreams_batch_2.json","O'zbek","legacy-uz","legacy","1"
"dreams_batch_2.json","Русский","архитектор","legacy","1"
"dreams_batch_2.json","English","legacy-en","legacy","1"
"dreams_batch_2.json","O'zbek","legacy-uz","legacy","1"
"dreams_batch_2.json","Русский","архитектура","legacy","1"
"dreams_batch_2.json","English","legacy-en","legacy","1"
"dreams_batch_2.json","O'zbek","legacy-uz","legacy","1"
"dreams_batch_2.json","Русский","аршин","legacy","1"
"dreams_batch_2.json","English","legacy-en","legacy","1"
"dreams_batch_2.json","O'zbek","legacy-uz","legacy","1"
"dreams_batch_2.json","Русский","аспирин","legacy","1"
"dreams_batch_2.json","English","legacy-en","legacy","1"
"dreams_batch_2.json","O'zbek","legacy-uz","legacy","1"
"dreams_batch_2.json","Русский","ассистент","legacy","1"
"dreams_batch_2.json","English","legacy-en","legacy","1"
"dreams_batch_2.json","O'zbek","legacy-uz","legacy","1"
"dreams_batch_2.json","Русский","ассоциация","legacy","1"
"dreams_batch_2.json","English","legacy-en","legacy","1"
"dreams_batch_2.json","O'zbek","legacy-uz","legacy","1"
"dreams_batch_2.json","Русский","астероид","legacy","1"
"dreams_batch_2.json","English","legacy-en","legacy","1"
"dreams_batch_2.json","O'zbek","legacy-uz","legacy","1"
"dreams_batch_2.json","Русский","астма","legacy","1"
"dreams_batch_2.json","English","legacy-en","legacy","1"
"dreams_batch_2.json","O'zbek","legacy-uz","legacy","1"
"dreams_batch_2.json","Русский","астролог","legacy","1"
"dreams_batch_2.json","English","legacy-en","legacy","1"
"dreams_batch_2.json","O'zbek","legacy-uz","legacy","1"
"dreams_batch_2.json","Русский","астрономия","legacy","1"
"dreams_batch_2.json","English","legacy-en","legacy","1"
"dreams_batch_2.json","O'zbek","legacy-uz","legacy","1"
"dreams_batch_2.json","Русский","асфальт","legacy","1"
"dreams_batch_2.json","English","legacy-en","legacy","1"
"dreams_batch_2.json","O'zbek","legacy-uz","legacy","1"
"dreams_batch_2.json","Русский","атака","legacy","1"
"dreams_batch_2.json","English","legacy-en","legacy","1"
"dreams_batch_2.json","O'zbek","legacy-uz","legacy","1"
"dreams_batch_2.json","Русский","атаман","legacy","1"
"dreams_batch_2.json","English","legacy-en","legacy","1"
"dreams_batch_2.json","O'zbek","legacy-uz","legacy","1"
"dreams_batch_2.json","Русский","ателье","legacy","1"
"dreams_batch_2.json","English","legacy-en","legacy","1"
"dreams_batch_2.json","O'zbek","legacy-uz","legacy","1"
"dreams_batch_2.json","Русский","атлас","legacy","1"
"dreams_batch_2.json","English","legacy-en","legacy","1"
"dreams_batch_2.json","O'zbek","legacy-uz","legacy","1"
"dreams_batch_2.json","Русский","атлет","legacy","1"
"dreams_batch_2.json","English","legacy-en","legacy","1"
"dreams_batch_2.json","O'zbek","legacy-uz","legacy","1"
"dreams_batch_2.json","Русский","аттестат","legacy","1"
"dreams_batch_2.json","English","legacy-en","legacy","1"
"dreams_batch_2.json","O'zbek","legacy-uz","legacy","1"
"dreams_batch_2.json","Русский","аттракцион","legacy","1"
"dreams_batch_2.json","English","legacy-en","legacy","1"
"dreams_batch_2.json","O'zbek","legacy-uz","legacy","1"
"dreams_batch_2.json","Русский","аудитория","legacy","1"
"dreams_batch_2.json","English","legacy-en","legacy","1"
"dreams_batch_2.json","O'zbek","legacy-uz","legacy","1"
"dreams_batch_2.json","Русский","аукцион","legacy","1"
"dreams_batch_2.json","English","legacy-en","legacy","1"
"dreams_batch_2.json","O'zbek","legacy-uz","legacy","1"
"dreams_batch_2.json","Русский","аура","legacy","1"
"dreams_batch_2.json","English","legacy-en","legacy","1"
"dreams_batch_2.json","O'zbek","legacy-uz","legacy","1"
"dreams_batch_2.json","Русский","афиша","legacy","1"
"dreams_batch_2.json","English","legacy-en","legacy","1"
"dreams_batch_2.json","O'zbek","legacy-uz","legacy","1"
"dreams_batch_2.json","Русский","афоризм","legacy","1"
"dreams_batch_2.json","English","legacy-en","legacy","1"
"dreams_batch_2.json","O'zbek","legacy-uz","legacy","1"
"dreams_batch_2.json","Русский","аэропорт","legacy","1"
"dreams_batch_2.json","English","legacy-en","legacy","1"
"dreams_batch_2.json","O'zbek","legacy-uz","legacy","1"
"dreams_batch_2.json","Русский","баба","legacy","1"
"dreams_batch_2.json","English","legacy-en","legacy","1"
"dreams_batch_2.json","O'zbek","legacy-uz","legacy","1"
"dreams_batch_2.json","Русский","бабочка","legacy","1"
"dreams_batch_2.json","English","legacy-en","legacy","1"
"dreams_batch_2.json","O'zbek","legacy-uz","legacy","1"
"dreams_batch_2.json","Русский","бабушка","legacy","1"
"dreams_batch_2.json","English","legacy-en","legacy","1"
"dreams_batch_2.json","O'zbek","legacy-uz","legacy","1"
"dreams_batch_2.json","Русский","багаж","legacy","1"
"dreams_batch_2.json","English","legacy-en","legacy","1"
"dreams_batch_2.json","O'zbek","legacy-uz","legacy","1"
"dreams_batch_2.json","Русский","база","legacy","1"
"dreams_batch_2.json","English","legacy-en","legacy","1"
"dreams_batch_2.json","O'zbek","legacy-uz","legacy","1"
"dreams_batch_2.json","Русский","базар","legacy","1"
"dreams_batch_2.json","English","legacy-en","legacy","1"
"dreams_batch_2.json","O'zbek","legacy-uz","legacy","1"
"dreams_batch_2.json","Русский","байдарка","legacy","1"
"dreams_batch_2.json","English","legacy-en","legacy","1"
"dreams_batch_2.json","O'zbek","legacy-uz","legacy","1"
"dreams_batch_2.json","Русский","бак","legacy","1"
"dreams_batch_2.json","English","legacy-en","legacy","1"
"dreams_batch_2.json","O'zbek","legacy-uz","legacy","1"
"dreams_batch_2.json","Русский","баклажан","legacy","1"
"dreams_batch_2.json","English","legacy-en","legacy","1"
"dreams_batch_2.json","O'zbek","legacy-uz","legacy","1"
"dreams_batch_2.json","Русский","бал","legacy","1"
"dreams_batch_2.json","English","legacy-en","legacy","1"
"dreams_batch_2.json","O'zbek","legacy-uz","legacy","1"
"dreams_batch_2.json","Русский","балалайка","legacy","1"
"dreams_batch_2.json","English","legacy-en","legacy","1"
"dreams_batch_2.json","O'zbek","legacy-uz","legacy","1"
"dreams_batch_2.json","Русский","балахон","legacy","1"
"dreams_batch_2.json","English","legacy-en","legacy","1"
"dreams_batch_2.json","O'zbek","legacy-uz","legacy","1"
"dreams_batch_2.json","Русский","балерина","legacy","1"
"dreams_batch_2.json","English","legacy-en","legacy","1"
"dreams_batch_2.json","O'zbek","legacy-uz","legacy","1"
"dreams_batch_2.json","Русский","балет","legacy","1"
"dreams_batch_2.json","English","legacy-en","legacy","1"
"dreams_batch_2.json","O'zbek","legacy-uz","legacy","1"
"dreams_batch_2.json","Русский","балкон","legacy","1"
"dreams_batch_2.json","English","legacy-en","legacy","1"
"dreams_batch_2.json","O'zbek","legacy-uz","legacy","1"
"dreams_batch_2.json","Русский","балласт","legacy","1"
"dreams_batch_2.json","English","legacy-en","legacy","1"
"dreams_batch_2.json","O'zbek","legacy-uz","legacy","1"
"dreams_batch_2.json","Русский","баллон","legacy","1"
"dreams_batch_2.json","English","legacy-en","legacy","1"
"dreams_batch_2.json","O'zbek","legacy-uz","legacy","1"
"dreams_batch_2.json","Русский","бальзам","legacy","1"
"dreams_batch_2.json","English","legacy-en","legacy","1"
"dreams_batch_2.json","O'zbek","legacy-uz","legacy","1"
"dreams_batch_2.json","Русский","бамбук","legacy","1"
"dreams_batch_2.json","English","legacy-en","legacy","1"
"dreams_batch_2.json","O'zbek","legacy-uz","legacy","1"
"dreams_batch_2.json","Русский","банан","legacy","1"
"dreams_batch_2.json","English","legacy-en","legacy","1"
"dreams_batch_2.json","O'zbek","legacy-uz","legacy","1"
"dreams_batch_2.json","Русский","банда","legacy","1"
"dreams_batch_2.json","English","legacy-en","legacy","1"
"dreams_batch_2.json","O'zbek","legacy-uz","legacy","1"
"dreams_batch_2.json","Русский","бандаж","legacy","1"
"dreams_batch_2.json","English","legacy-en","legacy","1"
"dreams_batch_2.json","O'zbek","legacy-uz","legacy","1"
"dreams_batch_2.json","Русский","бандит","legacy","1"
"dreams_batch_2.json","English","legacy-en","legacy","1"
"dreams_batch_2.json","O'zbek","legacy-uz","legacy","1"
"dreams_batch_2.json","Русский","банк","legacy","1"
"dreams_batch_2.json","English","legacy-en","legacy","1"
"dreams_batch_2.json","O'zbek","legacy-uz","legacy","1"
"dreams_batch_2.json","Русский","банка","legacy","1"
"dreams_batch_2.json","English","legacy-en","legacy","1"
"dreams_batch_2.json","O'zbek","legacy-uz","legacy","1"
"dreams_batch_2.json","Русский","банкрот","legacy","1"
"dreams_batch_2.json","English","legacy-en","legacy","1"
"dreams_batch_2.json","O'zbek","legacy-uz","legacy","1"
"dreams_batch_2.json","Русский","баннер","legacy","1"
"dreams_batch_2.json","English","legacy-en","legacy","1"
"dreams_batch_2.json","O'zbek","legacy-uz","legacy","1"
"dreams_batch_2.json","Русский","бант","legacy","1"
"dreams_batch_2.json","English","legacy-en","legacy","1"
"dreams_batch_2.json","O'zbek","legacy-uz","legacy","1"
"dreams_batch_2.json","Русский","баня","legacy","1"
"dreams_batch_2.json","English","legacy-en","legacy","1"
"dreams_batch_2.json","O'zbek","legacy-uz","legacy","1"
"dreams_batch_2.json","Русский","бар","legacy","1"
"dreams_batch_2.json","English","legacy-en","legacy","1"
"dreams_batch_2.json","O'zbek","legacy-uz","legacy","1"
"dreams_batch_2.json","Русский","барабан","legacy","1"
"dreams_batch_2.json","English","legacy-en","legacy","1"
"dreams_batch_2.json","O'zbek","legacy-uz","legacy","1"
"dreams_batch_2.json","Русский","баран","legacy","1"
"dreams_batch_2.json","English","legacy-en","legacy","1"
"dreams_batch_2.json","O'zbek","legacy-uz","legacy","1"
"dreams_batch_2.json","Русский","баржа","legacy","1"
"dreams_batch_2.json","English","legacy-en","legacy","1"
"dreams_batch_2.json","O'zbek","legacy-uz","legacy","1"
"dreams_batch_2.json","Русский","баркас","legacy","1"
"dreams_batch_2.json","English","legacy-en","legacy","1"
"dreams_batch_2.json","O'zbek","legacy-uz","legacy","1"
"dreams_batch_2.json","Русский","бархат","legacy","1"
"dreams_batch_2.json","English","legacy-en","legacy","1"
"dreams_batch_2.json","O'zbek","legacy-uz","legacy","1"
"dreams_batch_2.json","Русский","барьер","legacy","1"
"dreams_batch_2.json","English","legacy-en","legacy","1"
"dreams_batch_2.json","O'zbek","legacy-uz","legacy","1"
"dreams_batch_2.json","Русский","бассейн","legacy","1"
"dreams_batch_2.json","English","legacy-en","legacy","1"
"dreams_batch_2.json","O'zbek","legacy-uz","legacy","1"
"dreams_batch_2.json","Русский","бастион","legacy","1"
"dreams_batch_2.json","English","legacy-en","legacy","1"
"dreams_batch_2.json","O'zbek","legacy-uz","legacy","1"
"dreams_batch_2.json","Русский","батут","legacy","1"
"dreams_batch_2.json","English","legacy-en","legacy","1"
"dreams_batch_2.json","O'zbek","legacy-uz","legacy","1"
"dreams_batch_2.json","Русский","бахча","legacy","1"
"dreams_batch_2.json","English","legacy-en","legacy","1"
"dreams_batch_2.json","O'zbek","legacy-uz","legacy","1"
"dreams_batch_2.json","Русский","башня","legacy","1"
"dreams_batch_2.json","English","legacy-en","legacy","1"
"dreams_batch_2.json","O'zbek","legacy-uz","legacy","1"
"dreams_batch_2.json","Русский","бег","legacy","1"
"dreams_batch_2.json","English","legacy-en","legacy","1"
"dreams_batch_2.json","O'zbek","legacy-uz","legacy","1"
"dreams_batch_2.json","Русский","бегемот","legacy","1"
"dreams_batch_2.json","English","legacy-en","legacy","1"
"dreams_batch_2.json","O'zbek","legacy-uz","legacy","1"
"dreams_batch_2.json","Русский","бегство","legacy","1"
"dreams_batch_2.json","English","legacy-en","legacy","1"
"dreams_batch_2.json","O'zbek","legacy-uz","legacy","1"
"dreams_batch_2.json","Русский","беда","legacy","1"
"dreams_batch_2.json","English","legacy-en","legacy","1"
"dreams_batch_2.json","O'zbek","legacy-uz","legacy","1"
"dreams_batch_2.json","Русский","бедность","legacy","1"
"dreams_batch_2.json","English","legacy-en","legacy","1"
"dreams_batch_2.json","O'zbek","legacy-uz","legacy","1"
"dreams_batch_2.json","Русский","беднота","legacy","1"
"dreams_batch_2.json","English","legacy-en","legacy","1"
"dreams_batch_2.json","O'zbek","legacy-uz","legacy","1"
"dreams_batch_2.json","Русский","безделье","legacy","1"
"dreams_batch_2.json","English","legacy-en","legacy","1"
"dreams_batch_2.json","O'zbek","legacy-uz","legacy","1"
"dreams_batch_2.json","Русский","бездна","legacy","1"
"dreams_batch_2.json","English","legacy-en","legacy","1"
"dreams_batch_2.json","O'zbek","legacy-uz","legacy","1"
"dreams_batch_2.json","Русский","бездорожье","legacy","1"
"dreams_batch_2.json","English","legacy-en","legacy","1"
"dreams_batch_2.json","O'zbek","legacy-uz","legacy","1"
"dreams_batch_2.json","Русский","безумие","legacy","1"
"dreams_batch_2.json","English","legacy-en","legacy","1"
"dreams_batch_2.json","O'zbek","legacy-uz","legacy","1"
"dreams_batch_20.json","Русский","лорнет","legacy","1"
"dreams_batch_20.json","English","legacy-en","legacy","1"
"dreams_batch_20.json","O'zbek","legacy-uz","legacy","1"
"dreams_batch_20.json","Русский","лоск","legacy","1"
"dreams_batch_20.json","English","legacy-en","legacy","1"
"dreams_batch_20.json","O'zbek","legacy-uz","legacy","1"
"dreams_batch_20.json","Русский","лосось","legacy","1"
"dreams_batch_20.json","English","legacy-en","legacy","1"
"dreams_batch_20.json","O'zbek","legacy-uz","legacy","1"
"dreams_batch_20.json","Русский","лось","legacy","1"
"dreams_batch_20.json","English","legacy-en","legacy","1"
"dreams_batch_20.json","O'zbek","legacy-uz","legacy","1"
"dreams_batch_20.json","Русский","лотерея","legacy","1"
"dreams_batch_20.json","English","legacy-en","legacy","1"
"dreams_batch_20.json","O'zbek","legacy-uz","legacy","1"
"dreams_batch_20.json","Русский","лото","legacy","1"
"dreams_batch_20.json","English","legacy-en","legacy","1"
"dreams_batch_20.json","O'zbek","legacy-uz","legacy","1"
"dreams_batch_20.json","Русский","лотос","legacy","1"
"dreams_batch_20.json","English","legacy-en","legacy","1"
"dreams_batch_20.json","O'zbek","legacy-uz","legacy","1"
"dreams_batch_20.json","Русский","лохань","legacy","1"
"dreams_batch_20.json","English","legacy-en","legacy","1"
"dreams_batch_20.json","O'zbek","legacy-uz","legacy","1"
"dreams_batch_20.json","Русский","лохмотья","legacy","1"
"dreams_batch_20.json","English","legacy-en","legacy","1"
"dreams_batch_20.json","O'zbek","legacy-uz","legacy","1"
"dreams_batch_20.json","Русский","лоция","legacy","1"
"dreams_batch_20.json","English","legacy-en","legacy","1"
"dreams_batch_20.json","O'zbek","legacy-uz","legacy","1"
"dreams_batch_20.json","Русский","лошадь","legacy","1"
"dreams_batch_20.json","English","legacy-en","legacy","1"
"dreams_batch_20.json","O'zbek","legacy-uz","legacy","1"
"dreams_batch_20.json","Русский","лощина","legacy","1"
"dreams_batch_20.json","English","legacy-en","legacy","1"
"dreams_batch_20.json","O'zbek","legacy-uz","legacy","1"
"dreams_batch_20.json","Русский","лояльность","legacy","1"
"dreams_batch_20.json","English","legacy-en","legacy","1"
"dreams_batch_20.json","O'zbek","legacy-uz","legacy","1"
"dreams_batch_20.json","Русский","луг","legacy","1"
"dreams_batch_20.json","English","legacy-en","legacy","1"
"dreams_batch_20.json","O'zbek","legacy-uz","legacy","1"
"dreams_batch_20.json","Русский","лужа","legacy","1"
"dreams_batch_20.json","English","legacy-en","legacy","1"
"dreams_batch_20.json","O'zbek","legacy-uz","legacy","1"
"dreams_batch_20.json","Русский","лук","legacy","1"
"dreams_batch_20.json","English","legacy-en","legacy","1"
"dreams_batch_20.json","O'zbek","legacy-uz","legacy","1"
"dreams_batch_20.json","Русский","лукавство","legacy","1"
"dreams_batch_20.json","English","legacy-en","legacy","1"
"dreams_batch_20.json","O'zbek","legacy-uz","legacy","1"
"dreams_batch_20.json","Русский","луна","legacy","1"
"dreams_batch_20.json","English","legacy-en","legacy","1"
"dreams_batch_20.json","O'zbek","legacy-uz","legacy","1"
"dreams_batch_20.json","Русский","лунатизм","legacy","1"
"dreams_batch_20.json","English","legacy-en","legacy","1"
"dreams_batch_20.json","O'zbek","legacy-uz","legacy","1"
"dreams_batch_20.json","Русский","лунка","legacy","1"
"dreams_batch_20.json","English","legacy-en","legacy","1"
"dreams_batch_20.json","O'zbek","legacy-uz","legacy","1"
"dreams_batch_20.json","Русский","лупа","legacy","1"
"dreams_batch_20.json","English","legacy-en","legacy","1"
"dreams_batch_20.json","O'zbek","legacy-uz","legacy","1"
"dreams_batch_20.json","Русский","луч","legacy","1"
"dreams_batch_20.json","English","legacy-en","legacy","1"
"dreams_batch_20.json","O'zbek","legacy-uz","legacy","1"
"dreams_batch_20.json","Русский","лучеиспускание","legacy","1"
"dreams_batch_20.json","English","legacy-en","legacy","1"
"dreams_batch_20.json","O'zbek","legacy-uz","legacy","1"
"dreams_batch_20.json","Русский","лыжи","legacy","1"
"dreams_batch_20.json","English","legacy-en","legacy","1"
"dreams_batch_20.json","O'zbek","legacy-uz","legacy","1"
"dreams_batch_20.json","Русский","лыжня","legacy","1"
"dreams_batch_20.json","English","legacy-en","legacy","1"
"dreams_batch_20.json","O'zbek","legacy-uz","legacy","1"
"dreams_batch_20.json","Русский","лысина","legacy","1"
"dreams_batch_20.json","English","legacy-en","legacy","1"
"dreams_batch_20.json","O'zbek","legacy-uz","legacy","1"
"dreams_batch_20.json","Русский","лысый","legacy","1"
"dreams_batch_20.json","English","legacy-en","legacy","1"
"dreams_batch_20.json","O'zbek","legacy-uz","legacy","1"
"dreams_batch_20.json","Русский","львенок","legacy","1"
"dreams_batch_20.json","English","legacy-en","legacy","1"
"dreams_batch_20.json","O'zbek","legacy-uz","legacy","1"
"dreams_batch_20.json","Русский","львица","legacy","1"
"dreams_batch_20.json","English","legacy-en","legacy","1"
"dreams_batch_20.json","O'zbek","legacy-uz","legacy","1"
"dreams_batch_20.json","Русский","льгота","legacy","1"
"dreams_batch_20.json","English","legacy-en","legacy","1"
"dreams_batch_20.json","O'zbek","legacy-uz","legacy","1"
"dreams_batch_20.json","Русский","льдина","legacy","1"
"dreams_batch_20.json","English","legacy-en","legacy","1"
"dreams_batch_20.json","O'zbek","legacy-uz","legacy","1"
"dreams_batch_20.json","Русский","льнянка","legacy","1"
"dreams_batch_20.json","English","legacy-en","legacy","1"
"dreams_batch_20.json","O'zbek","legacy-uz","legacy","1"
"dreams_batch_20.json","Русский","любезность","legacy","1"
"dreams_batch_20.json","English","legacy-en","legacy","1"
"dreams_batch_20.json","O'zbek","legacy-uz","legacy","1"
"dreams_batch_20.json","Русский","любимец","legacy","1"
"dreams_batch_20.json","English","legacy-en","legacy","1"
"dreams_batch_20.json","O'zbek","legacy-uz","legacy","1"
"dreams_batch_20.json","Русский","любовник","legacy","1"
"dreams_batch_20.json","English","legacy-en","legacy","1"
"dreams_batch_20.json","O'zbek","legacy-uz","legacy","1"
"dreams_batch_20.json","Русский","любовница","legacy","1"
"dreams_batch_20.json","English","legacy-en","legacy","1"
"dreams_batch_20.json","O'zbek","legacy-uz","legacy","1"
"dreams_batch_20.json","Русский","любовь","legacy","1"
"dreams_batch_20.json","English","legacy-en","legacy","1"
"dreams_batch_20.json","O'zbek","legacy-uz","legacy","1"
"dreams_batch_20.json","Русский","любопытство","legacy","1"
"dreams_batch_20.json","English","legacy-en","legacy","1"
"dreams_batch_20.json","O'zbek","legacy-uz","legacy","1"
"dreams_batch_20.json","Русский","люди","legacy","1"
"dreams_batch_20.json","English","legacy-en","legacy","1"
"dreams_batch_20.json","O'zbek","legacy-uz","legacy","1"
"dreams_batch_20.json","Русский","люк","legacy","1"
"dreams_batch_20.json","English","legacy-en","legacy","1"
"dreams_batch_20.json","O'zbek","legacy-uz","legacy","1"
"dreams_batch_20.json","Русский","люлька","legacy","1"
"dreams_batch_20.json","English","legacy-en","legacy","1"
"dreams_batch_20.json","O'zbek","legacy-uz","legacy","1"
"dreams_batch_20.json","Русский","люстра","legacy","1"
"dreams_batch_20.json","English","legacy-en","legacy","1"
"dreams_batch_20.json","O'zbek","legacy-uz","legacy","1"
"dreams_batch_20.json","Русский","лютик","legacy","1"
"dreams_batch_20.json","English","legacy-en","legacy","1"
"dreams_batch_20.json","O'zbek","legacy-uz","legacy","1"
"dreams_batch_20.json","Русский","люфт","legacy","1"
"dreams_batch_20.json","English","legacy-en","legacy","1"
"dreams_batch_20.json","O'zbek","legacy-uz","legacy","1"
"dreams_batch_20.json","Русский","лягушка","legacy","1"
"dreams_batch_20.json","English","legacy-en","legacy","1"
"dreams_batch_20.json","O'zbek","legacy-uz","legacy","1"
"dreams_batch_20.json","Русский","лямка","legacy","1"
"dreams_batch_20.json","English","legacy-en","legacy","1"
"dreams_batch_20.json","O'zbek","legacy-uz","legacy","1"
"dreams_batch_20.json","Русский","ляп","legacy","1"
"dreams_batch_20.json","English","legacy-en","legacy","1"
"dreams_batch_20.json","O'zbek","legacy-uz","legacy","1"
"dreams_batch_20.json","Русский","лярва","legacy","1"
"dreams_batch_20.json","English","legacy-en","legacy","1"
"dreams_batch_20.json","O'zbek","legacy-uz","legacy","1"
"dreams_batch_20.json","Русский","мавзолей","legacy","1"
"dreams_batch_20.json","English","legacy-en","legacy","1"
"dreams_batch_20.json","O'zbek","legacy-uz","legacy","1"
"dreams_batch_20.json","Русский","маг","legacy","1"
"dreams_batch_20.json","English","legacy-en","legacy","1"
"dreams_batch_20.json","O'zbek","legacy-uz","legacy","1"
"dreams_batch_20.json","Русский","магазин","legacy","1"
"dreams_batch_20.json","English","legacy-en","legacy","1"
"dreams_batch_20.json","O'zbek","legacy-uz","legacy","1"
"dreams_batch_20.json","Русский","магистраль","legacy","1"
"dreams_batch_20.json","English","legacy-en","legacy","1"
"dreams_batch_20.json","O'zbek","legacy-uz","legacy","1"
"dreams_batch_20.json","Русский","магнат","legacy","1"
"dreams_batch_20.json","English","legacy-en","legacy","1"
"dreams_batch_20.json","O'zbek","legacy-uz","legacy","1"
"dreams_batch_20.json","Русский","магнит","legacy","1"
"dreams_batch_20.json","English","legacy-en","legacy","1"
"dreams_batch_20.json","O'zbek","legacy-uz","legacy","1"
"dreams_batch_20.json","Русский","магнитола","legacy","1"
"dreams_batch_20.json","English","legacy-en","legacy","1"
"dreams_batch_20.json","O'zbek","legacy-uz","legacy","1"
"dreams_batch_20.json","Русский","магнитофон","legacy","1"
"dreams_batch_20.json","English","legacy-en","legacy","1"
"dreams_batch_20.json","O'zbek","legacy-uz","legacy","1"
"dreams_batch_20.json","Русский","магнолия","legacy","1"
"dreams_batch_20.json","English","legacy-en","legacy","1"
"dreams_batch_20.json","O'zbek","legacy-uz","legacy","1"
"dreams_batch_20.json","Русский","мажор","legacy","1"
"dreams_batch_20.json","English","legacy-en","legacy","1"
"dreams_batch_20.json","O'zbek","legacy-uz","legacy","1"
"dreams_batch_20.json","Русский","мазня","legacy","1"
"dreams_batch_20.json","English","legacy-en","legacy","1"
"dreams_batch_20.json","O'zbek","legacy-uz","legacy","1"
"dreams_batch_20.json","Русский","мазут","legacy","1"
"dreams_batch_20.json","English","legacy-en","legacy","1"
"dreams_batch_20.json","O'zbek","legacy-uz","legacy","1"
"dreams_batch_20.json","Русский","мазь","legacy","1"
"dreams_batch_20.json","English","legacy-en","legacy","1"
"dreams_batch_20.json","O'zbek","legacy-uz","legacy","1"
"dreams_batch_20.json","Русский","маис","legacy","1"
"dreams_batch_20.json","English","legacy-en","legacy","1"
"dreams_batch_20.json","O'zbek","legacy-uz","legacy","1"
"dreams_batch_20.json","Русский","майка","legacy","1"
"dreams_batch_20.json","English","legacy-en","legacy","1"
"dreams_batch_20.json","O'zbek","legacy-uz","legacy","1"
"dreams_batch_20.json","Русский","майонез","legacy","1"
"dreams_batch_20.json","English","legacy-en","legacy","1"
"dreams_batch_20.json","O'zbek","legacy-uz","legacy","1"
"dreams_batch_20.json","Русский","майор","legacy","1"
"dreams_batch_20.json","English","legacy-en","legacy","1"
"dreams_batch_20.json","O'zbek","legacy-uz","legacy","1"
"dreams_batch_20.json","Русский","макет","legacy","1"
"dreams_batch_20.json","English","legacy-en","legacy","1"
"dreams_batch_20.json","O'zbek","legacy-uz","legacy","1"
"dreams_batch_20.json","Русский","макулатура","legacy","1"
"dreams_batch_20.json","English","legacy-en","legacy","1"
"dreams_batch_20.json","O'zbek","legacy-uz","legacy","1"
"dreams_batch_20.json","Русский","макушка","legacy","1"
"dreams_batch_20.json","English","legacy-en","legacy","1"
"dreams_batch_20.json","O'zbek","legacy-uz","legacy","1"
"dreams_batch_20.json","Русский","малахит","legacy","1"
"dreams_batch_20.json","English","legacy-en","legacy","1"
"dreams_batch_20.json","O'zbek","legacy-uz","legacy","1"
"dreams_batch_20.json","Русский","малина","legacy","1"
"dreams_batch_20.json","English","legacy-en","legacy","1"
"dreams_batch_20.json","O'zbek","legacy-uz","legacy","1"
"dreams_batch_20.json","Русский","малыш","legacy","1"
"dreams_batch_20.json","English","legacy-en","legacy","1"
"dreams_batch_20.json","O'zbek","legacy-uz","legacy","1"
"dreams_batch_20.json","Русский","мальчик","legacy","1"
"dreams_batch_20.json","English","legacy-en","legacy","1"
"dreams_batch_20.json","O'zbek","legacy-uz","legacy","1"
"dreams_batch_20.json","Русский","мама","legacy","1"
"dreams_batch_20.json","English","legacy-en","legacy","1"
"dreams_batch_20.json","O'zbek","legacy-uz","legacy","1"
"dreams_batch_20.json","Русский","мамонт","legacy","1"
"dreams_batch_20.json","English","legacy-en","legacy","1"
"dreams_batch_20.json","O'zbek","legacy-uz","legacy","1"
"dreams_batch_20.json","Русский","мангуст","legacy","1"
"dreams_batch_20.json","English","legacy-en","legacy","1"
"dreams_batch_20.json","O'zbek","legacy-uz","legacy","1"
"dreams_batch_20.json","Русский","мандарин","legacy","1"
"dreams_batch_20.json","English","legacy-en","legacy","1"
"dreams_batch_20.json","O'zbek","legacy-uz","legacy","1"
"dreams_batch_20.json","Русский","маневр","legacy","1"
"dreams_batch_20.json","English","legacy-en","legacy","1"
"dreams_batch_20.json","O'zbek","legacy-uz","legacy","1"
"dreams_batch_20.json","Русский","манеж","legacy","1"
"dreams_batch_20.json","English","legacy-en","legacy","1"
"dreams_batch_20.json","O'zbek","legacy-uz","legacy","1"
"dreams_batch_20.json","Русский","манекен","legacy","1"
"dreams_batch_20.json","English","legacy-en","legacy","1"
"dreams_batch_20.json","O'zbek","legacy-uz","legacy","1"
"dreams_batch_20.json","Русский","манера","legacy","1"
"dreams_batch_20.json","English","legacy-en","legacy","1"
"dreams_batch_20.json","O'zbek","legacy-uz","legacy","1"
"dreams_batch_20.json","Русский","манжет","legacy","1"
"dreams_batch_20.json","English","legacy-en","legacy","1"
"dreams_batch_20.json","O'zbek","legacy-uz","legacy","1"
"dreams_batch_20.json","Русский","манжетка","legacy","1"
"dreams_batch_20.json","English","legacy-en","legacy","1"
"dreams_batch_20.json","O'zbek","legacy-uz","legacy","1"
"dreams_batch_20.json","Русский","маникюр","legacy","1"
"dreams_batch_20.json","English","legacy-en","legacy","1"
"dreams_batch_20.json","O'zbek","legacy-uz","legacy","1"
"dreams_batch_20.json","Русский","манипуляция","legacy","1"
"dreams_batch_20.json","English","legacy-en","legacy","1"
"dreams_batch_20.json","O'zbek","legacy-uz","legacy","1"
"dreams_batch_20.json","Русский","манифест","legacy","1"
"dreams_batch_20.json","English","legacy-en","legacy","1"
"dreams_batch_20.json","O'zbek","legacy-uz","legacy","1"
"dreams_batch_20.json","Русский","манна","legacy","1"
"dreams_batch_20.json","English","legacy-en","legacy","1"
"dreams_batch_20.json","O'zbek","legacy-uz","legacy","1"
"dreams_batch_20.json","Русский","мансарда","legacy","1"
"dreams_batch_20.json","English","legacy-en","legacy","1"
"dreams_batch_20.json","O'zbek","legacy-uz","legacy","1"
"dreams_batch_20.json","Русский","мантия","legacy","1"
"dreams_batch_20.json","English","legacy-en","legacy","1"
"dreams_batch_20.json","O'zbek","legacy-uz","legacy","1"
"dreams_batch_20.json","Русский","манто","legacy","1"
"dreams_batch_20.json","English","legacy-en","legacy","1"
"dreams_batch_20.json","O'zbek","legacy-uz","legacy","1"
"dreams_batch_20.json","Русский","мантра","legacy","1"
"dreams_batch_20.json","English","legacy-en","legacy","1"
"dreams_batch_20.json","O'zbek","legacy-uz","legacy","1"
"dreams_batch_20.json","Русский","марафон","legacy","1"
"dreams_batch_20.json","English","legacy-en","legacy","1"
"dreams_batch_20.json","O'zbek","legacy-uz","legacy","1"
"dreams_batch_20.json","Русский","маргарин","legacy","1"
"dreams_batch_20.json","English","legacy-en","legacy","1"
"dreams_batch_20.json","O'zbek","legacy-uz","legacy","1"
"dreams_batch_20.json","Русский","маргаритка","legacy","1"
"dreams_batch_20.json","English","legacy-en","legacy","1"
"dreams_batch_20.json","O'zbek","legacy-uz","legacy","1"
"dreams_batch_20.json","Русский","марионетка","legacy","1"
"dreams_batch_20.json","English","legacy-en","legacy","1"
"dreams_batch_20.json","O'zbek","legacy-uz","legacy","1"
"dreams_batch_20.json","Русский","марка","legacy","1"
"dreams_batch_20.json","English","legacy-en","legacy","1"
"dreams_batch_20.json","O'zbek","legacy-uz","legacy","1"
"dreams_batch_20.json","Русский","мармелад","legacy","1"
"dreams_batch_20.json","English","legacy-en","legacy","1"
"dreams_batch_20.json","O'zbek","legacy-uz","legacy","1"
"dreams_batch_20.json","Русский","мародер","legacy","1"
"dreams_batch_20.json","English","legacy-en","legacy","1"
"dreams_batch_20.json","O'zbek","legacy-uz","legacy","1"
"dreams_batch_20.json","Русский","марс","legacy","1"
"dreams_batch_20.json","English","legacy-en","legacy","1"
"dreams_batch_20.json","O'zbek","legacy-uz","legacy","1"
"dreams_batch_20.json","Русский","марш","legacy","1"
"dreams_batch_20.json","English","legacy-en","legacy","1"
"dreams_batch_20.json","O'zbek","legacy-uz","legacy","1"
"dreams_batch_20.json","Русский","маршрут","legacy","1"
"dreams_batch_20.json","English","legacy-en","legacy","1"
"dreams_batch_20.json","O'zbek","legacy-uz","legacy","1"
"dreams_batch_21.json","Русский","маска","legacy","1"
"dreams_batch_21.json","English","legacy-en","legacy","1"
"dreams_batch_21.json","O'zbek","legacy-uz","legacy","1"
"dreams_batch_21.json","Русский","маскарад","legacy","1"
"dreams_batch_21.json","English","legacy-en","legacy","1"
"dreams_batch_21.json","O'zbek","legacy-uz","legacy","1"
"dreams_batch_21.json","Русский","масленка","legacy","1"
"dreams_batch_21.json","English","legacy-en","legacy","1"
"dreams_batch_21.json","O'zbek","legacy-uz","legacy","1"
"dreams_batch_21.json","Русский","масло","legacy","1"
"dreams_batch_21.json","English","legacy-en","legacy","1"
"dreams_batch_21.json","O'zbek","legacy-uz","legacy","1"
"dreams_batch_21.json","Русский","массаж","legacy","1"
"dreams_batch_21.json","English","legacy-en","legacy","1"
"dreams_batch_21.json","O'zbek","legacy-uz","legacy","1"
"dreams_batch_21.json","Русский","мастер","legacy","1"
"dreams_batch_21.json","English","legacy-en","legacy","1"
"dreams_batch_21.json","O'zbek","legacy-uz","legacy","1"
"dreams_batch_21.json","Русский","мастерская","legacy","1"
"dreams_batch_21.json","English","legacy-en","legacy","1"
"dreams_batch_21.json","O'zbek","legacy-uz","legacy","1"
"dreams_batch_21.json","Русский","масштаб","legacy","1"
"dreams_batch_21.json","English","legacy-en","legacy","1"
"dreams_batch_21.json","O'zbek","legacy-uz","legacy","1"
"dreams_batch_21.json","Русский","мат","legacy","1"
"dreams_batch_21.json","English","legacy-en","legacy","1"
"dreams_batch_21.json","O'zbek","legacy-uz","legacy","1"
"dreams_batch_21.json","Русский","математика","legacy","1"
"dreams_batch_21.json","English","legacy-en","legacy","1"
"dreams_batch_21.json","O'zbek","legacy-uz","legacy","1"
"dreams_batch_21.json","Русский","материал","legacy","1"
"dreams_batch_21.json","English","legacy-en","legacy","1"
"dreams_batch_21.json","O'zbek","legacy-uz","legacy","1"
"dreams_batch_21.json","Русский","материя","legacy","1"
"dreams_batch_21.json","English","legacy-en","legacy","1"
"dreams_batch_21.json","O'zbek","legacy-uz","legacy","1"
"dreams_batch_21.json","Русский","матрас","legacy","1"
"dreams_batch_21.json","English","legacy-en","legacy","1"
"dreams_batch_21.json","O'zbek","legacy-uz","legacy","1"
"dreams_batch_21.json","Русский","матрац","legacy","1"
"dreams_batch_21.json","English","legacy-en","legacy","1"
"dreams_batch_21.json","O'zbek","legacy-uz","legacy","1"
"dreams_batch_21.json","Русский","матрос","legacy","1"
"dreams_batch_21.json","English","legacy-en","legacy","1"
"dreams_batch_21.json","O'zbek","legacy-uz","legacy","1"
"dreams_batch_21.json","Русский","мать","legacy","1"
"dreams_batch_21.json","English","legacy-en","legacy","1"
"dreams_batch_21.json","O'zbek","legacy-uz","legacy","1"
"dreams_batch_21.json","Русский","махинация","legacy","1"
"dreams_batch_21.json","English","legacy-en","legacy","1"
"dreams_batch_21.json","O'zbek","legacy-uz","legacy","1"
"dreams_batch_21.json","Русский","мачеха","legacy","1"
"dreams_batch_21.json","English","legacy-en","legacy","1"
"dreams_batch_21.json","O'zbek","legacy-uz","legacy","1"
"dreams_batch_21.json","Русский","машина","legacy","1"
"dreams_batch_21.json","English","legacy-en","legacy","1"
"dreams_batch_21.json","O'zbek","legacy-uz","legacy","1"
"dreams_batch_21.json","Русский","маяк","legacy","1"
"dreams_batch_21.json","English","legacy-en","legacy","1"
"dreams_batch_21.json","O'zbek","legacy-uz","legacy","1"
"dreams_batch_21.json","Русский","маятник","legacy","1"
"dreams_batch_21.json","English","legacy-en","legacy","1"
"dreams_batch_21.json","O'zbek","legacy-uz","legacy","1"
"dreams_batch_21.json","Русский","мебель","legacy","1"
"dreams_batch_21.json","English","legacy-en","legacy","1"
"dreams_batch_21.json","O'zbek","legacy-uz","legacy","1"
"dreams_batch_21.json","Русский","мед","legacy","1"
"dreams_batch_21.json","English","legacy-en","legacy","1"
"dreams_batch_21.json","O'zbek","legacy-uz","legacy","1"
"dreams_batch_21.json","Русский","медаль","legacy","1"
"dreams_batch_21.json","English","legacy-en","legacy","1"
"dreams_batch_21.json","O'zbek","legacy-uz","legacy","1"
"dreams_batch_21.json","Русский","медальон","legacy","1"
"dreams_batch_21.json","English","legacy-en","legacy","1"
"dreams_batch_21.json","O'zbek","legacy-uz","legacy","1"
"dreams_batch_21.json","Русский","медведь","legacy","1"
"dreams_batch_21.json","English","legacy-en","legacy","1"
"dreams_batch_21.json","O'zbek","legacy-uz","legacy","1"
"dreams_batch_21.json","Русский","медвежонок","legacy","1"
"dreams_batch_21.json","English","legacy-en","legacy","1"
"dreams_batch_21.json","O'zbek","legacy-uz","legacy","1"
"dreams_batch_21.json","Русский","медитация","legacy","1"
"dreams_batch_21.json","English","legacy-en","legacy","1"
"dreams_batch_21.json","O'zbek","legacy-uz","legacy","1"
"dreams_batch_21.json","Русский","медицина","legacy","1"
"dreams_batch_21.json","English","legacy-en","legacy","1"
"dreams_batch_21.json","O'zbek","legacy-uz","legacy","1"
"dreams_batch_21.json","Русский","медленность","legacy","1"
"dreams_batch_21.json","English","legacy-en","legacy","1"
"dreams_batch_21.json","O'zbek","legacy-uz","legacy","1"
"dreams_batch_21.json","Русский","медуза","legacy","1"
"dreams_batch_21.json","English","legacy-en","legacy","1"
"dreams_batch_21.json","O'zbek","legacy-uz","legacy","1"
"dreams_batch_21.json","Русский","медь","legacy","1"
"dreams_batch_21.json","English","legacy-en","legacy","1"
"dreams_batch_21.json","O'zbek","legacy-uz","legacy","1"
"dreams_batch_21.json","Русский","медяшка","legacy","1"
"dreams_batch_21.json","English","legacy-en","legacy","1"
"dreams_batch_21.json","O'zbek","legacy-uz","legacy","1"
"dreams_batch_21.json","Русский","межа","legacy","1"
"dreams_batch_21.json","English","legacy-en","legacy","1"
"dreams_batch_21.json","O'zbek","legacy-uz","legacy","1"
"dreams_batch_21.json","Русский","междоусобица","legacy","1"
"dreams_batch_21.json","English","legacy-en","legacy","1"
"dreams_batch_21.json","O'zbek","legacy-uz","legacy","1"
"dreams_batch_21.json","Русский","мезальянс","legacy","1"
"dreams_batch_21.json","English","legacy-en","legacy","1"
"dreams_batch_21.json","O'zbek","legacy-uz","legacy","1"
"dreams_batch_21.json","Русский","мезонин","legacy","1"
"dreams_batch_21.json","English","legacy-en","legacy","1"
"dreams_batch_21.json","O'zbek","legacy-uz","legacy","1"
"dreams_batch_21.json","Русский","мел","legacy","1"
"dreams_batch_21.json","English","legacy-en","legacy","1"
"dreams_batch_21.json","O'zbek","legacy-uz","legacy","1"
"dreams_batch_21.json","Русский","мелодия","legacy","1"
"dreams_batch_21.json","English","legacy-en","legacy","1"
"dreams_batch_21.json","O'zbek","legacy-uz","legacy","1"
"dreams_batch_21.json","Русский","мелочь","legacy","1"
"dreams_batch_21.json","English","legacy-en","legacy","1"
"dreams_batch_21.json","O'zbek","legacy-uz","legacy","1"
"dreams_batch_21.json","Русский","мель","legacy","1"
"dreams_batch_21.json","English","legacy-en","legacy","1"
"dreams_batch_21.json","O'zbek","legacy-uz","legacy","1"
"dreams_batch_21.json","Русский","мельница","legacy","1"
"dreams_batch_21.json","English","legacy-en","legacy","1"
"dreams_batch_21.json","O'zbek","legacy-uz","legacy","1"
"dreams_batch_21.json","Русский","мельхиор","legacy","1"
"dreams_batch_21.json","English","legacy-en","legacy","1"
"dreams_batch_21.json","O'zbek","legacy-uz","legacy","1"
"dreams_batch_21.json","Русский","мембрана","legacy","1"
"dreams_batch_21.json","English","legacy-en","legacy","1"
"dreams_batch_21.json","O'zbek","legacy-uz","legacy","1"
"dreams_batch_21.json","Русский","мемориал","legacy","1"
"dreams_batch_21.json","English","legacy-en","legacy","1"
"dreams_batch_21.json","O'zbek","legacy-uz","legacy","1"
"dreams_batch_21.json","Русский","мемуары","legacy","1"
"dreams_batch_21.json","English","legacy-en","legacy","1"
"dreams_batch_21.json","O'zbek","legacy-uz","legacy","1"
"dreams_batch_21.json","Русский","менеджер","legacy","1"
"dreams_batch_21.json","English","legacy-en","legacy","1"
"dreams_batch_21.json","O'zbek","legacy-uz","legacy","1"
"dreams_batch_21.json","Русский","меню","legacy","1"
"dreams_batch_21.json","English","legacy-en","legacy","1"
"dreams_batch_21.json","O'zbek","legacy-uz","legacy","1"
"dreams_batch_21.json","Русский","мера","legacy","1"
"dreams_batch_21.json","English","legacy-en","legacy","1"
"dreams_batch_21.json","O'zbek","legacy-uz","legacy","1"
"dreams_batch_21.json","Русский","меридиан","legacy","1"
"dreams_batch_21.json","English","legacy-en","legacy","1"
"dreams_batch_21.json","O'zbek","legacy-uz","legacy","1"
"dreams_batch_21.json","Русский","мерин","legacy","1"
"dreams_batch_21.json","English","legacy-en","legacy","1"
"dreams_batch_21.json","O'zbek","legacy-uz","legacy","1"
"dreams_batch_21.json","Русский","мерка","legacy","1"
"dreams_batch_21.json","English","legacy-en","legacy","1"
"dreams_batch_21.json","O'zbek","legacy-uz","legacy","1"
"dreams_batch_21.json","Русский","мероприятие","legacy","1"
"dreams_batch_21.json","English","legacy-en","legacy","1"
"dreams_batch_21.json","O'zbek","legacy-uz","legacy","1"
"dreams_batch_21.json","Русский","мертвец","legacy","1"
"dreams_batch_21.json","English","legacy-en","legacy","1"
"dreams_batch_21.json","O'zbek","legacy-uz","legacy","1"
"dreams_batch_21.json","Русский","мерцание","legacy","1"
"dreams_batch_21.json","English","legacy-en","legacy","1"
"dreams_batch_21.json","O'zbek","legacy-uz","legacy","1"
"dreams_batch_21.json","Русский","мессия","legacy","1"
"dreams_batch_21.json","English","legacy-en","legacy","1"
"dreams_batch_21.json","O'zbek","legacy-uz","legacy","1"
"dreams_batch_21.json","Русский","место","legacy","1"
"dreams_batch_21.json","English","legacy-en","legacy","1"
"dreams_batch_21.json","O'zbek","legacy-uz","legacy","1"
"dreams_batch_21.json","Русский","месть","legacy","1"
"dreams_batch_21.json","English","legacy-en","legacy","1"
"dreams_batch_21.json","O'zbek","legacy-uz","legacy","1"
"dreams_batch_21.json","Русский","месяц","legacy","1"
"dreams_batch_21.json","English","legacy-en","legacy","1"
"dreams_batch_21.json","O'zbek","legacy-uz","legacy","1"
"dreams_batch_21.json","Русский","металл","legacy","1"
"dreams_batch_21.json","English","legacy-en","legacy","1"
"dreams_batch_21.json","O'zbek","legacy-uz","legacy","1"
"dreams_batch_21.json","Русский","метаморфоза","legacy","1"
"dreams_batch_21.json","English","legacy-en","legacy","1"
"dreams_batch_21.json","O'zbek","legacy-uz","legacy","1"
"dreams_batch_21.json","Русский","метание","legacy","1"
"dreams_batch_21.json","English","legacy-en","legacy","1"
"dreams_batch_21.json","O'zbek","legacy-uz","legacy","1"
"dreams_batch_21.json","Русский","метель","legacy","1"
"dreams_batch_21.json","English","legacy-en","legacy","1"
"dreams_batch_21.json","O'zbek","legacy-uz","legacy","1"
"dreams_batch_21.json","Русский","метеор","legacy","1"
"dreams_batch_21.json","English","legacy-en","legacy","1"
"dreams_batch_21.json","O'zbek","legacy-uz","legacy","1"
"dreams_batch_21.json","Русский","метеорит","legacy","1"
"dreams_batch_21.json","English","legacy-en","legacy","1"
"dreams_batch_21.json","O'zbek","legacy-uz","legacy","1"
"dreams_batch_21.json","Русский","метка","legacy","1"
"dreams_batch_21.json","English","legacy-en","legacy","1"
"dreams_batch_21.json","O'zbek","legacy-uz","legacy","1"
"dreams_batch_21.json","Русский","метла","legacy","1"
"dreams_batch_21.json","English","legacy-en","legacy","1"
"dreams_batch_21.json","O'zbek","legacy-uz","legacy","1"
"dreams_batch_21.json","Русский","метод","legacy","1"
"dreams_batch_21.json","English","legacy-en","legacy","1"
"dreams_batch_21.json","O'zbek","legacy-uz","legacy","1"
"dreams_batch_21.json","Русский","метро","legacy","1"
"dreams_batch_21.json","English","legacy-en","legacy","1"
"dreams_batch_21.json","O'zbek","legacy-uz","legacy","1"
"dreams_batch_21.json","Русский","мех","legacy","1"
"dreams_batch_21.json","English","legacy-en","legacy","1"
"dreams_batch_21.json","O'zbek","legacy-uz","legacy","1"
"dreams_batch_21.json","Русский","механизм","legacy","1"
"dreams_batch_21.json","English","legacy-en","legacy","1"
"dreams_batch_21.json","O'zbek","legacy-uz","legacy","1"
"dreams_batch_21.json","Русский","меч","legacy","1"
"dreams_batch_21.json","English","legacy-en","legacy","1"
"dreams_batch_21.json","O'zbek","legacy-uz","legacy","1"
"dreams_batch_21.json","Русский","мечта","legacy","1"
"dreams_batch_21.json","English","legacy-en","legacy","1"
"dreams_batch_21.json","O'zbek","legacy-uz","legacy","1"
"dreams_batch_21.json","Русский","мешок","legacy","1"
"dreams_batch_21.json","English","legacy-en","legacy","1"
"dreams_batch_21.json","O'zbek","legacy-uz","legacy","1"
"dreams_batch_21.json","Русский","миг","legacy","1"
"dreams_batch_21.json","English","legacy-en","legacy","1"
"dreams_batch_21.json","O'zbek","legacy-uz","legacy","1"
"dreams_batch_21.json","Русский","мигрень","legacy","1"
"dreams_batch_21.json","English","legacy-en","legacy","1"
"dreams_batch_21.json","O'zbek","legacy-uz","legacy","1"
"dreams_batch_21.json","Русский","мизантроп","legacy","1"
"dreams_batch_21.json","English","legacy-en","legacy","1"
"dreams_batch_21.json","O'zbek","legacy-uz","legacy","1"
"dreams_batch_21.json","Русский","мизинец","legacy","1"
"dreams_batch_21.json","English","legacy-en","legacy","1"
"dreams_batch_21.json","O'zbek","legacy-uz","legacy","1"
"dreams_batch_21.json","Русский","микроскоп","legacy","1"
"dreams_batch_21.json","English","legacy-en","legacy","1"
"dreams_batch_21.json","O'zbek","legacy-uz","legacy","1"
"dreams_batch_21.json","Русский","миксер","legacy","1"
"dreams_batch_21.json","English","legacy-en","legacy","1"
"dreams_batch_21.json","O'zbek","legacy-uz","legacy","1"
"dreams_batch_21.json","Русский","миллионер","legacy","1"
"dreams_batch_21.json","English","legacy-en","legacy","1"
"dreams_batch_21.json","O'zbek","legacy-uz","legacy","1"
"dreams_batch_21.json","Русский","милосердие","legacy","1"
"dreams_batch_21.json","English","legacy-en","legacy","1"
"dreams_batch_21.json","O'zbek","legacy-uz","legacy","1"
"dreams_batch_21.json","Русский","мимоза","legacy","1"
"dreams_batch_21.json","English","legacy-en","legacy","1"
"dreams_batch_21.json","O'zbek","legacy-uz","legacy","1"
"dreams_batch_21.json","Русский","мина","legacy","1"
"dreams_batch_21.json","English","legacy-en","legacy","1"
"dreams_batch_21.json","O'zbek","legacy-uz","legacy","1"
"dreams_batch_21.json","Русский","миндаль","legacy","1"
"dreams_batch_21.json","English","legacy-en","legacy","1"
"dreams_batch_21.json","O'zbek","legacy-uz","legacy","1"
"dreams_batch_21.json","Русский","минерал","legacy","1"
"dreams_batch_21.json","English","legacy-en","legacy","1"
"dreams_batch_21.json","O'zbek","legacy-uz","legacy","1"
"dreams_batch_21.json","Русский","минута","legacy","1"
"dreams_batch_21.json","English","legacy-en","legacy","1"
"dreams_batch_21.json","O'zbek","legacy-uz","legacy","1"
"dreams_batch_21.json","Русский","мир","legacy","1"
"dreams_batch_21.json","English","legacy-en","legacy","1"
"dreams_batch_21.json","O'zbek","legacy-uz","legacy","1"
"dreams_batch_21.json","Русский","мираж","legacy","1"
"dreams_batch_21.json","English","legacy-en","legacy","1"
"dreams_batch_21.json","O'zbek","legacy-uz","legacy","1"
"dreams_batch_21.json","Русский","миска","legacy","1"
"dreams_batch_21.json","English","legacy-en","legacy","1"
"dreams_batch_21.json","O'zbek","legacy-uz","legacy","1"
"dreams_batch_21.json","Русский","мистика","legacy","1"
"dreams_batch_21.json","English","legacy-en","legacy","1"
"dreams_batch_21.json","O'zbek","legacy-uz","legacy","1"
"dreams_batch_21.json","Русский","митинг","legacy","1"
"dreams_batch_21.json","English","legacy-en","legacy","1"
"dreams_batch_21.json","O'zbek","legacy-uz","legacy","1"
"dreams_batch_21.json","Русский","митра","legacy","1"
"dreams_batch_21.json","English","legacy-en","legacy","1"
"dreams_batch_21.json","O'zbek","legacy-uz","legacy","1"
"dreams_batch_21.json","Русский","миф","legacy","1"
"dreams_batch_21.json","English","legacy-en","legacy","1"
"dreams_batch_21.json","O'zbek","legacy-uz","legacy","1"
"dreams_batch_21.json","Русский","мишень","legacy","1"
"dreams_batch_21.json","English","legacy-en","legacy","1"
"dreams_batch_21.json","O'zbek","legacy-uz","legacy","1"
"dreams_batch_21.json","Русский","младенец","legacy","1"
"dreams_batch_21.json","English","legacy-en","legacy","1"
"dreams_batch_21.json","O'zbek","legacy-uz","legacy","1"
"dreams_batch_21.json","Русский","млечный путь","legacy","1"
"dreams_batch_21.json","English","legacy-en","legacy","1"
"dreams_batch_21.json","O'zbek","legacy-uz","legacy","1"
"dreams_batch_21.json","Русский","многоточие","legacy","1"
"dreams_batch_21.json","English","legacy-en","legacy","1"
"dreams_batch_21.json","O'zbek","legacy-uz","legacy","1"
"dreams_batch_21.json","Русский","множество","legacy","1"
"dreams_batch_21.json","English","legacy-en","legacy","1"
"dreams_batch_21.json","O'zbek","legacy-uz","legacy","1"
"dreams_batch_21.json","Русский","мобильность","legacy","1"
"dreams_batch_21.json","English","legacy-en","legacy","1"
"dreams_batch_21.json","O'zbek","legacy-uz","legacy","1"
"dreams_batch_22.json","Русский","могила","legacy","1"
"dreams_batch_22.json","English","legacy-en","legacy","1"
"dreams_batch_22.json","O'zbek","legacy-uz","legacy","1"
"dreams_batch_22.json","Русский","мода","legacy","1"
"dreams_batch_22.json","English","legacy-en","legacy","1"
"dreams_batch_22.json","O'zbek","legacy-uz","legacy","1"
"dreams_batch_22.json","Русский","модель","legacy","1"
"dreams_batch_22.json","English","legacy-en","legacy","1"
"dreams_batch_22.json","O'zbek","legacy-uz","legacy","1"
"dreams_batch_22.json","Русский","модерн","legacy","1"
"dreams_batch_22.json","English","legacy-en","legacy","1"
"dreams_batch_22.json","O'zbek","legacy-uz","legacy","1"
"dreams_batch_22.json","Русский","модница","legacy","1"
"dreams_batch_22.json","English","legacy-en","legacy","1"
"dreams_batch_22.json","O'zbek","legacy-uz","legacy","1"
"dreams_batch_22.json","Русский","мозаика","legacy","1"
"dreams_batch_22.json","English","legacy-en","legacy","1"
"dreams_batch_22.json","O'zbek","legacy-uz","legacy","1"
"dreams_batch_22.json","Русский","мозг","legacy","1"
"dreams_batch_22.json","English","legacy-en","legacy","1"
"dreams_batch_22.json","O'zbek","legacy-uz","legacy","1"
"dreams_batch_22.json","Русский","мозоль","legacy","1"
"dreams_batch_22.json","English","legacy-en","legacy","1"
"dreams_batch_22.json","O'zbek","legacy-uz","legacy","1"
"dreams_batch_22.json","Русский","молитва","legacy","1"
"dreams_batch_22.json","English","legacy-en","legacy","1"
"dreams_batch_22.json","O'zbek","legacy-uz","legacy","1"
"dreams_batch_22.json","Русский","молния","legacy","1"
"dreams_batch_22.json","English","legacy-en","legacy","1"
"dreams_batch_22.json","O'zbek","legacy-uz","legacy","1"
"dreams_batch_22.json","Русский","молодость","legacy","1"
"dreams_batch_22.json","English","legacy-en","legacy","1"
"dreams_batch_22.json","O'zbek","legacy-uz","legacy","1"
"dreams_batch_22.json","Русский","молодцеватость","legacy","1"
"dreams_batch_22.json","English","legacy-en","legacy","1"
"dreams_batch_22.json","O'zbek","legacy-uz","legacy","1"
"dreams_batch_22.json","Русский","молоко","legacy","1"
"dreams_batch_22.json","English","legacy-en","legacy","1"
"dreams_batch_22.json","O'zbek","legacy-uz","legacy","1"
"dreams_batch_22.json","Русский","молот","legacy","1"
"dreams_batch_22.json","English","legacy-en","legacy","1"
"dreams_batch_22.json","O'zbek","legacy-uz","legacy","1"
"dreams_batch_22.json","Русский","молоток","legacy","1"
"dreams_batch_22.json","English","legacy-en","legacy","1"
"dreams_batch_22.json","O'zbek","legacy-uz","legacy","1"
"dreams_batch_22.json","Русский","молотьба","legacy","1"
"dreams_batch_22.json","English","legacy-en","legacy","1"
"dreams_batch_22.json","O'zbek","legacy-uz","legacy","1"
"dreams_batch_22.json","Русский","молчание","legacy","1"
"dreams_batch_22.json","English","legacy-en","legacy","1"
"dreams_batch_22.json","O'zbek","legacy-uz","legacy","1"
"dreams_batch_22.json","Русский","моль","legacy","1"
"dreams_batch_22.json","English","legacy-en","legacy","1"
"dreams_batch_22.json","O'zbek","legacy-uz","legacy","1"
"dreams_batch_22.json","Русский","мольба","legacy","1"
"dreams_batch_22.json","English","legacy-en","legacy","1"
"dreams_batch_22.json","O'zbek","legacy-uz","legacy","1"
"dreams_batch_22.json","Русский","мольберт","legacy","1"
"dreams_batch_22.json","English","legacy-en","legacy","1"
"dreams_batch_22.json","O'zbek","legacy-uz","legacy","1"
"dreams_batch_22.json","Русский","монета","legacy","1"
"dreams_batch_22.json","English","legacy-en","legacy","1"
"dreams_batch_22.json","O'zbek","legacy-uz","legacy","1"
"dreams_batch_22.json","Русский","монолит","legacy","1"
"dreams_batch_22.json","English","legacy-en","legacy","1"
"dreams_batch_22.json","O'zbek","legacy-uz","legacy","1"
"dreams_batch_22.json","Русский","монолог","legacy","1"
"dreams_batch_22.json","English","legacy-en","legacy","1"
"dreams_batch_22.json","O'zbek","legacy-uz","legacy","1"
"dreams_batch_22.json","Русский","монополия","legacy","1"
"dreams_batch_22.json","English","legacy-en","legacy","1"
"dreams_batch_22.json","O'zbek","legacy-uz","legacy","1"
"dreams_batch_22.json","Русский","монстр","legacy","1"
"dreams_batch_22.json","English","legacy-en","legacy","1"
"dreams_batch_22.json","O'zbek","legacy-uz","legacy","1"
"dreams_batch_22.json","Русский","монтаж","legacy","1"
"dreams_batch_22.json","English","legacy-en","legacy","1"
"dreams_batch_22.json","O'zbek","legacy-uz","legacy","1"
"dreams_batch_22.json","Русский","монтажник","legacy","1"
"dreams_batch_22.json","English","legacy-en","legacy","1"
"dreams_batch_22.json","O'zbek","legacy-uz","legacy","1"
"dreams_batch_22.json","Русский","монумент","legacy","1"
"dreams_batch_22.json","English","legacy-en","legacy","1"
"dreams_batch_22.json","O'zbek","legacy-uz","legacy","1"
"dreams_batch_22.json","Русский","мопед","legacy","1"
"dreams_batch_22.json","English","legacy-en","legacy","1"
"dreams_batch_22.json","O'zbek","legacy-uz","legacy","1"
"dreams_batch_22.json","Русский","морг","legacy","1"
"dreams_batch_22.json","English","legacy-en","legacy","1"
"dreams_batch_22.json","O'zbek","legacy-uz","legacy","1"
"dreams_batch_22.json","Русский","морда","legacy","1"
"dreams_batch_22.json","English","legacy-en","legacy","1"
"dreams_batch_22.json","O'zbek","legacy-uz","legacy","1"
"dreams_batch_22.json","Русский","море","legacy","1"
"dreams_batch_22.json","English","legacy-en","legacy","1"
"dreams_batch_22.json","O'zbek","legacy-uz","legacy","1"
"dreams_batch_22.json","Русский","мореплаватель","legacy","1"
"dreams_batch_22.json","English","legacy-en","legacy","1"
"dreams_batch_22.json","O'zbek","legacy-uz","legacy","1"
"dreams_batch_22.json","Русский","морилка","legacy","1"
"dreams_batch_22.json","English","legacy-en","legacy","1"
"dreams_batch_22.json","O'zbek","legacy-uz","legacy","1"
"dreams_batch_22.json","Русский","морковь","legacy","1"
"dreams_batch_22.json","English","legacy-en","legacy","1"
"dreams_batch_22.json","O'zbek","legacy-uz","legacy","1"
"dreams_batch_22.json","Русский","мороженое","legacy","1"
"dreams_batch_22.json","English","legacy-en","legacy","1"
"dreams_batch_22.json","O'zbek","legacy-uz","legacy","1"
"dreams_batch_22.json","Русский","мороз","legacy","1"
"dreams_batch_22.json","English","legacy-en","legacy","1"
"dreams_batch_22.json","O'zbek","legacy-uz","legacy","1"
"dreams_batch_22.json","Русский","морось","legacy","1"
"dreams_batch_22.json","English","legacy-en","legacy","1"
"dreams_batch_22.json","O'zbek","legacy-uz","legacy","1"
"dreams_batch_22.json","Русский","морс","legacy","1"
"dreams_batch_22.json","English","legacy-en","legacy","1"
"dreams_batch_22.json","O'zbek","legacy-uz","legacy","1"
"dreams_batch_22.json","Русский","морщина","legacy","1"
"dreams_batch_22.json","English","legacy-en","legacy","1"
"dreams_batch_22.json","O'zbek","legacy-uz","legacy","1"
"dreams_batch_22.json","Русский","моряк","legacy","1"
"dreams_batch_22.json","English","legacy-en","legacy","1"
"dreams_batch_22.json","O'zbek","legacy-uz","legacy","1"
"dreams_batch_22.json","Русский","москит","legacy","1"
"dreams_batch_22.json","English","legacy-en","legacy","1"
"dreams_batch_22.json","O'zbek","legacy-uz","legacy","1"
"dreams_batch_22.json","Русский","мост","legacy","1"
"dreams_batch_22.json","English","legacy-en","legacy","1"
"dreams_batch_22.json","O'zbek","legacy-uz","legacy","1"
"dreams_batch_22.json","Русский","мост (зубной)","legacy","1"
"dreams_batch_22.json","English","legacy-en","legacy","1"
"dreams_batch_22.json","O'zbek","legacy-uz","legacy","1"
"dreams_batch_22.json","Русский","мостовая","legacy","1"
"dreams_batch_22.json","English","legacy-en","legacy","1"
"dreams_batch_22.json","O'zbek","legacy-uz","legacy","1"
"dreams_batch_22.json","Русский","мотив","legacy","1"
"dreams_batch_22.json","English","legacy-en","legacy","1"
"dreams_batch_22.json","O'zbek","legacy-uz","legacy","1"
"dreams_batch_22.json","Русский","мотивировка","legacy","1"
"dreams_batch_22.json","English","legacy-en","legacy","1"
"dreams_batch_22.json","O'zbek","legacy-uz","legacy","1"
"dreams_batch_22.json","Русский","мотор","legacy","1"
"dreams_batch_22.json","English","legacy-en","legacy","1"
"dreams_batch_22.json","O'zbek","legacy-uz","legacy","1"
"dreams_batch_22.json","Русский","мотыга","legacy","1"
"dreams_batch_22.json","English","legacy-en","legacy","1"
"dreams_batch_22.json","O'zbek","legacy-uz","legacy","1"
"dreams_batch_22.json","Русский","мотылек","legacy","1"
"dreams_batch_22.json","English","legacy-en","legacy","1"
"dreams_batch_22.json","O'zbek","legacy-uz","legacy","1"
"dreams_batch_22.json","Русский","мотыль","legacy","1"
"dreams_batch_22.json","English","legacy-en","legacy","1"
"dreams_batch_22.json","O'zbek","legacy-uz","legacy","1"
"dreams_batch_22.json","Русский","мох","legacy","1"
"dreams_batch_22.json","English","legacy-en","legacy","1"
"dreams_batch_22.json","O'zbek","legacy-uz","legacy","1"
"dreams_batch_22.json","Русский","мочалка","legacy","1"
"dreams_batch_22.json","English","legacy-en","legacy","1"
"dreams_batch_22.json","O'zbek","legacy-uz","legacy","1"
"dreams_batch_22.json","Русский","мошка","legacy","1"
"dreams_batch_22.json","English","legacy-en","legacy","1"
"dreams_batch_22.json","O'zbek","legacy-uz","legacy","1"
"dreams_batch_22.json","Русский","мощение","legacy","1"
"dreams_batch_22.json","English","legacy-en","legacy","1"
"dreams_batch_22.json","O'zbek","legacy-uz","legacy","1"
"dreams_batch_22.json","Русский","мощи","legacy","1"
"dreams_batch_22.json","English","legacy-en","legacy","1"
"dreams_batch_22.json","O'zbek","legacy-uz","legacy","1"
"dreams_batch_22.json","Русский","мощь","legacy","1"
"dreams_batch_22.json","English","legacy-en","legacy","1"
"dreams_batch_22.json","O'zbek","legacy-uz","legacy","1"
"dreams_batch_22.json","Русский","мразь","legacy","1"
"dreams_batch_22.json","English","legacy-en","legacy","1"
"dreams_batch_22.json","O'zbek","legacy-uz","legacy","1"
"dreams_batch_22.json","Русский","мрак","legacy","1"
"dreams_batch_22.json","English","legacy-en","legacy","1"
"dreams_batch_22.json","O'zbek","legacy-uz","legacy","1"
"dreams_batch_22.json","Русский","мрамор","legacy","1"
"dreams_batch_22.json","English","legacy-en","legacy","1"
"dreams_batch_22.json","O'zbek","legacy-uz","legacy","1"
"dreams_batch_22.json","Русский","мститель","legacy","1"
"dreams_batch_22.json","English","legacy-en","legacy","1"
"dreams_batch_22.json","O'zbek","legacy-uz","legacy","1"
"dreams_batch_22.json","Русский","мудрец","legacy","1"
"dreams_batch_22.json","English","legacy-en","legacy","1"
"dreams_batch_22.json","O'zbek","legacy-uz","legacy","1"
"dreams_batch_22.json","Русский","мудрость","legacy","1"
"dreams_batch_22.json","English","legacy-en","legacy","1"
"dreams_batch_22.json","O'zbek","legacy-uz","legacy","1"
"dreams_batch_22.json","Русский","муж","legacy","1"
"dreams_batch_22.json","English","legacy-en","legacy","1"
"dreams_batch_22.json","O'zbek","legacy-uz","legacy","1"
"dreams_batch_22.json","Русский","мужество","legacy","1"
"dreams_batch_22.json","English","legacy-en","legacy","1"
"dreams_batch_22.json","O'zbek","legacy-uz","legacy","1"
"dreams_batch_22.json","Русский","мужчина","legacy","1"
"dreams_batch_22.json","English","legacy-en","legacy","1"
"dreams_batch_22.json","O'zbek","legacy-uz","legacy","1"
"dreams_batch_22.json","Русский","муза","legacy","1"
"dreams_batch_22.json","English","legacy-en","legacy","1"
"dreams_batch_22.json","O'zbek","legacy-uz","legacy","1"
"dreams_batch_22.json","Русский","музей","legacy","1"
"dreams_batch_22.json","English","legacy-en","legacy","1"
"dreams_batch_22.json","O'zbek","legacy-uz","legacy","1"
"dreams_batch_22.json","Русский","музыка","legacy","1"
"dreams_batch_22.json","English","legacy-en","legacy","1"
"dreams_batch_22.json","O'zbek","legacy-uz","legacy","1"
"dreams_batch_22.json","Русский","музыкант","legacy","1"
"dreams_batch_22.json","English","legacy-en","legacy","1"
"dreams_batch_22.json","O'zbek","legacy-uz","legacy","1"
"dreams_batch_22.json","Русский","мука","legacy","1"
"dreams_batch_22.json","English","legacy-en","legacy","1"
"dreams_batch_22.json","O'zbek","legacy-uz","legacy","1"
"dreams_batch_22.json","Русский","мука (продукт)","legacy","1"
"dreams_batch_22.json","English","legacy-en","legacy","1"
"dreams_batch_22.json","O'zbek","legacy-uz","legacy","1"
"dreams_batch_22.json","Русский","мука (страдание)","legacy","1"
"dreams_batch_22.json","English","legacy-en","legacy","1"
"dreams_batch_22.json","O'zbek","legacy-uz","legacy","1"
"dreams_batch_22.json","Русский","мул","legacy","1"
"dreams_batch_22.json","English","legacy-en","legacy","1"
"dreams_batch_22.json","O'zbek","legacy-uz","legacy","1"
"dreams_batch_22.json","Русский","мулат","legacy","1"
"dreams_batch_22.json","English","legacy-en","legacy","1"
"dreams_batch_22.json","O'zbek","legacy-uz","legacy","1"
"dreams_batch_22.json","Русский","муляж","legacy","1"
"dreams_batch_22.json","English","legacy-en","legacy","1"
"dreams_batch_22.json","O'zbek","legacy-uz","legacy","1"
"dreams_batch_22.json","Русский","мумия","legacy","1"
"dreams_batch_22.json","English","legacy-en","legacy","1"
"dreams_batch_22.json","O'zbek","legacy-uz","legacy","1"
"dreams_batch_22.json","Русский","мундир","legacy","1"
"dreams_batch_22.json","English","legacy-en","legacy","1"
"dreams_batch_22.json","O'zbek","legacy-uz","legacy","1"
"dreams_batch_22.json","Русский","мундштук","legacy","1"
"dreams_batch_22.json","English","legacy-en","legacy","1"
"dreams_batch_22.json","O'zbek","legacy-uz","legacy","1"
"dreams_batch_22.json","Русский","муравей","legacy","1"
"dreams_batch_22.json","English","legacy-en","legacy","1"
"dreams_batch_22.json","O'zbek","legacy-uz","legacy","1"
"dreams_batch_22.json","Русский","муравейник","legacy","1"
"dreams_batch_22.json","English","legacy-en","legacy","1"
"dreams_batch_22.json","O'zbek","legacy-uz","legacy","1"
"dreams_batch_22.json","Русский","мурашки","legacy","1"
"dreams_batch_22.json","English","legacy-en","legacy","1"
"dreams_batch_22.json","O'zbek","legacy-uz","legacy","1"
"dreams_batch_22.json","Русский","мурлыканье","legacy","1"
"dreams_batch_22.json","English","legacy-en","legacy","1"
"dreams_batch_22.json","O'zbek","legacy-uz","legacy","1"
"dreams_batch_22.json","Русский","мусор","legacy","1"
"dreams_batch_22.json","English","legacy-en","legacy","1"
"dreams_batch_22.json","O'zbek","legacy-uz","legacy","1"
"dreams_batch_22.json","Русский","мусс","legacy","1"
"dreams_batch_22.json","English","legacy-en","legacy","1"
"dreams_batch_22.json","O'zbek","legacy-uz","legacy","1"
"dreams_batch_22.json","Русский","муссон","legacy","1"
"dreams_batch_22.json","English","legacy-en","legacy","1"
"dreams_batch_22.json","O'zbek","legacy-uz","legacy","1"
"dreams_batch_22.json","Русский","мустанг","legacy","1"
"dreams_batch_22.json","English","legacy-en","legacy","1"
"dreams_batch_22.json","O'zbek","legacy-uz","legacy","1"
"dreams_batch_22.json","Русский","мутация","legacy","1"
"dreams_batch_22.json","English","legacy-en","legacy","1"
"dreams_batch_22.json","O'zbek","legacy-uz","legacy","1"
"dreams_batch_22.json","Русский","мутнота","legacy","1"
"dreams_batch_22.json","English","legacy-en","legacy","1"
"dreams_batch_22.json","O'zbek","legacy-uz","legacy","1"
"dreams_batch_22.json","Русский","муть","legacy","1"
"dreams_batch_22.json","English","legacy-en","legacy","1"
"dreams_batch_22.json","O'zbek","legacy-uz","legacy","1"
"dreams_batch_22.json","Русский","муфта","legacy","1"
"dreams_batch_22.json","English","legacy-en","legacy","1"
"dreams_batch_22.json","O'zbek","legacy-uz","legacy","1"
"dreams_batch_22.json","Русский","муха","legacy","1"
"dreams_batch_22.json","English","legacy-en","legacy","1"
"dreams_batch_22.json","O'zbek","legacy-uz","legacy","1"
"dreams_batch_22.json","Русский","мухоловка","legacy","1"
"dreams_batch_22.json","English","legacy-en","legacy","1"
"dreams_batch_22.json","O'zbek","legacy-uz","legacy","1"
"dreams_batch_22.json","Русский","мухомор","legacy","1"
"dreams_batch_22.json","English","legacy-en","legacy","1"
"dreams_batch_22.json","O'zbek","legacy-uz","legacy","1"
"dreams_batch_22.json","Русский","мучение","legacy","1"
"dreams_batch_22.json","English","legacy-en","legacy","1"
"dreams_batch_22.json","O'zbek","legacy-uz","legacy","1"
"dreams_batch_22.json","Русский","мучитель","legacy","1"
"dreams_batch_22.json","English","legacy-en","legacy","1"
"dreams_batch_22.json","O'zbek","legacy-uz","legacy","1"
"dreams_batch_22.json","Русский","мушкет","legacy","1"
"dreams_batch_22.json","English","legacy-en","legacy","1"
"dreams_batch_22.json","O'zbek","legacy-uz","legacy","1"
"dreams_batch_22.json","Русский","мщение","legacy","1"
"dreams_batch_22.json","English","legacy-en","legacy","1"
"dreams_batch_22.json","O'zbek","legacy-uz","legacy","1"
"dreams_batch_22.json","Русский","мыло","legacy","1"
"dreams_batch_22.json","English","legacy-en","legacy","1"
"dreams_batch_22.json","O'zbek","legacy-uz","legacy","1"
"dreams_batch_22.json","Русский","мыльница","legacy","1"
"dreams_batch_22.json","English","legacy-en","legacy","1"
"dreams_batch_22.json","O'zbek","legacy-uz","legacy","1"
"dreams_batch_23.json","Русский","мыс","legacy","1"
"dreams_batch_23.json","English","legacy-en","legacy","1"
"dreams_batch_23.json","O'zbek","legacy-uz","legacy","1"
"dreams_batch_23.json","Русский","мысль","legacy","1"
"dreams_batch_23.json","English","legacy-en","legacy","1"
"dreams_batch_23.json","O'zbek","legacy-uz","legacy","1"
"dreams_batch_23.json","Русский","мытарство","legacy","1"
"dreams_batch_23.json","English","legacy-en","legacy","1"
"dreams_batch_23.json","O'zbek","legacy-uz","legacy","1"
"dreams_batch_23.json","Русский","мытье","legacy","1"
"dreams_batch_23.json","English","legacy-en","legacy","1"
"dreams_batch_23.json","O'zbek","legacy-uz","legacy","1"
"dreams_batch_23.json","Русский","мышеловка","legacy","1"
"dreams_batch_23.json","English","legacy-en","legacy","1"
"dreams_batch_23.json","O'zbek","legacy-uz","legacy","1"
"dreams_batch_23.json","Русский","мышь","legacy","1"
"dreams_batch_23.json","English","legacy-en","legacy","1"
"dreams_batch_23.json","O'zbek","legacy-uz","legacy","1"
"dreams_batch_23.json","Русский","мэр","legacy","1"
"dreams_batch_23.json","English","legacy-en","legacy","1"
"dreams_batch_23.json","O'zbek","legacy-uz","legacy","1"
"dreams_batch_23.json","Русский","мюзикл","legacy","1"
"dreams_batch_23.json","English","legacy-en","legacy","1"
"dreams_batch_23.json","O'zbek","legacy-uz","legacy","1"
"dreams_batch_23.json","Русский","мягкость","legacy","1"
"dreams_batch_23.json","English","legacy-en","legacy","1"
"dreams_batch_23.json","O'zbek","legacy-uz","legacy","1"
"dreams_batch_23.json","Русский","мякина","legacy","1"
"dreams_batch_23.json","English","legacy-en","legacy","1"
"dreams_batch_23.json","O'zbek","legacy-uz","legacy","1"
"dreams_batch_23.json","Русский","мякиш","legacy","1"
"dreams_batch_23.json","English","legacy-en","legacy","1"
"dreams_batch_23.json","O'zbek","legacy-uz","legacy","1"
"dreams_batch_23.json","Русский","мясо","legacy","1"
"dreams_batch_23.json","English","legacy-en","legacy","1"
"dreams_batch_23.json","O'zbek","legacy-uz","legacy","1"
"dreams_batch_23.json","Русский","мясорубка","legacy","1"
"dreams_batch_23.json","English","legacy-en","legacy","1"
"dreams_batch_23.json","O'zbek","legacy-uz","legacy","1"
"dreams_batch_23.json","Русский","мята","legacy","1"
"dreams_batch_23.json","English","legacy-en","legacy","1"
"dreams_batch_23.json","O'zbek","legacy-uz","legacy","1"
"dreams_batch_23.json","Русский","мятеж","legacy","1"
"dreams_batch_23.json","English","legacy-en","legacy","1"
"dreams_batch_23.json","O'zbek","legacy-uz","legacy","1"
"dreams_batch_23.json","Русский","мятежник","legacy","1"
"dreams_batch_23.json","English","legacy-en","legacy","1"
"dreams_batch_23.json","O'zbek","legacy-uz","legacy","1"
"dreams_batch_23.json","Русский","мяч","legacy","1"
"dreams_batch_23.json","English","legacy-en","legacy","1"
"dreams_batch_23.json","O'zbek","legacy-uz","legacy","1"
"dreams_batch_23.json","Русский","набалдашник","legacy","1"
"dreams_batch_23.json","English","legacy-en","legacy","1"
"dreams_batch_23.json","O'zbek","legacy-uz","legacy","1"
"dreams_batch_23.json","Русский","набат","legacy","1"
"dreams_batch_23.json","English","legacy-en","legacy","1"
"dreams_batch_23.json","O'zbek","legacy-uz","legacy","1"
"dreams_batch_23.json","Русский","набережная","legacy","1"
"dreams_batch_23.json","English","legacy-en","legacy","1"
"dreams_batch_23.json","O'zbek","legacy-uz","legacy","1"
"dreams_batch_23.json","Русский","навигация","legacy","1"
"dreams_batch_23.json","English","legacy-en","legacy","1"
"dreams_batch_23.json","O'zbek","legacy-uz","legacy","1"
"dreams_batch_23.json","Русский","наводка","legacy","1"
"dreams_batch_23.json","English","legacy-en","legacy","1"
"dreams_batch_23.json","O'zbek","legacy-uz","legacy","1"
"dreams_batch_23.json","Русский","наводнение","legacy","1"
"dreams_batch_23.json","English","legacy-en","legacy","1"
"dreams_batch_23.json","O'zbek","legacy-uz","legacy","1"
"dreams_batch_23.json","Русский","наволочка","legacy","1"
"dreams_batch_23.json","English","legacy-en","legacy","1"
"dreams_batch_23.json","O'zbek","legacy-uz","legacy","1"
"dreams_batch_23.json","Русский","навык","legacy","1"
"dreams_batch_23.json","English","legacy-en","legacy","1"
"dreams_batch_23.json","O'zbek","legacy-uz","legacy","1"
"dreams_batch_23.json","Русский","нагар","legacy","1"
"dreams_batch_23.json","English","legacy-en","legacy","1"
"dreams_batch_23.json","O'zbek","legacy-uz","legacy","1"
"dreams_batch_23.json","Русский","награда","legacy","1"
"dreams_batch_23.json","English","legacy-en","legacy","1"
"dreams_batch_23.json","O'zbek","legacy-uz","legacy","1"
"dreams_batch_23.json","Русский","нагрузка","legacy","1"
"dreams_batch_23.json","English","legacy-en","legacy","1"
"dreams_batch_23.json","O'zbek","legacy-uz","legacy","1"
"dreams_batch_23.json","Русский","надгробие","legacy","1"
"dreams_batch_23.json","English","legacy-en","legacy","1"
"dreams_batch_23.json","O'zbek","legacy-uz","legacy","1"
"dreams_batch_23.json","Русский","надежда","legacy","1"
"dreams_batch_23.json","English","legacy-en","legacy","1"
"dreams_batch_23.json","O'zbek","legacy-uz","legacy","1"
"dreams_batch_23.json","Русский","надежность","legacy","1"
"dreams_batch_23.json","English","legacy-en","legacy","1"
"dreams_batch_23.json","O'zbek","legacy-uz","legacy","1"
"dreams_batch_23.json","Русский","надел","legacy","1"
"dreams_batch_23.json","English","legacy-en","legacy","1"
"dreams_batch_23.json","O'zbek","legacy-uz","legacy","1"
"dreams_batch_23.json","Русский","надзиратель","legacy","1"
"dreams_batch_23.json","English","legacy-en","legacy","1"
"dreams_batch_23.json","O'zbek","legacy-uz","legacy","1"
"dreams_batch_23.json","Русский","надзор","legacy","1"
"dreams_batch_23.json","English","legacy-en","legacy","1"
"dreams_batch_23.json","O'zbek","legacy-uz","legacy","1"
"dreams_batch_23.json","Русский","надир","legacy","1"
"dreams_batch_23.json","English","legacy-en","legacy","1"
"dreams_batch_23.json","O'zbek","legacy-uz","legacy","1"
"dreams_batch_23.json","Русский","надменность","legacy","1"
"dreams_batch_23.json","English","legacy-en","legacy","1"
"dreams_batch_23.json","O'zbek","legacy-uz","legacy","1"
"dreams_batch_23.json","Русский","надпись","legacy","1"
"dreams_batch_23.json","English","legacy-en","legacy","1"
"dreams_batch_23.json","O'zbek","legacy-uz","legacy","1"
"dreams_batch_23.json","Русский","надрез","legacy","1"
"dreams_batch_23.json","English","legacy-en","legacy","1"
"dreams_batch_23.json","O'zbek","legacy-uz","legacy","1"
"dreams_batch_23.json","Русский","надрыв","legacy","1"
"dreams_batch_23.json","English","legacy-en","legacy","1"
"dreams_batch_23.json","O'zbek","legacy-uz","legacy","1"
"dreams_batch_23.json","Русский","надстройка","legacy","1"
"dreams_batch_23.json","English","legacy-en","legacy","1"
"dreams_batch_23.json","O'zbek","legacy-uz","legacy","1"
"dreams_batch_23.json","Русский","надувательство","legacy","1"
"dreams_batch_23.json","English","legacy-en","legacy","1"
"dreams_batch_23.json","O'zbek","legacy-uz","legacy","1"
"dreams_batch_23.json","Русский","надутость","legacy","1"
"dreams_batch_23.json","English","legacy-en","legacy","1"
"dreams_batch_23.json","O'zbek","legacy-uz","legacy","1"
"dreams_batch_23.json","Русский","надфиль","legacy","1"
"dreams_batch_23.json","English","legacy-en","legacy","1"
"dreams_batch_23.json","O'zbek","legacy-uz","legacy","1"
"dreams_batch_23.json","Русский","наезд","legacy","1"
"dreams_batch_23.json","English","legacy-en","legacy","1"
"dreams_batch_23.json","O'zbek","legacy-uz","legacy","1"
"dreams_batch_23.json","Русский","наездник","legacy","1"
"dreams_batch_23.json","English","legacy-en","legacy","1"
"dreams_batch_23.json","O'zbek","legacy-uz","legacy","1"
"dreams_batch_23.json","Русский","наемник","legacy","1"
"dreams_batch_23.json","English","legacy-en","legacy","1"
"dreams_batch_23.json","O'zbek","legacy-uz","legacy","1"
"dreams_batch_23.json","Русский","наждак","legacy","1"
"dreams_batch_23.json","English","legacy-en","legacy","1"
"dreams_batch_23.json","O'zbek","legacy-uz","legacy","1"
"dreams_batch_23.json","Русский","наковальня","legacy","1"
"dreams_batch_23.json","English","legacy-en","legacy","1"
"dreams_batch_23.json","O'zbek","legacy-uz","legacy","1"
"dreams_batch_23.json","Русский","налог","legacy","1"
"dreams_batch_23.json","English","legacy-en","legacy","1"
"dreams_batch_23.json","O'zbek","legacy-uz","legacy","1"
"dreams_batch_23.json","Русский","наперсток","legacy","1"
"dreams_batch_23.json","English","legacy-en","legacy","1"
"dreams_batch_23.json","O'zbek","legacy-uz","legacy","1"
"dreams_batch_23.json","Русский","напиток","legacy","1"
"dreams_batch_23.json","English","legacy-en","legacy","1"
"dreams_batch_23.json","O'zbek","legacy-uz","legacy","1"
"dreams_batch_23.json","Русский","нарцисс","legacy","1"
"dreams_batch_23.json","English","legacy-en","legacy","1"
"dreams_batch_23.json","O'zbek","legacy-uz","legacy","1"
"dreams_batch_23.json","Русский","нарыв","legacy","1"
"dreams_batch_23.json","English","legacy-en","legacy","1"
"dreams_batch_23.json","O'zbek","legacy-uz","legacy","1"
"dreams_batch_23.json","Русский","насекомое","legacy","1"
"dreams_batch_23.json","English","legacy-en","legacy","1"
"dreams_batch_23.json","O'zbek","legacy-uz","legacy","1"
"dreams_batch_23.json","Русский","наследие","legacy","1"
"dreams_batch_23.json","English","legacy-en","legacy","1"
"dreams_batch_23.json","O'zbek","legacy-uz","legacy","1"
"dreams_batch_23.json","Русский","наследство","legacy","1"
"dreams_batch_23.json","English","legacy-en","legacy","1"
"dreams_batch_23.json","O'zbek","legacy-uz","legacy","1"
"dreams_batch_23.json","Русский","насос","legacy","1"
"dreams_batch_23.json","English","legacy-en","legacy","1"
"dreams_batch_23.json","O'zbek","legacy-uz","legacy","1"
"dreams_batch_23.json","Русский","наставник","legacy","1"
"dreams_batch_23.json","English","legacy-en","legacy","1"
"dreams_batch_23.json","O'zbek","legacy-uz","legacy","1"
"dreams_batch_23.json","Русский","настойка","legacy","1"
"dreams_batch_23.json","English","legacy-en","legacy","1"
"dreams_batch_23.json","O'zbek","legacy-uz","legacy","1"
"dreams_batch_23.json","Русский","настроение","legacy","1"
"dreams_batch_23.json","English","legacy-en","legacy","1"
"dreams_batch_23.json","O'zbek","legacy-uz","legacy","1"
"dreams_batch_23.json","Русский","натюрморт","legacy","1"
"dreams_batch_23.json","English","legacy-en","legacy","1"
"dreams_batch_23.json","O'zbek","legacy-uz","legacy","1"
"dreams_batch_23.json","Русский","нафталин","legacy","1"
"dreams_batch_23.json","English","legacy-en","legacy","1"
"dreams_batch_23.json","O'zbek","legacy-uz","legacy","1"
"dreams_batch_23.json","Русский","нахлебник","legacy","1"
"dreams_batch_23.json","English","legacy-en","legacy","1"
"dreams_batch_23.json","O'zbek","legacy-uz","legacy","1"
"dreams_batch_23.json","Русский","начало","legacy","1"
"dreams_batch_23.json","English","legacy-en","legacy","1"
"dreams_batch_23.json","O'zbek","legacy-uz","legacy","1"
"dreams_batch_23.json","Русский","начальник","legacy","1"
"dreams_batch_23.json","English","legacy-en","legacy","1"
"dreams_batch_23.json","O'zbek","legacy-uz","legacy","1"
"dreams_batch_23.json","Русский","небо","legacy","1"
"dreams_batch_23.json","English","legacy-en","legacy","1"
"dreams_batch_23.json","O'zbek","legacy-uz","legacy","1"
"dreams_batch_23.json","Русский","невеста","legacy","1"
"dreams_batch_23.json","English","legacy-en","legacy","1"
"dreams_batch_23.json","O'zbek","legacy-uz","legacy","1"
"dreams_batch_23.json","Русский","невод","legacy","1"
"dreams_batch_23.json","English","legacy-en","legacy","1"
"dreams_batch_23.json","O'zbek","legacy-uz","legacy","1"
"dreams_batch_23.json","Русский","нежность","legacy","1"
"dreams_batch_23.json","English","legacy-en","legacy","1"
"dreams_batch_23.json","O'zbek","legacy-uz","legacy","1"
"dreams_batch_23.json","Русский","незабудка","legacy","1"
"dreams_batch_23.json","English","legacy-en","legacy","1"
"dreams_batch_23.json","O'zbek","legacy-uz","legacy","1"
"dreams_batch_23.json","Русский","нектар","legacy","1"
"dreams_batch_23.json","English","legacy-en","legacy","1"
"dreams_batch_23.json","O'zbek","legacy-uz","legacy","1"
"dreams_batch_23.json","Русский","немец","legacy","1"
"dreams_batch_23.json","English","legacy-en","legacy","1"
"dreams_batch_23.json","O'zbek","legacy-uz","legacy","1"
"dreams_batch_23.json","Русский","ненависть","legacy","1"
"dreams_batch_23.json","English","legacy-en","legacy","1"
"dreams_batch_23.json","O'zbek","legacy-uz","legacy","1"
"dreams_batch_23.json","Русский","неон","legacy","1"
"dreams_batch_23.json","English","legacy-en","legacy","1"
"dreams_batch_23.json","O'zbek","legacy-uz","legacy","1"
"dreams_batch_23.json","Русский","нервы","legacy","1"
"dreams_batch_23.json","English","legacy-en","legacy","1"
"dreams_batch_23.json","O'zbek","legacy-uz","legacy","1"
"dreams_batch_23.json","Русский","несправедливость","legacy","1"
"dreams_batch_23.json","English","legacy-en","legacy","1"
"dreams_batch_23.json","O'zbek","legacy-uz","legacy","1"
"dreams_batch_23.json","Русский","нефть","legacy","1"
"dreams_batch_23.json","English","legacy-en","legacy","1"
"dreams_batch_23.json","O'zbek","legacy-uz","legacy","1"
"dreams_batch_23.json","Русский","нить","legacy","1"
"dreams_batch_23.json","English","legacy-en","legacy","1"
"dreams_batch_23.json","O'zbek","legacy-uz","legacy","1"
"dreams_batch_23.json","Русский","нищий","legacy","1"
"dreams_batch_23.json","English","legacy-en","legacy","1"
"dreams_batch_23.json","O'zbek","legacy-uz","legacy","1"
"dreams_batch_23.json","Русский","НЛО","legacy","1"
"dreams_batch_23.json","English","legacy-en","legacy","1"
"dreams_batch_23.json","O'zbek","legacy-uz","legacy","1"
"dreams_batch_23.json","Русский","новый год","legacy","1"
"dreams_batch_23.json","English","legacy-en","legacy","1"
"dreams_batch_23.json","O'zbek","legacy-uz","legacy","1"
"dreams_batch_23.json","Русский","нож","legacy","1"
"dreams_batch_23.json","English","legacy-en","legacy","1"
"dreams_batch_23.json","O'zbek","legacy-uz","legacy","1"
"dreams_batch_23.json","Русский","ножницы","legacy","1"
"dreams_batch_23.json","English","legacy-en","legacy","1"
"dreams_batch_23.json","O'zbek","legacy-uz","legacy","1"
"dreams_batch_23.json","Русский","ноль","legacy","1"
"dreams_batch_23.json","English","legacy-en","legacy","1"
"dreams_batch_23.json","O'zbek","legacy-uz","legacy","1"
"dreams_batch_23.json","Русский","номер","legacy","1"
"dreams_batch_23.json","English","legacy-en","legacy","1"
"dreams_batch_23.json","O'zbek","legacy-uz","legacy","1"
"dreams_batch_23.json","Русский","нора","legacy","1"
"dreams_batch_23.json","English","legacy-en","legacy","1"
"dreams_batch_23.json","O'zbek","legacy-uz","legacy","1"
"dreams_batch_23.json","Русский","нос","legacy","1"
"dreams_batch_23.json","English","legacy-en","legacy","1"
"dreams_batch_23.json","O'zbek","legacy-uz","legacy","1"
"dreams_batch_23.json","Русский","носилки","legacy","1"
"dreams_batch_23.json","English","legacy-en","legacy","1"
"dreams_batch_23.json","O'zbek","legacy-uz","legacy","1"
"dreams_batch_23.json","Русский","носки","legacy","1"
"dreams_batch_23.json","English","legacy-en","legacy","1"
"dreams_batch_23.json","O'zbek","legacy-uz","legacy","1"
"dreams_batch_23.json","Русский","ноты","legacy","1"
"dreams_batch_23.json","English","legacy-en","legacy","1"
"dreams_batch_23.json","O'zbek","legacy-uz","legacy","1"
"dreams_batch_23.json","Русский","ночлег","legacy","1"
"dreams_batch_23.json","English","legacy-en","legacy","1"
"dreams_batch_23.json","O'zbek","legacy-uz","legacy","1"
"dreams_batch_23.json","Русский","ночь","legacy","1"
"dreams_batch_23.json","English","legacy-en","legacy","1"
"dreams_batch_23.json","O'zbek","legacy-uz","legacy","1"
"dreams_batch_23.json","Русский","ноша","legacy","1"
"dreams_batch_23.json","English","legacy-en","legacy","1"
"dreams_batch_23.json","O'zbek","legacy-uz","legacy","1"
"dreams_batch_23.json","Русский","ноябрь","legacy","1"
"dreams_batch_23.json","English","legacy-en","legacy","1"
"dreams_batch_23.json","O'zbek","legacy-uz","legacy","1"
"dreams_batch_23.json","Русский","нудист","legacy","1"
"dreams_batch_23.json","English","legacy-en","legacy","1"
"dreams_batch_23.json","O'zbek","legacy-uz","legacy","1"
"dreams_batch_23.json","Русский","нужда","legacy","1"
"dreams_batch_23.json","English","legacy-en","legacy","1"
"dreams_batch_23.json","O'zbek","legacy-uz","legacy","1"
"dreams_batch_23.json","Русский","нумерология","legacy","1"
"dreams_batch_23.json","English","legacy-en","legacy","1"
"dreams_batch_23.json","O'zbek","legacy-uz","legacy","1"
"dreams_batch_23.json","Русский","няня","legacy","1"
"dreams_batch_23.json","English","legacy-en","legacy","1"
"dreams_batch_23.json","O'zbek","legacy-uz","legacy","1"
"dreams_batch_23.json","Русский","оазис","legacy","1"
"dreams_batch_23.json","English","legacy-en","legacy","1"
"dreams_batch_23.json","O'zbek","legacy-uz","legacy","1"
"dreams_batch_23.json","Русский","обвал","legacy","1"
"dreams_batch_23.json","English","legacy-en","legacy","1"
"dreams_batch_23.json","O'zbek","legacy-uz","legacy","1"
"dreams_batch_24.json","Русский","обед","legacy","1"
"dreams_batch_24.json","English","legacy-en","legacy","1"
"dreams_batch_24.json","O'zbek","legacy-uz","legacy","1"
"dreams_batch_24.json","Русский","обезьяна","legacy","1"
"dreams_batch_24.json","English","legacy-en","legacy","1"
"dreams_batch_24.json","O'zbek","legacy-uz","legacy","1"
"dreams_batch_24.json","Русский","оберег","legacy","1"
"dreams_batch_24.json","English","legacy-en","legacy","1"
"dreams_batch_24.json","O'zbek","legacy-uz","legacy","1"
"dreams_batch_24.json","Русский","обертка","legacy","1"
"dreams_batch_24.json","English","legacy-en","legacy","1"
"dreams_batch_24.json","O'zbek","legacy-uz","legacy","1"
"dreams_batch_24.json","Русский","обещание","legacy","1"
"dreams_batch_24.json","English","legacy-en","legacy","1"
"dreams_batch_24.json","O'zbek","legacy-uz","legacy","1"
"dreams_batch_24.json","Русский","облака","legacy","1"
"dreams_batch_24.json","English","legacy-en","legacy","1"
"dreams_batch_24.json","O'zbek","legacy-uz","legacy","1"
"dreams_batch_24.json","Русский","облако","legacy","1"
"dreams_batch_24.json","English","legacy-en","legacy","1"
"dreams_batch_24.json","O'zbek","legacy-uz","legacy","1"
"dreams_batch_24.json","Русский","облегчение","legacy","1"
"dreams_batch_24.json","English","legacy-en","legacy","1"
"dreams_batch_24.json","O'zbek","legacy-uz","legacy","1"
"dreams_batch_24.json","Русский","облигация","legacy","1"
"dreams_batch_24.json","English","legacy-en","legacy","1"
"dreams_batch_24.json","O'zbek","legacy-uz","legacy","1"
"dreams_batch_24.json","Русский","обман","legacy","1"
"dreams_batch_24.json","English","legacy-en","legacy","1"
"dreams_batch_24.json","O'zbek","legacy-uz","legacy","1"
"dreams_batch_24.json","Русский","обморок","legacy","1"
"dreams_batch_24.json","English","legacy-en","legacy","1"
"dreams_batch_24.json","O'zbek","legacy-uz","legacy","1"
"dreams_batch_24.json","Русский","обои","legacy","1"
"dreams_batch_24.json","English","legacy-en","legacy","1"
"dreams_batch_24.json","O'zbek","legacy-uz","legacy","1"
"dreams_batch_24.json","Русский","оборотень","legacy","1"
"dreams_batch_24.json","English","legacy-en","legacy","1"
"dreams_batch_24.json","O'zbek","legacy-uz","legacy","1"
"dreams_batch_24.json","Русский","обруч","legacy","1"
"dreams_batch_24.json","English","legacy-en","legacy","1"
"dreams_batch_24.json","O'zbek","legacy-uz","legacy","1"
"dreams_batch_24.json","Русский","обручальное кольцо","legacy","1"
"dreams_batch_24.json","English","legacy-en","legacy","1"
"dreams_batch_24.json","O'zbek","legacy-uz","legacy","1"
"dreams_batch_24.json","Русский","обрыв","legacy","1"
"dreams_batch_24.json","English","legacy-en","legacy","1"
"dreams_batch_24.json","O'zbek","legacy-uz","legacy","1"
"dreams_batch_24.json","Русский","обряд","legacy","1"
"dreams_batch_24.json","English","legacy-en","legacy","1"
"dreams_batch_24.json","O'zbek","legacy-uz","legacy","1"
"dreams_batch_24.json","Русский","обувь","legacy","1"
"dreams_batch_24.json","English","legacy-en","legacy","1"
"dreams_batch_24.json","O'zbek","legacy-uz","legacy","1"
"dreams_batch_24.json","Русский","овощи","legacy","1"
"dreams_batch_24.json","English","legacy-en","legacy","1"
"dreams_batch_24.json","O'zbek","legacy-uz","legacy","1"
"dreams_batch_24.json","Русский","овраг","legacy","1"
"dreams_batch_24.json","English","legacy-en","legacy","1"
"dreams_batch_24.json","O'zbek","legacy-uz","legacy","1"
"dreams_batch_24.json","Русский","овца","legacy","1"
"dreams_batch_24.json","English","legacy-en","legacy","1"
"dreams_batch_24.json","O'zbek","legacy-uz","legacy","1"
"dreams_batch_24.json","Русский","овчарка","legacy","1"
"dreams_batch_24.json","English","legacy-en","legacy","1"
"dreams_batch_24.json","O'zbek","legacy-uz","legacy","1"
"dreams_batch_24.json","Русский","огарок","legacy","1"
"dreams_batch_24.json","English","legacy-en","legacy","1"
"dreams_batch_24.json","O'zbek","legacy-uz","legacy","1"
"dreams_batch_24.json","Русский","огонь","legacy","1"
"dreams_batch_24.json","English","legacy-en","legacy","1"
"dreams_batch_24.json","O'zbek","legacy-uz","legacy","1"
"dreams_batch_24.json","Русский","огород","legacy","1"
"dreams_batch_24.json","English","legacy-en","legacy","1"
"dreams_batch_24.json","O'zbek","legacy-uz","legacy","1"
"dreams_batch_24.json","Русский","огурцы","legacy","1"
"dreams_batch_24.json","English","legacy-en","legacy","1"
"dreams_batch_24.json","O'zbek","legacy-uz","legacy","1"
"dreams_batch_24.json","Русский","одежда","legacy","1"
"dreams_batch_24.json","English","legacy-en","legacy","1"
"dreams_batch_24.json","O'zbek","legacy-uz","legacy","1"
"dreams_batch_24.json","Русский","одеяло","legacy","1"
"dreams_batch_24.json","English","legacy-en","legacy","1"
"dreams_batch_24.json","O'zbek","legacy-uz","legacy","1"
"dreams_batch_24.json","Русский","одичание","legacy","1"
"dreams_batch_24.json","English","legacy-en","legacy","1"
"dreams_batch_24.json","O'zbek","legacy-uz","legacy","1"
"dreams_batch_24.json","Русский","ожерелье","legacy","1"
"dreams_batch_24.json","English","legacy-en","legacy","1"
"dreams_batch_24.json","O'zbek","legacy-uz","legacy","1"
"dreams_batch_24.json","Русский","ожирение","legacy","1"
"dreams_batch_24.json","English","legacy-en","legacy","1"
"dreams_batch_24.json","O'zbek","legacy-uz","legacy","1"
"dreams_batch_24.json","Русский","озеро","legacy","1"
"dreams_batch_24.json","English","legacy-en","legacy","1"
"dreams_batch_24.json","O'zbek","legacy-uz","legacy","1"
"dreams_batch_24.json","Русский","океан","legacy","1"
"dreams_batch_24.json","English","legacy-en","legacy","1"
"dreams_batch_24.json","O'zbek","legacy-uz","legacy","1"
"dreams_batch_24.json","Русский","окно","legacy","1"
"dreams_batch_24.json","English","legacy-en","legacy","1"
"dreams_batch_24.json","O'zbek","legacy-uz","legacy","1"
"dreams_batch_24.json","Русский","окоп","legacy","1"
"dreams_batch_24.json","English","legacy-en","legacy","1"
"dreams_batch_24.json","O'zbek","legacy-uz","legacy","1"
"dreams_batch_24.json","Русский","олень","legacy","1"
"dreams_batch_24.json","English","legacy-en","legacy","1"
"dreams_batch_24.json","O'zbek","legacy-uz","legacy","1"
"dreams_batch_24.json","Русский","олово","legacy","1"
"dreams_batch_24.json","English","legacy-en","legacy","1"
"dreams_batch_24.json","O'zbek","legacy-uz","legacy","1"
"dreams_batch_24.json","Русский","омар","legacy","1"
"dreams_batch_24.json","English","legacy-en","legacy","1"
"dreams_batch_24.json","O'zbek","legacy-uz","legacy","1"
"dreams_batch_24.json","Русский","омела","legacy","1"
"dreams_batch_24.json","English","legacy-en","legacy","1"
"dreams_batch_24.json","O'zbek","legacy-uz","legacy","1"
"dreams_batch_24.json","Русский","омут","legacy","1"
"dreams_batch_24.json","English","legacy-en","legacy","1"
"dreams_batch_24.json","O'zbek","legacy-uz","legacy","1"
"dreams_batch_24.json","Русский","опала","legacy","1"
"dreams_batch_24.json","English","legacy-en","legacy","1"
"dreams_batch_24.json","O'zbek","legacy-uz","legacy","1"
"dreams_batch_24.json","Русский","опалубка","legacy","1"
"dreams_batch_24.json","English","legacy-en","legacy","1"
"dreams_batch_24.json","O'zbek","legacy-uz","legacy","1"
"dreams_batch_24.json","Русский","опека","legacy","1"
"dreams_batch_24.json","English","legacy-en","legacy","1"
"dreams_batch_24.json","O'zbek","legacy-uz","legacy","1"
"dreams_batch_24.json","Русский","опера","legacy","1"
"dreams_batch_24.json","English","legacy-en","legacy","1"
"dreams_batch_24.json","O'zbek","legacy-uz","legacy","1"
"dreams_batch_24.json","Русский","операция","legacy","1"
"dreams_batch_24.json","English","legacy-en","legacy","1"
"dreams_batch_24.json","O'zbek","legacy-uz","legacy","1"
"dreams_batch_24.json","Русский","опилки","legacy","1"
"dreams_batch_24.json","English","legacy-en","legacy","1"
"dreams_batch_24.json","O'zbek","legacy-uz","legacy","1"
"dreams_batch_24.json","Русский","оплеуха","legacy","1"
"dreams_batch_24.json","English","legacy-en","legacy","1"
"dreams_batch_24.json","O'zbek","legacy-uz","legacy","1"
"dreams_batch_24.json","Русский","опоздание","legacy","1"
"dreams_batch_24.json","English","legacy-en","legacy","1"
"dreams_batch_24.json","O'zbek","legacy-uz","legacy","1"
"dreams_batch_24.json","Русский","оползень","legacy","1"
"dreams_batch_24.json","English","legacy-en","legacy","1"
"dreams_batch_24.json","O'zbek","legacy-uz","legacy","1"
"dreams_batch_24.json","Русский","оправа","legacy","1"
"dreams_batch_24.json","English","legacy-en","legacy","1"
"dreams_batch_24.json","O'zbek","legacy-uz","legacy","1"
"dreams_batch_24.json","Русский","определение","legacy","1"
"dreams_batch_24.json","English","legacy-en","legacy","1"
"dreams_batch_24.json","O'zbek","legacy-uz","legacy","1"
"dreams_batch_24.json","Русский","опухоль","legacy","1"
"dreams_batch_24.json","English","legacy-en","legacy","1"
"dreams_batch_24.json","O'zbek","legacy-uz","legacy","1"
"dreams_batch_24.json","Русский","опушка","legacy","1"
"dreams_batch_24.json","English","legacy-en","legacy","1"
"dreams_batch_24.json","O'zbek","legacy-uz","legacy","1"
"dreams_batch_24.json","Русский","опыт","legacy","1"
"dreams_batch_24.json","English","legacy-en","legacy","1"
"dreams_batch_24.json","O'zbek","legacy-uz","legacy","1"
"dreams_batch_24.json","Русский","оранжерея","legacy","1"
"dreams_batch_24.json","English","legacy-en","legacy","1"
"dreams_batch_24.json","O'zbek","legacy-uz","legacy","1"
"dreams_batch_24.json","Русский","оратор","legacy","1"
"dreams_batch_24.json","English","legacy-en","legacy","1"
"dreams_batch_24.json","O'zbek","legacy-uz","legacy","1"
"dreams_batch_24.json","Русский","оргазм","legacy","1"
"dreams_batch_24.json","English","legacy-en","legacy","1"
"dreams_batch_24.json","O'zbek","legacy-uz","legacy","1"
"dreams_batch_24.json","Русский","орган (музыкальный инструмент)","legacy","1"
"dreams_batch_24.json","English","legacy-en","legacy","1"
"dreams_batch_24.json","O'zbek","legacy-uz","legacy","1"
"dreams_batch_24.json","Русский","орган (часть тела)","legacy","1"
"dreams_batch_24.json","English","legacy-en","legacy","1"
"dreams_batch_24.json","O'zbek","legacy-uz","legacy","1"
"dreams_batch_24.json","Русский","орда","legacy","1"
"dreams_batch_24.json","English","legacy-en","legacy","1"
"dreams_batch_24.json","O'zbek","legacy-uz","legacy","1"
"dreams_batch_24.json","Русский","орден","legacy","1"
"dreams_batch_24.json","English","legacy-en","legacy","1"
"dreams_batch_24.json","O'zbek","legacy-uz","legacy","1"
"dreams_batch_24.json","Русский","орел","legacy","1"
"dreams_batch_24.json","English","legacy-en","legacy","1"
"dreams_batch_24.json","O'zbek","legacy-uz","legacy","1"
"dreams_batch_24.json","Русский","орех","legacy","1"
"dreams_batch_24.json","English","legacy-en","legacy","1"
"dreams_batch_24.json","O'zbek","legacy-uz","legacy","1"
"dreams_batch_24.json","Русский","оригинал","legacy","1"
"dreams_batch_24.json","English","legacy-en","legacy","1"
"dreams_batch_24.json","O'zbek","legacy-uz","legacy","1"
"dreams_batch_24.json","Русский","ориентация","legacy","1"
"dreams_batch_24.json","English","legacy-en","legacy","1"
"dreams_batch_24.json","O'zbek","legacy-uz","legacy","1"
"dreams_batch_24.json","Русский","оркестр","legacy","1"
"dreams_batch_24.json","English","legacy-en","legacy","1"
"dreams_batch_24.json","O'zbek","legacy-uz","legacy","1"
"dreams_batch_24.json","Русский","орхидея","legacy","1"
"dreams_batch_24.json","English","legacy-en","legacy","1"
"dreams_batch_24.json","O'zbek","legacy-uz","legacy","1"
"dreams_batch_24.json","Русский","оса","legacy","1"
"dreams_batch_24.json","English","legacy-en","legacy","1"
"dreams_batch_24.json","O'zbek","legacy-uz","legacy","1"
"dreams_batch_24.json","Русский","осада","legacy","1"
"dreams_batch_24.json","English","legacy-en","legacy","1"
"dreams_batch_24.json","O'zbek","legacy-uz","legacy","1"
"dreams_batch_24.json","Русский","освещение","legacy","1"
"dreams_batch_24.json","English","legacy-en","legacy","1"
"dreams_batch_24.json","O'zbek","legacy-uz","legacy","1"
"dreams_batch_24.json","Русский","осел","legacy","1"
"dreams_batch_24.json","English","legacy-en","legacy","1"
"dreams_batch_24.json","O'zbek","legacy-uz","legacy","1"
"dreams_batch_24.json","Русский","оскал","legacy","1"
"dreams_batch_24.json","English","legacy-en","legacy","1"
"dreams_batch_24.json","O'zbek","legacy-uz","legacy","1"
"dreams_batch_24.json","Русский","осколок","legacy","1"
"dreams_batch_24.json","English","legacy-en","legacy","1"
"dreams_batch_24.json","O'zbek","legacy-uz","legacy","1"
"dreams_batch_24.json","Русский","особняк","legacy","1"
"dreams_batch_24.json","English","legacy-en","legacy","1"
"dreams_batch_24.json","O'zbek","legacy-uz","legacy","1"
"dreams_batch_24.json","Русский","оспа","legacy","1"
"dreams_batch_24.json","English","legacy-en","legacy","1"
"dreams_batch_24.json","O'zbek","legacy-uz","legacy","1"
"dreams_batch_24.json","Русский","остров","legacy","1"
"dreams_batch_24.json","English","legacy-en","legacy","1"
"dreams_batch_24.json","O'zbek","legacy-uz","legacy","1"
"dreams_batch_24.json","Русский","острота","legacy","1"
"dreams_batch_24.json","English","legacy-en","legacy","1"
"dreams_batch_24.json","O'zbek","legacy-uz","legacy","1"
"dreams_batch_24.json","Русский","остряк","legacy","1"
"dreams_batch_24.json","English","legacy-en","legacy","1"
"dreams_batch_24.json","O'zbek","legacy-uz","legacy","1"
"dreams_batch_24.json","Русский","осязание","legacy","1"
"dreams_batch_24.json","English","legacy-en","legacy","1"
"dreams_batch_24.json","O'zbek","legacy-uz","legacy","1"
"dreams_batch_24.json","Русский","отара","legacy","1"
"dreams_batch_24.json","English","legacy-en","legacy","1"
"dreams_batch_24.json","O'zbek","legacy-uz","legacy","1"
"dreams_batch_24.json","Русский","отблеск","legacy","1"
"dreams_batch_24.json","English","legacy-en","legacy","1"
"dreams_batch_24.json","O'zbek","legacy-uz","legacy","1"
"dreams_batch_24.json","Русский","отбой","legacy","1"
"dreams_batch_24.json","English","legacy-en","legacy","1"
"dreams_batch_24.json","O'zbek","legacy-uz","legacy","1"
"dreams_batch_24.json","Русский","отвага","legacy","1"
"dreams_batch_24.json","English","legacy-en","legacy","1"
"dreams_batch_24.json","O'zbek","legacy-uz","legacy","1"
"dreams_batch_24.json","Русский","ответ","legacy","1"
"dreams_batch_24.json","English","legacy-en","legacy","1"
"dreams_batch_24.json","O'zbek","legacy-uz","legacy","1"
"dreams_batch_24.json","Русский","отец","legacy","1"
"dreams_batch_24.json","English","legacy-en","legacy","1"
"dreams_batch_24.json","O'zbek","legacy-uz","legacy","1"
"dreams_batch_24.json","Русский","отказ","legacy","1"
"dreams_batch_24.json","English","legacy-en","legacy","1"
"dreams_batch_24.json","O'zbek","legacy-uz","legacy","1"
"dreams_batch_24.json","Русский","откровение","legacy","1"
"dreams_batch_24.json","English","legacy-en","legacy","1"
"dreams_batch_24.json","O'zbek","legacy-uz","legacy","1"
"dreams_batch_24.json","Русский","открытие","legacy","1"
"dreams_batch_24.json","English","legacy-en","legacy","1"
"dreams_batch_24.json","O'zbek","legacy-uz","legacy","1"
"dreams_batch_24.json","Русский","открытка","legacy","1"
"dreams_batch_24.json","English","legacy-en","legacy","1"
"dreams_batch_24.json","O'zbek","legacy-uz","legacy","1"
"dreams_batch_24.json","Русский","отпуск","legacy","1"
"dreams_batch_24.json","English","legacy-en","legacy","1"
"dreams_batch_24.json","O'zbek","legacy-uz","legacy","1"
"dreams_batch_24.json","Русский","отравление","legacy","1"
"dreams_batch_24.json","English","legacy-en","legacy","1"
"dreams_batch_24.json","O'zbek","legacy-uz","legacy","1"
"dreams_batch_24.json","Русский","отражение","legacy","1"
"dreams_batch_24.json","English","legacy-en","legacy","1"
"dreams_batch_24.json","O'zbek","legacy-uz","legacy","1"
"dreams_batch_24.json","Русский","отречение","legacy","1"
"dreams_batch_24.json","English","legacy-en","legacy","1"
"dreams_batch_24.json","O'zbek","legacy-uz","legacy","1"
"dreams_batch_24.json","Русский","отряд","legacy","1"
"dreams_batch_24.json","English","legacy-en","legacy","1"
"dreams_batch_24.json","O'zbek","legacy-uz","legacy","1"
"dreams_batch_24.json","Русский","отставка","legacy","1"
"dreams_batch_24.json","English","legacy-en","legacy","1"
"dreams_batch_24.json","O'zbek","legacy-uz","legacy","1"
"dreams_batch_24.json","Русский","отчим","legacy","1"
"dreams_batch_24.json","English","legacy-en","legacy","1"
"dreams_batch_24.json","O'zbek","legacy-uz","legacy","1"
"dreams_batch_24.json","Русский","отшельник","legacy","1"
"dreams_batch_24.json","English","legacy-en","legacy","1"
"dreams_batch_24.json","O'zbek","legacy-uz","legacy","1"
"dreams_batch_24.json","Русский","офис","legacy","1"
"dreams_batch_24.json","English","legacy-en","legacy","1"
"dreams_batch_24.json","O'zbek","legacy-uz","legacy","1"
"dreams_batch_24.json","Русский","офицер","legacy","1"
"dreams_batch_24.json","English","legacy-en","legacy","1"
"dreams_batch_24.json","O'zbek","legacy-uz","legacy","1"
"dreams_batch_24.json","Русский","официант","legacy","1"
"dreams_batch_24.json","English","legacy-en","legacy","1"
"dreams_batch_24.json","O'zbek","legacy-uz","legacy","1"
"dreams_batch_25.json","Русский","охота","legacy","1"
"dreams_batch_25.json","English","legacy-en","legacy","1"
"dreams_batch_25.json","O'zbek","legacy-uz","legacy","1"
"dreams_batch_25.json","Русский","охрана","legacy","1"
"dreams_batch_25.json","English","legacy-en","legacy","1"
"dreams_batch_25.json","O'zbek","legacy-uz","legacy","1"
"dreams_batch_25.json","Русский","оцепенение","legacy","1"
"dreams_batch_25.json","English","legacy-en","legacy","1"
"dreams_batch_25.json","O'zbek","legacy-uz","legacy","1"
"dreams_batch_25.json","Русский","очаг","legacy","1"
"dreams_batch_25.json","English","legacy-en","legacy","1"
"dreams_batch_25.json","O'zbek","legacy-uz","legacy","1"
"dreams_batch_25.json","Русский","очарование","legacy","1"
"dreams_batch_25.json","English","legacy-en","legacy","1"
"dreams_batch_25.json","O'zbek","legacy-uz","legacy","1"
"dreams_batch_25.json","Русский","очередь","legacy","1"
"dreams_batch_25.json","English","legacy-en","legacy","1"
"dreams_batch_25.json","O'zbek","legacy-uz","legacy","1"
"dreams_batch_25.json","Русский","очертание","legacy","1"
"dreams_batch_25.json","English","legacy-en","legacy","1"
"dreams_batch_25.json","O'zbek","legacy-uz","legacy","1"
"dreams_batch_25.json","Русский","очистки","legacy","1"
"dreams_batch_25.json","English","legacy-en","legacy","1"
"dreams_batch_25.json","O'zbek","legacy-uz","legacy","1"
"dreams_batch_25.json","Русский","очки","legacy","1"
"dreams_batch_25.json","English","legacy-en","legacy","1"
"dreams_batch_25.json","O'zbek","legacy-uz","legacy","1"
"dreams_batch_25.json","Русский","ошейник","legacy","1"
"dreams_batch_25.json","English","legacy-en","legacy","1"
"dreams_batch_25.json","O'zbek","legacy-uz","legacy","1"
"dreams_batch_25.json","Русский","ошибка","legacy","1"
"dreams_batch_25.json","English","legacy-en","legacy","1"
"dreams_batch_25.json","O'zbek","legacy-uz","legacy","1"
"dreams_batch_25.json","Русский","павлин","legacy","1"
"dreams_batch_25.json","English","legacy-en","legacy","1"
"dreams_batch_25.json","O'zbek","legacy-uz","legacy","1"
"dreams_batch_25.json","Русский","пагода","legacy","1"
"dreams_batch_25.json","English","legacy-en","legacy","1"
"dreams_batch_25.json","O'zbek","legacy-uz","legacy","1"
"dreams_batch_25.json","Русский","падение","legacy","1"
"dreams_batch_25.json","English","legacy-en","legacy","1"
"dreams_batch_25.json","O'zbek","legacy-uz","legacy","1"
"dreams_batch_25.json","Русский","пазуха","legacy","1"
"dreams_batch_25.json","English","legacy-en","legacy","1"
"dreams_batch_25.json","O'zbek","legacy-uz","legacy","1"
"dreams_batch_25.json","Русский","палатка","legacy","1"
"dreams_batch_25.json","English","legacy-en","legacy","1"
"dreams_batch_25.json","O'zbek","legacy-uz","legacy","1"
"dreams_batch_25.json","Русский","палец","legacy","1"
"dreams_batch_25.json","English","legacy-en","legacy","1"
"dreams_batch_25.json","O'zbek","legacy-uz","legacy","1"
"dreams_batch_25.json","Русский","палка","legacy","1"
"dreams_batch_25.json","English","legacy-en","legacy","1"
"dreams_batch_25.json","O'zbek","legacy-uz","legacy","1"
"dreams_batch_25.json","Русский","пальма","legacy","1"
"dreams_batch_25.json","English","legacy-en","legacy","1"
"dreams_batch_25.json","O'zbek","legacy-uz","legacy","1"
"dreams_batch_25.json","Русский","пальто","legacy","1"
"dreams_batch_25.json","English","legacy-en","legacy","1"
"dreams_batch_25.json","O'zbek","legacy-uz","legacy","1"
"dreams_batch_25.json","Русский","панцирь","legacy","1"
"dreams_batch_25.json","English","legacy-en","legacy","1"
"dreams_batch_25.json","O'zbek","legacy-uz","legacy","1"
"dreams_batch_25.json","Русский","папа","legacy","1"
"dreams_batch_25.json","English","legacy-en","legacy","1"
"dreams_batch_25.json","O'zbek","legacy-uz","legacy","1"
"dreams_batch_25.json","Русский","папа (отец)","legacy","1"
"dreams_batch_25.json","English","legacy-en","legacy","1"
"dreams_batch_25.json","O'zbek","legacy-uz","legacy","1"
"dreams_batch_25.json","Русский","папироса","legacy","1"
"dreams_batch_25.json","English","legacy-en","legacy","1"
"dreams_batch_25.json","O'zbek","legacy-uz","legacy","1"
"dreams_batch_25.json","Русский","папка","legacy","1"
"dreams_batch_25.json","English","legacy-en","legacy","1"
"dreams_batch_25.json","O'zbek","legacy-uz","legacy","1"
"dreams_batch_25.json","Русский","папоротник","legacy","1"
"dreams_batch_25.json","English","legacy-en","legacy","1"
"dreams_batch_25.json","O'zbek","legacy-uz","legacy","1"
"dreams_batch_25.json","Русский","пар","legacy","1"
"dreams_batch_25.json","English","legacy-en","legacy","1"
"dreams_batch_25.json","O'zbek","legacy-uz","legacy","1"
"dreams_batch_25.json","Русский","парад","legacy","1"
"dreams_batch_25.json","English","legacy-en","legacy","1"
"dreams_batch_25.json","O'zbek","legacy-uz","legacy","1"
"dreams_batch_25.json","Русский","парашют","legacy","1"
"dreams_batch_25.json","English","legacy-en","legacy","1"
"dreams_batch_25.json","O'zbek","legacy-uz","legacy","1"
"dreams_batch_25.json","Русский","парик","legacy","1"
"dreams_batch_25.json","English","legacy-en","legacy","1"
"dreams_batch_25.json","O'zbek","legacy-uz","legacy","1"
"dreams_batch_25.json","Русский","парикмахер","legacy","1"
"dreams_batch_25.json","English","legacy-en","legacy","1"
"dreams_batch_25.json","O'zbek","legacy-uz","legacy","1"
"dreams_batch_25.json","Русский","парк","legacy","1"
"dreams_batch_25.json","English","legacy-en","legacy","1"
"dreams_batch_25.json","O'zbek","legacy-uz","legacy","1"
"dreams_batch_25.json","Русский","паркет","legacy","1"
"dreams_batch_25.json","English","legacy-en","legacy","1"
"dreams_batch_25.json","O'zbek","legacy-uz","legacy","1"
"dreams_batch_25.json","Русский","паром","legacy","1"
"dreams_batch_25.json","English","legacy-en","legacy","1"
"dreams_batch_25.json","O'zbek","legacy-uz","legacy","1"
"dreams_batch_25.json","Русский","партизан","legacy","1"
"dreams_batch_25.json","English","legacy-en","legacy","1"
"dreams_batch_25.json","O'zbek","legacy-uz","legacy","1"
"dreams_batch_25.json","Русский","партия","legacy","1"
"dreams_batch_25.json","English","legacy-en","legacy","1"
"dreams_batch_25.json","O'zbek","legacy-uz","legacy","1"
"dreams_batch_25.json","Русский","парус","legacy","1"
"dreams_batch_25.json","English","legacy-en","legacy","1"
"dreams_batch_25.json","O'zbek","legacy-uz","legacy","1"
"dreams_batch_25.json","Русский","пасека","legacy","1"
"dreams_batch_25.json","English","legacy-en","legacy","1"
"dreams_batch_25.json","O'zbek","legacy-uz","legacy","1"
"dreams_batch_25.json","Русский","паспорт","legacy","1"
"dreams_batch_25.json","English","legacy-en","legacy","1"
"dreams_batch_25.json","O'zbek","legacy-uz","legacy","1"
"dreams_batch_25.json","Русский","пассажир","legacy","1"
"dreams_batch_25.json","English","legacy-en","legacy","1"
"dreams_batch_25.json","O'zbek","legacy-uz","legacy","1"
"dreams_batch_25.json","Русский","пастбище","legacy","1"
"dreams_batch_25.json","English","legacy-en","legacy","1"
"dreams_batch_25.json","O'zbek","legacy-uz","legacy","1"
"dreams_batch_25.json","Русский","пастор","legacy","1"
"dreams_batch_25.json","English","legacy-en","legacy","1"
"dreams_batch_25.json","O'zbek","legacy-uz","legacy","1"
"dreams_batch_25.json","Русский","пастух","legacy","1"
"dreams_batch_25.json","English","legacy-en","legacy","1"
"dreams_batch_25.json","O'zbek","legacy-uz","legacy","1"
"dreams_batch_25.json","Русский","пасть","legacy","1"
"dreams_batch_25.json","English","legacy-en","legacy","1"
"dreams_batch_25.json","O'zbek","legacy-uz","legacy","1"
"dreams_batch_25.json","Русский","паук","legacy","1"
"dreams_batch_25.json","English","legacy-en","legacy","1"
"dreams_batch_25.json","O'zbek","legacy-uz","legacy","1"
"dreams_batch_25.json","Русский","паутина","legacy","1"
"dreams_batch_25.json","English","legacy-en","legacy","1"
"dreams_batch_25.json","O'zbek","legacy-uz","legacy","1"
"dreams_batch_25.json","Русский","пафос","legacy","1"
"dreams_batch_25.json","English","legacy-en","legacy","1"
"dreams_batch_25.json","O'zbek","legacy-uz","legacy","1"
"dreams_batch_25.json","Русский","пахарь","legacy","1"
"dreams_batch_25.json","English","legacy-en","legacy","1"
"dreams_batch_25.json","O'zbek","legacy-uz","legacy","1"
"dreams_batch_25.json","Русский","пашня","legacy","1"
"dreams_batch_25.json","English","legacy-en","legacy","1"
"dreams_batch_25.json","O'zbek","legacy-uz","legacy","1"
"dreams_batch_25.json","Русский","паштет","legacy","1"
"dreams_batch_25.json","English","legacy-en","legacy","1"
"dreams_batch_25.json","O'zbek","legacy-uz","legacy","1"
"dreams_batch_25.json","Русский","паяльник","legacy","1"
"dreams_batch_25.json","English","legacy-en","legacy","1"
"dreams_batch_25.json","O'zbek","legacy-uz","legacy","1"
"dreams_batch_25.json","Русский","паяц","legacy","1"
"dreams_batch_25.json","English","legacy-en","legacy","1"
"dreams_batch_25.json","O'zbek","legacy-uz","legacy","1"
"dreams_batch_25.json","Русский","певец","legacy","1"
"dreams_batch_25.json","English","legacy-en","legacy","1"
"dreams_batch_25.json","O'zbek","legacy-uz","legacy","1"
"dreams_batch_25.json","Русский","певица","legacy","1"
"dreams_batch_25.json","English","legacy-en","legacy","1"
"dreams_batch_25.json","O'zbek","legacy-uz","legacy","1"
"dreams_batch_25.json","Русский","педаль","legacy","1"
"dreams_batch_25.json","English","legacy-en","legacy","1"
"dreams_batch_25.json","O'zbek","legacy-uz","legacy","1"
"dreams_batch_25.json","Русский","педикюр","legacy","1"
"dreams_batch_25.json","English","legacy-en","legacy","1"
"dreams_batch_25.json","O'zbek","legacy-uz","legacy","1"
"dreams_batch_25.json","Русский","пейзаж","legacy","1"
"dreams_batch_25.json","English","legacy-en","legacy","1"
"dreams_batch_25.json","O'zbek","legacy-uz","legacy","1"
"dreams_batch_25.json","Русский","пекарня","legacy","1"
"dreams_batch_25.json","English","legacy-en","legacy","1"
"dreams_batch_25.json","O'zbek","legacy-uz","legacy","1"
"dreams_batch_25.json","Русский","пекарь","legacy","1"
"dreams_batch_25.json","English","legacy-en","legacy","1"
"dreams_batch_25.json","O'zbek","legacy-uz","legacy","1"
"dreams_batch_25.json","Русский","пепел","legacy","1"
"dreams_batch_25.json","English","legacy-en","legacy","1"
"dreams_batch_25.json","O'zbek","legacy-uz","legacy","1"
"dreams_batch_25.json","Русский","пепелище","legacy","1"
"dreams_batch_25.json","English","legacy-en","legacy","1"
"dreams_batch_25.json","O'zbek","legacy-uz","legacy","1"
"dreams_batch_25.json","Русский","пергамент","legacy","1"
"dreams_batch_25.json","English","legacy-en","legacy","1"
"dreams_batch_25.json","O'zbek","legacy-uz","legacy","1"
"dreams_batch_25.json","Русский","перевал","legacy","1"
"dreams_batch_25.json","English","legacy-en","legacy","1"
"dreams_batch_25.json","O'zbek","legacy-uz","legacy","1"
"dreams_batch_25.json","Русский","перевод","legacy","1"
"dreams_batch_25.json","English","legacy-en","legacy","1"
"dreams_batch_25.json","O'zbek","legacy-uz","legacy","1"
"dreams_batch_25.json","Русский","перевязка","legacy","1"
"dreams_batch_25.json","English","legacy-en","legacy","1"
"dreams_batch_25.json","O'zbek","legacy-uz","legacy","1"
"dreams_batch_25.json","Русский","перекресток","legacy","1"
"dreams_batch_25.json","English","legacy-en","legacy","1"
"dreams_batch_25.json","O'zbek","legacy-uz","legacy","1"
"dreams_batch_25.json","Русский","перелет","legacy","1"
"dreams_batch_25.json","English","legacy-en","legacy","1"
"dreams_batch_25.json","O'zbek","legacy-uz","legacy","1"
"dreams_batch_25.json","Русский","перемена","legacy","1"
"dreams_batch_25.json","English","legacy-en","legacy","1"
"dreams_batch_25.json","O'zbek","legacy-uz","legacy","1"
"dreams_batch_25.json","Русский","перемирие","legacy","1"
"dreams_batch_25.json","English","legacy-en","legacy","1"
"dreams_batch_25.json","O'zbek","legacy-uz","legacy","1"
"dreams_batch_25.json","Русский","переплет","legacy","1"
"dreams_batch_25.json","English","legacy-en","legacy","1"
"dreams_batch_25.json","O'zbek","legacy-uz","legacy","1"
"dreams_batch_25.json","Русский","переполох","legacy","1"
"dreams_batch_25.json","English","legacy-en","legacy","1"
"dreams_batch_25.json","O'zbek","legacy-uz","legacy","1"
"dreams_batch_25.json","Русский","переправа","legacy","1"
"dreams_batch_25.json","English","legacy-en","legacy","1"
"dreams_batch_25.json","O'zbek","legacy-uz","legacy","1"
"dreams_batch_25.json","Русский","перила","legacy","1"
"dreams_batch_25.json","English","legacy-en","legacy","1"
"dreams_batch_25.json","O'zbek","legacy-uz","legacy","1"
"dreams_batch_25.json","Русский","перина","legacy","1"
"dreams_batch_25.json","English","legacy-en","legacy","1"
"dreams_batch_25.json","O'zbek","legacy-uz","legacy","1"
"dreams_batch_25.json","Русский","период","legacy","1"
"dreams_batch_25.json","English","legacy-en","legacy","1"
"dreams_batch_25.json","O'zbek","legacy-uz","legacy","1"
"dreams_batch_25.json","Русский","перрон","legacy","1"
"dreams_batch_25.json","English","legacy-en","legacy","1"
"dreams_batch_25.json","O'zbek","legacy-uz","legacy","1"
"dreams_batch_25.json","Русский","персонаж","legacy","1"
"dreams_batch_25.json","English","legacy-en","legacy","1"
"dreams_batch_25.json","O'zbek","legacy-uz","legacy","1"
"dreams_batch_25.json","Русский","перспектива","legacy","1"
"dreams_batch_25.json","English","legacy-en","legacy","1"
"dreams_batch_25.json","O'zbek","legacy-uz","legacy","1"
"dreams_batch_25.json","Русский","перстень","legacy","1"
"dreams_batch_25.json","English","legacy-en","legacy","1"
"dreams_batch_25.json","O'zbek","legacy-uz","legacy","1"
"dreams_batch_25.json","Русский","перфоратор","legacy","1"
"dreams_batch_25.json","English","legacy-en","legacy","1"
"dreams_batch_25.json","O'zbek","legacy-uz","legacy","1"
"dreams_batch_25.json","Русский","перхоть","legacy","1"
"dreams_batch_25.json","English","legacy-en","legacy","1"
"dreams_batch_25.json","O'zbek","legacy-uz","legacy","1"
"dreams_batch_25.json","Русский","перчатки","legacy","1"
"dreams_batch_25.json","English","legacy-en","legacy","1"
"dreams_batch_25.json","O'zbek","legacy-uz","legacy","1"
"dreams_batch_25.json","Русский","пес","legacy","1"
"dreams_batch_25.json","English","legacy-en","legacy","1"
"dreams_batch_25.json","O'zbek","legacy-uz","legacy","1"
"dreams_batch_25.json","Русский","песок","legacy","1"
"dreams_batch_25.json","English","legacy-en","legacy","1"
"dreams_batch_25.json","O'zbek","legacy-uz","legacy","1"
"dreams_batch_25.json","Русский","песок (сахарный)","legacy","1"
"dreams_batch_25.json","English","legacy-en","legacy","1"
"dreams_batch_25.json","O'zbek","legacy-uz","legacy","1"
"dreams_batch_25.json","Русский","пессимизм","legacy","1"
"dreams_batch_25.json","English","legacy-en","legacy","1"
"dreams_batch_25.json","O'zbek","legacy-uz","legacy","1"
"dreams_batch_25.json","Русский","пестрота","legacy","1"
"dreams_batch_25.json","English","legacy-en","legacy","1"
"dreams_batch_25.json","O'zbek","legacy-uz","legacy","1"
"dreams_batch_25.json","Русский","песчаник","legacy","1"
"dreams_batch_25.json","English","legacy-en","legacy","1"
"dreams_batch_25.json","O'zbek","legacy-uz","legacy","1"
"dreams_batch_25.json","Русский","петелька","legacy","1"
"dreams_batch_25.json","English","legacy-en","legacy","1"
"dreams_batch_25.json","O'zbek","legacy-uz","legacy","1"
"dreams_batch_25.json","Русский","петух","legacy","1"
"dreams_batch_25.json","English","legacy-en","legacy","1"
"dreams_batch_25.json","O'zbek","legacy-uz","legacy","1"
"dreams_batch_25.json","Русский","пехота","legacy","1"
"dreams_batch_25.json","English","legacy-en","legacy","1"
"dreams_batch_25.json","O'zbek","legacy-uz","legacy","1"
"dreams_batch_25.json","Русский","пехотинец","legacy","1"
"dreams_batch_25.json","English","legacy-en","legacy","1"
"dreams_batch_25.json","O'zbek","legacy-uz","legacy","1"
"dreams_batch_25.json","Русский","печаль","legacy","1"
"dreams_batch_25.json","English","legacy-en","legacy","1"
"dreams_batch_25.json","O'zbek","legacy-uz","legacy","1"
"dreams_batch_25.json","Русский","печать","legacy","1"
"dreams_batch_25.json","English","legacy-en","legacy","1"
"dreams_batch_25.json","O'zbek","legacy-uz","legacy","1"
"dreams_batch_25.json","Русский","печень","legacy","1"
"dreams_batch_25.json","English","legacy-en","legacy","1"
"dreams_batch_25.json","O'zbek","legacy-uz","legacy","1"
"dreams_batch_25.json","Русский","печенье","legacy","1"
"dreams_batch_25.json","English","legacy-en","legacy","1"
"dreams_batch_25.json","O'zbek","legacy-uz","legacy","1"
"dreams_batch_25.json","Русский","печка","legacy","1"
"dreams_batch_25.json","English","legacy-en","legacy","1"
"dreams_batch_25.json","O'zbek","legacy-uz","legacy","1"
"dreams_batch_25.json","Русский","печь","legacy","1"
"dreams_batch_25.json","English","legacy-en","legacy","1"
"dreams_batch_25.json","O'zbek","legacy-uz","legacy","1"
"dreams_batch_25.json","Русский","пещера","legacy","1"
"dreams_batch_25.json","English","legacy-en","legacy","1"
"dreams_batch_25.json","O'zbek","legacy-uz","legacy","1"
"dreams_batch_25.json","Русский","пианино","legacy","1"
"dreams_batch_25.json","English","legacy-en","legacy","1"
"dreams_batch_25.json","O'zbek","legacy-uz","legacy","1"
"dreams_batch_26.json","Русский","пианист","legacy","1"
"dreams_batch_26.json","English","legacy-en","legacy","1"
"dreams_batch_26.json","O'zbek","legacy-uz","legacy","1"
"dreams_batch_26.json","Русский","пиво","legacy","1"
"dreams_batch_26.json","English","legacy-en","legacy","1"
"dreams_batch_26.json","O'zbek","legacy-uz","legacy","1"
"dreams_batch_26.json","Русский","пик","legacy","1"
"dreams_batch_26.json","English","legacy-en","legacy","1"
"dreams_batch_26.json","O'zbek","legacy-uz","legacy","1"
"dreams_batch_26.json","Русский","пикап","legacy","1"
"dreams_batch_26.json","English","legacy-en","legacy","1"
"dreams_batch_26.json","O'zbek","legacy-uz","legacy","1"
"dreams_batch_26.json","Русский","пикник","legacy","1"
"dreams_batch_26.json","English","legacy-en","legacy","1"
"dreams_batch_26.json","O'zbek","legacy-uz","legacy","1"
"dreams_batch_26.json","Русский","пила","legacy","1"
"dreams_batch_26.json","English","legacy-en","legacy","1"
"dreams_batch_26.json","O'zbek","legacy-uz","legacy","1"
"dreams_batch_26.json","Русский","пилот","legacy","1"
"dreams_batch_26.json","English","legacy-en","legacy","1"
"dreams_batch_26.json","O'zbek","legacy-uz","legacy","1"
"dreams_batch_26.json","Русский","пингвин","legacy","1"
"dreams_batch_26.json","English","legacy-en","legacy","1"
"dreams_batch_26.json","O'zbek","legacy-uz","legacy","1"
"dreams_batch_26.json","Русский","пионер","legacy","1"
"dreams_batch_26.json","English","legacy-en","legacy","1"
"dreams_batch_26.json","O'zbek","legacy-uz","legacy","1"
"dreams_batch_26.json","Русский","пирамида","legacy","1"
"dreams_batch_26.json","English","legacy-en","legacy","1"
"dreams_batch_26.json","O'zbek","legacy-uz","legacy","1"
"dreams_batch_26.json","Русский","пират","legacy","1"
"dreams_batch_26.json","English","legacy-en","legacy","1"
"dreams_batch_26.json","O'zbek","legacy-uz","legacy","1"
"dreams_batch_26.json","Русский","пирог","legacy","1"
"dreams_batch_26.json","English","legacy-en","legacy","1"
"dreams_batch_26.json","O'zbek","legacy-uz","legacy","1"
"dreams_batch_26.json","Русский","пирожное","legacy","1"
"dreams_batch_26.json","English","legacy-en","legacy","1"
"dreams_batch_26.json","O'zbek","legacy-uz","legacy","1"
"dreams_batch_26.json","Русский","писатель","legacy","1"
"dreams_batch_26.json","English","legacy-en","legacy","1"
"dreams_batch_26.json","O'zbek","legacy-uz","legacy","1"
"dreams_batch_26.json","Русский","письмо","legacy","1"
"dreams_batch_26.json","English","legacy-en","legacy","1"
"dreams_batch_26.json","O'zbek","legacy-uz","legacy","1"
"dreams_batch_26.json","Русский","питание","legacy","1"
"dreams_batch_26.json","English","legacy-en","legacy","1"
"dreams_batch_26.json","O'zbek","legacy-uz","legacy","1"
"dreams_batch_26.json","Русский","питомник","legacy","1"
"dreams_batch_26.json","English","legacy-en","legacy","1"
"dreams_batch_26.json","O'zbek","legacy-uz","legacy","1"
"dreams_batch_26.json","Русский","питон","legacy","1"
"dreams_batch_26.json","English","legacy-en","legacy","1"
"dreams_batch_26.json","O'zbek","legacy-uz","legacy","1"
"dreams_batch_26.json","Русский","пихта","legacy","1"
"dreams_batch_26.json","English","legacy-en","legacy","1"
"dreams_batch_26.json","O'zbek","legacy-uz","legacy","1"
"dreams_batch_26.json","Русский","пища","legacy","1"
"dreams_batch_26.json","English","legacy-en","legacy","1"
"dreams_batch_26.json","O'zbek","legacy-uz","legacy","1"
"dreams_batch_26.json","Русский","пиявка","legacy","1"
"dreams_batch_26.json","English","legacy-en","legacy","1"
"dreams_batch_26.json","O'zbek","legacy-uz","legacy","1"
"dreams_batch_26.json","Русский","плавание","legacy","1"
"dreams_batch_26.json","English","legacy-en","legacy","1"
"dreams_batch_26.json","O'zbek","legacy-uz","legacy","1"
"dreams_batch_26.json","Русский","плавка","legacy","1"
"dreams_batch_26.json","English","legacy-en","legacy","1"
"dreams_batch_26.json","O'zbek","legacy-uz","legacy","1"
"dreams_batch_26.json","Русский","плакат","legacy","1"
"dreams_batch_26.json","English","legacy-en","legacy","1"
"dreams_batch_26.json","O'zbek","legacy-uz","legacy","1"
"dreams_batch_26.json","Русский","планер","legacy","1"
"dreams_batch_26.json","English","legacy-en","legacy","1"
"dreams_batch_26.json","O'zbek","legacy-uz","legacy","1"
"dreams_batch_26.json","Русский","планета","legacy","1"
"dreams_batch_26.json","English","legacy-en","legacy","1"
"dreams_batch_26.json","O'zbek","legacy-uz","legacy","1"
"dreams_batch_26.json","Русский","планетарий","legacy","1"
"dreams_batch_26.json","English","legacy-en","legacy","1"
"dreams_batch_26.json","O'zbek","legacy-uz","legacy","1"
"dreams_batch_26.json","Русский","планирование","legacy","1"
"dreams_batch_26.json","English","legacy-en","legacy","1"
"dreams_batch_26.json","O'zbek","legacy-uz","legacy","1"
"dreams_batch_26.json","Русский","планка","legacy","1"
"dreams_batch_26.json","English","legacy-en","legacy","1"
"dreams_batch_26.json","O'zbek","legacy-uz","legacy","1"
"dreams_batch_26.json","Русский","планы","legacy","1"
"dreams_batch_26.json","English","legacy-en","legacy","1"
"dreams_batch_26.json","O'zbek","legacy-uz","legacy","1"
"dreams_batch_26.json","Русский","пластик","legacy","1"
"dreams_batch_26.json","English","legacy-en","legacy","1"
"dreams_batch_26.json","O'zbek","legacy-uz","legacy","1"
"dreams_batch_26.json","Русский","пластилин","legacy","1"
"dreams_batch_26.json","English","legacy-en","legacy","1"
"dreams_batch_26.json","O'zbek","legacy-uz","legacy","1"
"dreams_batch_26.json","Русский","пластина","legacy","1"
"dreams_batch_26.json","English","legacy-en","legacy","1"
"dreams_batch_26.json","O'zbek","legacy-uz","legacy","1"
"dreams_batch_26.json","Русский","пластырь","legacy","1"
"dreams_batch_26.json","English","legacy-en","legacy","1"
"dreams_batch_26.json","O'zbek","legacy-uz","legacy","1"
"dreams_batch_26.json","Русский","плата","legacy","1"
"dreams_batch_26.json","English","legacy-en","legacy","1"
"dreams_batch_26.json","O'zbek","legacy-uz","legacy","1"
"dreams_batch_26.json","Русский","платье","legacy","1"
"dreams_batch_26.json","English","legacy-en","legacy","1"
"dreams_batch_26.json","O'zbek","legacy-uz","legacy","1"
"dreams_batch_26.json","Русский","плафон","legacy","1"
"dreams_batch_26.json","English","legacy-en","legacy","1"
"dreams_batch_26.json","O'zbek","legacy-uz","legacy","1"
"dreams_batch_26.json","Русский","плаха","legacy","1"
"dreams_batch_26.json","English","legacy-en","legacy","1"
"dreams_batch_26.json","O'zbek","legacy-uz","legacy","1"
"dreams_batch_26.json","Русский","плац","legacy","1"
"dreams_batch_26.json","English","legacy-en","legacy","1"
"dreams_batch_26.json","O'zbek","legacy-uz","legacy","1"
"dreams_batch_26.json","Русский","плацкарт","legacy","1"
"dreams_batch_26.json","English","legacy-en","legacy","1"
"dreams_batch_26.json","O'zbek","legacy-uz","legacy","1"
"dreams_batch_26.json","Русский","плач","legacy","1"
"dreams_batch_26.json","English","legacy-en","legacy","1"
"dreams_batch_26.json","O'zbek","legacy-uz","legacy","1"
"dreams_batch_26.json","Русский","плебисцит","legacy","1"
"dreams_batch_26.json","English","legacy-en","legacy","1"
"dreams_batch_26.json","O'zbek","legacy-uz","legacy","1"
"dreams_batch_26.json","Русский","плед","legacy","1"
"dreams_batch_26.json","English","legacy-en","legacy","1"
"dreams_batch_26.json","O'zbek","legacy-uz","legacy","1"
"dreams_batch_26.json","Русский","плеер","legacy","1"
"dreams_batch_26.json","English","legacy-en","legacy","1"
"dreams_batch_26.json","O'zbek","legacy-uz","legacy","1"
"dreams_batch_26.json","Русский","племя","legacy","1"
"dreams_batch_26.json","English","legacy-en","legacy","1"
"dreams_batch_26.json","O'zbek","legacy-uz","legacy","1"
"dreams_batch_26.json","Русский","плен","legacy","1"
"dreams_batch_26.json","English","legacy-en","legacy","1"
"dreams_batch_26.json","O'zbek","legacy-uz","legacy","1"
"dreams_batch_26.json","Русский","пленка","legacy","1"
"dreams_batch_26.json","English","legacy-en","legacy","1"
"dreams_batch_26.json","O'zbek","legacy-uz","legacy","1"
"dreams_batch_26.json","Русский","плесень","legacy","1"
"dreams_batch_26.json","English","legacy-en","legacy","1"
"dreams_batch_26.json","O'zbek","legacy-uz","legacy","1"
"dreams_batch_26.json","Русский","плеск","legacy","1"
"dreams_batch_26.json","English","legacy-en","legacy","1"
"dreams_batch_26.json","O'zbek","legacy-uz","legacy","1"
"dreams_batch_26.json","Русский","плетение","legacy","1"
"dreams_batch_26.json","English","legacy-en","legacy","1"
"dreams_batch_26.json","O'zbek","legacy-uz","legacy","1"
"dreams_batch_26.json","Русский","плетень","legacy","1"
"dreams_batch_26.json","English","legacy-en","legacy","1"
"dreams_batch_26.json","O'zbek","legacy-uz","legacy","1"
"dreams_batch_26.json","Русский","плечо","legacy","1"
"dreams_batch_26.json","English","legacy-en","legacy","1"
"dreams_batch_26.json","O'zbek","legacy-uz","legacy","1"
"dreams_batch_26.json","Русский","плита","legacy","1"
"dreams_batch_26.json","English","legacy-en","legacy","1"
"dreams_batch_26.json","O'zbek","legacy-uz","legacy","1"
"dreams_batch_26.json","Русский","плотина","legacy","1"
"dreams_batch_26.json","English","legacy-en","legacy","1"
"dreams_batch_26.json","O'zbek","legacy-uz","legacy","1"
"dreams_batch_26.json","Русский","плотник","legacy","1"
"dreams_batch_26.json","English","legacy-en","legacy","1"
"dreams_batch_26.json","O'zbek","legacy-uz","legacy","1"
"dreams_batch_26.json","Русский","плоть","legacy","1"
"dreams_batch_26.json","English","legacy-en","legacy","1"
"dreams_batch_26.json","O'zbek","legacy-uz","legacy","1"
"dreams_batch_26.json","Русский","плошка","legacy","1"
"dreams_batch_26.json","English","legacy-en","legacy","1"
"dreams_batch_26.json","O'zbek","legacy-uz","legacy","1"
"dreams_batch_26.json","Русский","площадь","legacy","1"
"dreams_batch_26.json","English","legacy-en","legacy","1"
"dreams_batch_26.json","O'zbek","legacy-uz","legacy","1"
"dreams_batch_26.json","Русский","плуг","legacy","1"
"dreams_batch_26.json","English","legacy-en","legacy","1"
"dreams_batch_26.json","O'zbek","legacy-uz","legacy","1"
"dreams_batch_26.json","Русский","плывун","legacy","1"
"dreams_batch_26.json","English","legacy-en","legacy","1"
"dreams_batch_26.json","O'zbek","legacy-uz","legacy","1"
"dreams_batch_26.json","Русский","плюш","legacy","1"
"dreams_batch_26.json","English","legacy-en","legacy","1"
"dreams_batch_26.json","O'zbek","legacy-uz","legacy","1"
"dreams_batch_26.json","Русский","пляж","legacy","1"
"dreams_batch_26.json","English","legacy-en","legacy","1"
"dreams_batch_26.json","O'zbek","legacy-uz","legacy","1"
"dreams_batch_26.json","Русский","пневмония","legacy","1"
"dreams_batch_26.json","English","legacy-en","legacy","1"
"dreams_batch_26.json","O'zbek","legacy-uz","legacy","1"
"dreams_batch_26.json","Русский","побег","legacy","1"
"dreams_batch_26.json","English","legacy-en","legacy","1"
"dreams_batch_26.json","O'zbek","legacy-uz","legacy","1"
"dreams_batch_26.json","Русский","победа","legacy","1"
"dreams_batch_26.json","English","legacy-en","legacy","1"
"dreams_batch_26.json","O'zbek","legacy-uz","legacy","1"
"dreams_batch_26.json","Русский","повесть","legacy","1"
"dreams_batch_26.json","English","legacy-en","legacy","1"
"dreams_batch_26.json","O'zbek","legacy-uz","legacy","1"
"dreams_batch_26.json","Русский","поводок","legacy","1"
"dreams_batch_26.json","English","legacy-en","legacy","1"
"dreams_batch_26.json","O'zbek","legacy-uz","legacy","1"
"dreams_batch_26.json","Русский","поворот","legacy","1"
"dreams_batch_26.json","English","legacy-en","legacy","1"
"dreams_batch_26.json","O'zbek","legacy-uz","legacy","1"
"dreams_batch_26.json","Русский","повреждение","legacy","1"
"dreams_batch_26.json","English","legacy-en","legacy","1"
"dreams_batch_26.json","O'zbek","legacy-uz","legacy","1"
"dreams_batch_26.json","Русский","повторение","legacy","1"
"dreams_batch_26.json","English","legacy-en","legacy","1"
"dreams_batch_26.json","O'zbek","legacy-uz","legacy","1"
"dreams_batch_26.json","Русский","повязка","legacy","1"
"dreams_batch_26.json","English","legacy-en","legacy","1"
"dreams_batch_26.json","O'zbek","legacy-uz","legacy","1"
"dreams_batch_26.json","Русский","погашение","legacy","1"
"dreams_batch_26.json","English","legacy-en","legacy","1"
"dreams_batch_26.json","O'zbek","legacy-uz","legacy","1"
"dreams_batch_26.json","Русский","погода","legacy","1"
"dreams_batch_26.json","English","legacy-en","legacy","1"
"dreams_batch_26.json","O'zbek","legacy-uz","legacy","1"
"dreams_batch_26.json","Русский","погреб","legacy","1"
"dreams_batch_26.json","English","legacy-en","legacy","1"
"dreams_batch_26.json","O'zbek","legacy-uz","legacy","1"
"dreams_batch_26.json","Русский","погребение","legacy","1"
"dreams_batch_26.json","English","legacy-en","legacy","1"
"dreams_batch_26.json","O'zbek","legacy-uz","legacy","1"
"dreams_batch_26.json","Русский","погром","legacy","1"
"dreams_batch_26.json","English","legacy-en","legacy","1"
"dreams_batch_26.json","O'zbek","legacy-uz","legacy","1"
"dreams_batch_26.json","Русский","подарок","legacy","1"
"dreams_batch_26.json","English","legacy-en","legacy","1"
"dreams_batch_26.json","O'zbek","legacy-uz","legacy","1"
"dreams_batch_26.json","Русский","подвал","legacy","1"
"dreams_batch_26.json","English","legacy-en","legacy","1"
"dreams_batch_26.json","O'zbek","legacy-uz","legacy","1"
"dreams_batch_26.json","Русский","подвеска","legacy","1"
"dreams_batch_26.json","English","legacy-en","legacy","1"
"dreams_batch_26.json","O'zbek","legacy-uz","legacy","1"
"dreams_batch_26.json","Русский","подводная лодка","legacy","1"
"dreams_batch_26.json","English","legacy-en","legacy","1"
"dreams_batch_26.json","O'zbek","legacy-uz","legacy","1"
"dreams_batch_26.json","Русский","подвох","legacy","1"
"dreams_batch_26.json","English","legacy-en","legacy","1"
"dreams_batch_26.json","O'zbek","legacy-uz","legacy","1"
"dreams_batch_26.json","Русский","подвязка","legacy","1"
"dreams_batch_26.json","English","legacy-en","legacy","1"
"dreams_batch_26.json","O'zbek","legacy-uz","legacy","1"
"dreams_batch_26.json","Русский","подделка","legacy","1"
"dreams_batch_26.json","English","legacy-en","legacy","1"
"dreams_batch_26.json","O'zbek","legacy-uz","legacy","1"
"dreams_batch_26.json","Русский","подиум","legacy","1"
"dreams_batch_26.json","English","legacy-en","legacy","1"
"dreams_batch_26.json","O'zbek","legacy-uz","legacy","1"
"dreams_batch_26.json","Русский","подкова","legacy","1"
"dreams_batch_26.json","English","legacy-en","legacy","1"
"dreams_batch_26.json","O'zbek","legacy-uz","legacy","1"
"dreams_batch_26.json","Русский","подкоп","legacy","1"
"dreams_batch_26.json","English","legacy-en","legacy","1"
"dreams_batch_26.json","O'zbek","legacy-uz","legacy","1"
"dreams_batch_26.json","Русский","подножка","legacy","1"
"dreams_batch_26.json","English","legacy-en","legacy","1"
"dreams_batch_26.json","O'zbek","legacy-uz","legacy","1"
"dreams_batch_26.json","Русский","поднос","legacy","1"
"dreams_batch_26.json","English","legacy-en","legacy","1"
"dreams_batch_26.json","O'zbek","legacy-uz","legacy","1"
"dreams_batch_26.json","Русский","подозрение","legacy","1"
"dreams_batch_26.json","English","legacy-en","legacy","1"
"dreams_batch_26.json","O'zbek","legacy-uz","legacy","1"
"dreams_batch_26.json","Русский","подорожник","legacy","1"
"dreams_batch_26.json","English","legacy-en","legacy","1"
"dreams_batch_26.json","O'zbek","legacy-uz","legacy","1"
"dreams_batch_26.json","Русский","подпись","legacy","1"
"dreams_batch_26.json","English","legacy-en","legacy","1"
"dreams_batch_26.json","O'zbek","legacy-uz","legacy","1"
"dreams_batch_26.json","Русский","подруга","legacy","1"
"dreams_batch_26.json","English","legacy-en","legacy","1"
"dreams_batch_26.json","O'zbek","legacy-uz","legacy","1"
"dreams_batch_26.json","Русский","подушка","legacy","1"
"dreams_batch_26.json","English","legacy-en","legacy","1"
"dreams_batch_26.json","O'zbek","legacy-uz","legacy","1"
"dreams_batch_26.json","Русский","подъезд","legacy","1"
"dreams_batch_26.json","English","legacy-en","legacy","1"
"dreams_batch_26.json","O'zbek","legacy-uz","legacy","1"
"dreams_batch_26.json","Русский","подъем","legacy","1"
"dreams_batch_26.json","English","legacy-en","legacy","1"
"dreams_batch_26.json","O'zbek","legacy-uz","legacy","1"
"dreams_batch_26.json","Русский","поезд","legacy","1"
"dreams_batch_26.json","English","legacy-en","legacy","1"
"dreams_batch_26.json","O'zbek","legacy-uz","legacy","1"
"dreams_batch_26.json","Русский","поездка","legacy","1"
"dreams_batch_26.json","English","legacy-en","legacy","1"
"dreams_batch_26.json","O'zbek","legacy-uz","legacy","1"
"dreams_batch_26.json","Русский","пожар","legacy","1"
"dreams_batch_26.json","English","legacy-en","legacy","1"
"dreams_batch_26.json","O'zbek","legacy-uz","legacy","1"
"dreams_batch_26.json","Русский","пожарный","legacy","1"
"dreams_batch_26.json","English","legacy-en","legacy","1"
"dreams_batch_26.json","O'zbek","legacy-uz","legacy","1"
"dreams_batch_26.json","Русский","пожелание","legacy","1"
"dreams_batch_26.json","English","legacy-en","legacy","1"
"dreams_batch_26.json","O'zbek","legacy-uz","legacy","1"
"dreams_batch_27.json","Русский","поза","legacy","1"
"dreams_batch_27.json","English","legacy-en","legacy","1"
"dreams_batch_27.json","O'zbek","legacy-uz","legacy","1"
"dreams_batch_27.json","Русский","поздравление","legacy","1"
"dreams_batch_27.json","English","legacy-en","legacy","1"
"dreams_batch_27.json","O'zbek","legacy-uz","legacy","1"
"dreams_batch_27.json","Русский","позор","legacy","1"
"dreams_batch_27.json","English","legacy-en","legacy","1"
"dreams_batch_27.json","O'zbek","legacy-uz","legacy","1"
"dreams_batch_27.json","Русский","поиск","legacy","1"
"dreams_batch_27.json","English","legacy-en","legacy","1"
"dreams_batch_27.json","O'zbek","legacy-uz","legacy","1"
"dreams_batch_27.json","Русский","пойло","legacy","1"
"dreams_batch_27.json","English","legacy-en","legacy","1"
"dreams_batch_27.json","O'zbek","legacy-uz","legacy","1"
"dreams_batch_27.json","Русский","показ","legacy","1"
"dreams_batch_27.json","English","legacy-en","legacy","1"
"dreams_batch_27.json","O'zbek","legacy-uz","legacy","1"
"dreams_batch_27.json","Русский","показуха","legacy","1"
"dreams_batch_27.json","English","legacy-en","legacy","1"
"dreams_batch_27.json","O'zbek","legacy-uz","legacy","1"
"dreams_batch_27.json","Русский","покаяние","legacy","1"
"dreams_batch_27.json","English","legacy-en","legacy","1"
"dreams_batch_27.json","O'zbek","legacy-uz","legacy","1"
"dreams_batch_27.json","Русский","покойник","legacy","1"
"dreams_batch_27.json","English","legacy-en","legacy","1"
"dreams_batch_27.json","O'zbek","legacy-uz","legacy","1"
"dreams_batch_27.json","Русский","поколение","legacy","1"
"dreams_batch_27.json","English","legacy-en","legacy","1"
"dreams_batch_27.json","O'zbek","legacy-uz","legacy","1"
"dreams_batch_27.json","Русский","покорность","legacy","1"
"dreams_batch_27.json","English","legacy-en","legacy","1"
"dreams_batch_27.json","O'zbek","legacy-uz","legacy","1"
"dreams_batch_27.json","Русский","покос","legacy","1"
"dreams_batch_27.json","English","legacy-en","legacy","1"
"dreams_batch_27.json","O'zbek","legacy-uz","legacy","1"
"dreams_batch_27.json","Русский","покраска","legacy","1"
"dreams_batch_27.json","English","legacy-en","legacy","1"
"dreams_batch_27.json","O'zbek","legacy-uz","legacy","1"
"dreams_batch_27.json","Русский","покровитель","legacy","1"
"dreams_batch_27.json","English","legacy-en","legacy","1"
"dreams_batch_27.json","O'zbek","legacy-uz","legacy","1"
"dreams_batch_27.json","Русский","покрывало","legacy","1"
"dreams_batch_27.json","English","legacy-en","legacy","1"
"dreams_batch_27.json","O'zbek","legacy-uz","legacy","1"
"dreams_batch_27.json","Русский","покрышка","legacy","1"
"dreams_batch_27.json","English","legacy-en","legacy","1"
"dreams_batch_27.json","O'zbek","legacy-uz","legacy","1"
"dreams_batch_27.json","Русский","покупка","legacy","1"
"dreams_batch_27.json","English","legacy-en","legacy","1"
"dreams_batch_27.json","O'zbek","legacy-uz","legacy","1"
"dreams_batch_27.json","Русский","пол","legacy","1"
"dreams_batch_27.json","English","legacy-en","legacy","1"
"dreams_batch_27.json","O'zbek","legacy-uz","legacy","1"
"dreams_batch_27.json","Русский","поле","legacy","1"
"dreams_batch_27.json","English","legacy-en","legacy","1"
"dreams_batch_27.json","O'zbek","legacy-uz","legacy","1"
"dreams_batch_27.json","Русский","полет","legacy","1"
"dreams_batch_27.json","English","legacy-en","legacy","1"
"dreams_batch_27.json","O'zbek","legacy-uz","legacy","1"
"dreams_batch_27.json","Русский","поликлиника","legacy","1"
"dreams_batch_27.json","English","legacy-en","legacy","1"
"dreams_batch_27.json","O'zbek","legacy-uz","legacy","1"
"dreams_batch_27.json","Русский","полицейский","legacy","1"
"dreams_batch_27.json","English","legacy-en","legacy","1"
"dreams_batch_27.json","O'zbek","legacy-uz","legacy","1"
"dreams_batch_27.json","Русский","полиция","legacy","1"
"dreams_batch_27.json","English","legacy-en","legacy","1"
"dreams_batch_27.json","O'zbek","legacy-uz","legacy","1"
"dreams_batch_27.json","Русский","половина","legacy","1"
"dreams_batch_27.json","English","legacy-en","legacy","1"
"dreams_batch_27.json","O'zbek","legacy-uz","legacy","1"
"dreams_batch_27.json","Русский","поломка","legacy","1"
"dreams_batch_27.json","English","legacy-en","legacy","1"
"dreams_batch_27.json","O'zbek","legacy-uz","legacy","1"
"dreams_batch_27.json","Русский","полоса","legacy","1"
"dreams_batch_27.json","English","legacy-en","legacy","1"
"dreams_batch_27.json","O'zbek","legacy-uz","legacy","1"
"dreams_batch_27.json","Русский","полотенце","legacy","1"
"dreams_batch_27.json","English","legacy-en","legacy","1"
"dreams_batch_27.json","O'zbek","legacy-uz","legacy","1"
"dreams_batch_27.json","Русский","полтергейст","legacy","1"
"dreams_batch_27.json","English","legacy-en","legacy","1"
"dreams_batch_27.json","O'zbek","legacy-uz","legacy","1"
"dreams_batch_27.json","Русский","полынь","legacy","1"
"dreams_batch_27.json","English","legacy-en","legacy","1"
"dreams_batch_27.json","O'zbek","legacy-uz","legacy","1"
"dreams_batch_27.json","Русский","полюс","legacy","1"
"dreams_batch_27.json","English","legacy-en","legacy","1"
"dreams_batch_27.json","O'zbek","legacy-uz","legacy","1"
"dreams_batch_27.json","Русский","поляна","legacy","1"
"dreams_batch_27.json","English","legacy-en","legacy","1"
"dreams_batch_27.json","O'zbek","legacy-uz","legacy","1"
"dreams_batch_27.json","Русский","поместье","legacy","1"
"dreams_batch_27.json","English","legacy-en","legacy","1"
"dreams_batch_27.json","O'zbek","legacy-uz","legacy","1"
"dreams_batch_27.json","Русский","помеха","legacy","1"
"dreams_batch_27.json","English","legacy-en","legacy","1"
"dreams_batch_27.json","O'zbek","legacy-uz","legacy","1"
"dreams_batch_27.json","Русский","помидоры","legacy","1"
"dreams_batch_27.json","English","legacy-en","legacy","1"
"dreams_batch_27.json","O'zbek","legacy-uz","legacy","1"
"dreams_batch_27.json","Русский","помилование","legacy","1"
"dreams_batch_27.json","English","legacy-en","legacy","1"
"dreams_batch_27.json","O'zbek","legacy-uz","legacy","1"
"dreams_batch_27.json","Русский","поминки","legacy","1"
"dreams_batch_27.json","English","legacy-en","legacy","1"
"dreams_batch_27.json","O'zbek","legacy-uz","legacy","1"
"dreams_batch_27.json","Русский","помойка","legacy","1"
"dreams_batch_27.json","English","legacy-en","legacy","1"
"dreams_batch_27.json","O'zbek","legacy-uz","legacy","1"
"dreams_batch_27.json","Русский","помолвка","legacy","1"
"dreams_batch_27.json","English","legacy-en","legacy","1"
"dreams_batch_27.json","O'zbek","legacy-uz","legacy","1"
"dreams_batch_27.json","Русский","помощь","legacy","1"
"dreams_batch_27.json","English","legacy-en","legacy","1"
"dreams_batch_27.json","O'zbek","legacy-uz","legacy","1"
"dreams_batch_27.json","Русский","пони","legacy","1"
"dreams_batch_27.json","English","legacy-en","legacy","1"
"dreams_batch_27.json","O'zbek","legacy-uz","legacy","1"
"dreams_batch_27.json","Русский","понимать","legacy","1"
"dreams_batch_27.json","English","legacy-en","legacy","1"
"dreams_batch_27.json","O'zbek","legacy-uz","legacy","1"
"dreams_batch_27.json","Русский","пончик","legacy","1"
"dreams_batch_27.json","English","legacy-en","legacy","1"
"dreams_batch_27.json","O'zbek","legacy-uz","legacy","1"
"dreams_batch_27.json","Русский","поплавок","legacy","1"
"dreams_batch_27.json","English","legacy-en","legacy","1"
"dreams_batch_27.json","O'zbek","legacy-uz","legacy","1"
"dreams_batch_27.json","Русский","пополам","legacy","1"
"dreams_batch_27.json","English","legacy-en","legacy","1"
"dreams_batch_27.json","O'zbek","legacy-uz","legacy","1"
"dreams_batch_27.json","Русский","попугай","legacy","1"
"dreams_batch_27.json","English","legacy-en","legacy","1"
"dreams_batch_27.json","O'zbek","legacy-uz","legacy","1"
"dreams_batch_27.json","Русский","попутчик","legacy","1"
"dreams_batch_27.json","English","legacy-en","legacy","1"
"dreams_batch_27.json","O'zbek","legacy-uz","legacy","1"
"dreams_batch_27.json","Русский","попытка","legacy","1"
"dreams_batch_27.json","English","legacy-en","legacy","1"
"dreams_batch_27.json","O'zbek","legacy-uz","legacy","1"
"dreams_batch_27.json","Русский","порог","legacy","1"
"dreams_batch_27.json","English","legacy-en","legacy","1"
"dreams_batch_27.json","O'zbek","legacy-uz","legacy","1"
"dreams_batch_27.json","Русский","порода","legacy","1"
"dreams_batch_27.json","English","legacy-en","legacy","1"
"dreams_batch_27.json","O'zbek","legacy-uz","legacy","1"
"dreams_batch_27.json","Русский","порок","legacy","1"
"dreams_batch_27.json","English","legacy-en","legacy","1"
"dreams_batch_27.json","O'zbek","legacy-uz","legacy","1"
"dreams_batch_27.json","Русский","порт","legacy","1"
"dreams_batch_27.json","English","legacy-en","legacy","1"
"dreams_batch_27.json","O'zbek","legacy-uz","legacy","1"
"dreams_batch_27.json","Русский","портной","legacy","1"
"dreams_batch_27.json","English","legacy-en","legacy","1"
"dreams_batch_27.json","O'zbek","legacy-uz","legacy","1"
"dreams_batch_27.json","Русский","портрет","legacy","1"
"dreams_batch_27.json","English","legacy-en","legacy","1"
"dreams_batch_27.json","O'zbek","legacy-uz","legacy","1"
"dreams_batch_27.json","Русский","портфель","legacy","1"
"dreams_batch_27.json","English","legacy-en","legacy","1"
"dreams_batch_27.json","O'zbek","legacy-uz","legacy","1"
"dreams_batch_27.json","Русский","портьера","legacy","1"
"dreams_batch_27.json","English","legacy-en","legacy","1"
"dreams_batch_27.json","O'zbek","legacy-uz","legacy","1"
"dreams_batch_27.json","Русский","порция","legacy","1"
"dreams_batch_27.json","English","legacy-en","legacy","1"
"dreams_batch_27.json","O'zbek","legacy-uz","legacy","1"
"dreams_batch_27.json","Русский","порыв","legacy","1"
"dreams_batch_27.json","English","legacy-en","legacy","1"
"dreams_batch_27.json","O'zbek","legacy-uz","legacy","1"
"dreams_batch_27.json","Русский","порядок","legacy","1"
"dreams_batch_27.json","English","legacy-en","legacy","1"
"dreams_batch_27.json","O'zbek","legacy-uz","legacy","1"
"dreams_batch_27.json","Русский","посадка","legacy","1"
"dreams_batch_27.json","English","legacy-en","legacy","1"
"dreams_batch_27.json","O'zbek","legacy-uz","legacy","1"
"dreams_batch_27.json","Русский","поселок","legacy","1"
"dreams_batch_27.json","English","legacy-en","legacy","1"
"dreams_batch_27.json","O'zbek","legacy-uz","legacy","1"
"dreams_batch_27.json","Русский","посещение","legacy","1"
"dreams_batch_27.json","English","legacy-en","legacy","1"
"dreams_batch_27.json","O'zbek","legacy-uz","legacy","1"
"dreams_batch_27.json","Русский","послание","legacy","1"
"dreams_batch_27.json","English","legacy-en","legacy","1"
"dreams_batch_27.json","O'zbek","legacy-uz","legacy","1"
"dreams_batch_27.json","Русский","посланник","legacy","1"
"dreams_batch_27.json","English","legacy-en","legacy","1"
"dreams_batch_27.json","O'zbek","legacy-uz","legacy","1"
"dreams_batch_27.json","Русский","последовательность","legacy","1"
"dreams_batch_27.json","English","legacy-en","legacy","1"
"dreams_batch_27.json","O'zbek","legacy-uz","legacy","1"
"dreams_batch_27.json","Русский","послушание","legacy","1"
"dreams_batch_27.json","English","legacy-en","legacy","1"
"dreams_batch_27.json","O'zbek","legacy-uz","legacy","1"
"dreams_batch_27.json","Русский","посмешище","legacy","1"
"dreams_batch_27.json","English","legacy-en","legacy","1"
"dreams_batch_27.json","O'zbek","legacy-uz","legacy","1"
"dreams_batch_27.json","Русский","пособие","legacy","1"
"dreams_batch_27.json","English","legacy-en","legacy","1"
"dreams_batch_27.json","O'zbek","legacy-uz","legacy","1"
"dreams_batch_27.json","Русский","посольство","legacy","1"
"dreams_batch_27.json","English","legacy-en","legacy","1"
"dreams_batch_27.json","O'zbek","legacy-uz","legacy","1"
"dreams_batch_27.json","Русский","пост (религиозный)","legacy","1"
"dreams_batch_27.json","English","legacy-en","legacy","1"
"dreams_batch_27.json","O'zbek","legacy-uz","legacy","1"
"dreams_batch_27.json","Русский","постель","legacy","1"
"dreams_batch_27.json","English","legacy-en","legacy","1"
"dreams_batch_27.json","O'zbek","legacy-uz","legacy","1"
"dreams_batch_27.json","Русский","постижение","legacy","1"
"dreams_batch_27.json","English","legacy-en","legacy","1"
"dreams_batch_27.json","O'zbek","legacy-uz","legacy","1"
"dreams_batch_27.json","Русский","посуда","legacy","1"
"dreams_batch_27.json","English","legacy-en","legacy","1"
"dreams_batch_27.json","O'zbek","legacy-uz","legacy","1"
"dreams_batch_27.json","Русский","посылка","legacy","1"
"dreams_batch_27.json","English","legacy-en","legacy","1"
"dreams_batch_27.json","O'zbek","legacy-uz","legacy","1"
"dreams_batch_27.json","Русский","пот","legacy","1"
"dreams_batch_27.json","English","legacy-en","legacy","1"
"dreams_batch_27.json","O'zbek","legacy-uz","legacy","1"
"dreams_batch_27.json","Русский","поток","legacy","1"
"dreams_batch_27.json","English","legacy-en","legacy","1"
"dreams_batch_27.json","O'zbek","legacy-uz","legacy","1"
"dreams_batch_27.json","Русский","потолок","legacy","1"
"dreams_batch_27.json","English","legacy-en","legacy","1"
"dreams_batch_27.json","O'zbek","legacy-uz","legacy","1"
"dreams_batch_27.json","Русский","потоп","legacy","1"
"dreams_batch_27.json","English","legacy-en","legacy","1"
"dreams_batch_27.json","O'zbek","legacy-uz","legacy","1"
"dreams_batch_27.json","Русский","потроха","legacy","1"
"dreams_batch_27.json","English","legacy-en","legacy","1"
"dreams_batch_27.json","O'zbek","legacy-uz","legacy","1"
"dreams_batch_27.json","Русский","потчевание","legacy","1"
"dreams_batch_27.json","English","legacy-en","legacy","1"
"dreams_batch_27.json","O'zbek","legacy-uz","legacy","1"
"dreams_batch_27.json","Русский","поход","legacy","1"
"dreams_batch_27.json","English","legacy-en","legacy","1"
"dreams_batch_27.json","O'zbek","legacy-uz","legacy","1"
"dreams_batch_27.json","Русский","походка","legacy","1"
"dreams_batch_27.json","English","legacy-en","legacy","1"
"dreams_batch_27.json","O'zbek","legacy-uz","legacy","1"
"dreams_batch_27.json","Русский","похолодание","legacy","1"
"dreams_batch_27.json","English","legacy-en","legacy","1"
"dreams_batch_27.json","O'zbek","legacy-uz","legacy","1"
"dreams_batch_27.json","Русский","похороны","legacy","1"
"dreams_batch_27.json","English","legacy-en","legacy","1"
"dreams_batch_27.json","O'zbek","legacy-uz","legacy","1"
"dreams_batch_27.json","Русский","поцелуй","legacy","1"
"dreams_batch_27.json","English","legacy-en","legacy","1"
"dreams_batch_27.json","O'zbek","legacy-uz","legacy","1"
"dreams_batch_27.json","Русский","почка (дерева)","legacy","1"
"dreams_batch_27.json","English","legacy-en","legacy","1"
"dreams_batch_27.json","O'zbek","legacy-uz","legacy","1"
"dreams_batch_27.json","Русский","почки (орган)","legacy","1"
"dreams_batch_27.json","English","legacy-en","legacy","1"
"dreams_batch_27.json","O'zbek","legacy-uz","legacy","1"
"dreams_batch_27.json","Русский","почта","legacy","1"
"dreams_batch_27.json","English","legacy-en","legacy","1"
"dreams_batch_27.json","O'zbek","legacy-uz","legacy","1"
"dreams_batch_27.json","Русский","почтальон","legacy","1"
"dreams_batch_27.json","English","legacy-en","legacy","1"
"dreams_batch_27.json","O'zbek","legacy-uz","legacy","1"
"dreams_batch_27.json","Русский","пошлина","legacy","1"
"dreams_batch_27.json","English","legacy-en","legacy","1"
"dreams_batch_27.json","O'zbek","legacy-uz","legacy","1"
"dreams_batch_27.json","Русский","пощечина","legacy","1"
"dreams_batch_27.json","English","legacy-en","legacy","1"
"dreams_batch_27.json","O'zbek","legacy-uz","legacy","1"
"dreams_batch_27.json","Русский","поэзия","legacy","1"
"dreams_batch_27.json","English","legacy-en","legacy","1"
"dreams_batch_27.json","O'zbek","legacy-uz","legacy","1"
"dreams_batch_27.json","Русский","поэт","legacy","1"
"dreams_batch_27.json","English","legacy-en","legacy","1"
"dreams_batch_27.json","O'zbek","legacy-uz","legacy","1"
"dreams_batch_27.json","Русский","пояс","legacy","1"
"dreams_batch_27.json","English","legacy-en","legacy","1"
"dreams_batch_27.json","O'zbek","legacy-uz","legacy","1"
"dreams_batch_27.json","Русский","прабабушка","legacy","1"
"dreams_batch_27.json","English","legacy-en","legacy","1"
"dreams_batch_27.json","O'zbek","legacy-uz","legacy","1"
"dreams_batch_27.json","Русский","правда","legacy","1"
"dreams_batch_27.json","English","legacy-en","legacy","1"
"dreams_batch_27.json","O'zbek","legacy-uz","legacy","1"
"dreams_batch_27.json","Русский","праведник","legacy","1"
"dreams_batch_27.json","English","legacy-en","legacy","1"
"dreams_batch_27.json","O'zbek","legacy-uz","legacy","1"
"dreams_batch_27.json","Русский","правила","legacy","1"
"dreams_batch_27.json","English","legacy-en","legacy","1"
"dreams_batch_27.json","O'zbek","legacy-uz","legacy","1"
"dreams_batch_27.json","Русский","правительство","legacy","1"
"dreams_batch_27.json","English","legacy-en","legacy","1"
"dreams_batch_27.json","O'zbek","legacy-uz","legacy","1"
"dreams_batch_27.json","Русский","правосудие","legacy","1"
"dreams_batch_27.json","English","legacy-en","legacy","1"
"dreams_batch_27.json","O'zbek","legacy-uz","legacy","1"
"dreams_batch_27.json","Русский","прагматизм","legacy","1"
"dreams_batch_27.json","English","legacy-en","legacy","1"
"dreams_batch_27.json","O'zbek","legacy-uz","legacy","1"
"dreams_batch_28.json","Русский","прадедушка","legacy","1"
"dreams_batch_28.json","English","legacy-en","legacy","1"
"dreams_batch_28.json","O'zbek","legacy-uz","legacy","1"
"dreams_batch_28.json","Русский","праздник","legacy","1"
"dreams_batch_28.json","English","legacy-en","legacy","1"
"dreams_batch_28.json","O'zbek","legacy-uz","legacy","1"
"dreams_batch_28.json","Русский","преграда","legacy","1"
"dreams_batch_28.json","English","legacy-en","legacy","1"
"dreams_batch_28.json","O'zbek","legacy-uz","legacy","1"
"dreams_batch_28.json","Русский","предательство","legacy","1"
"dreams_batch_28.json","English","legacy-en","legacy","1"
"dreams_batch_28.json","O'zbek","legacy-uz","legacy","1"
"dreams_batch_28.json","Русский","предел","legacy","1"
"dreams_batch_28.json","English","legacy-en","legacy","1"
"dreams_batch_28.json","O'zbek","legacy-uz","legacy","1"
"dreams_batch_28.json","Русский","предложение","legacy","1"
"dreams_batch_28.json","English","legacy-en","legacy","1"
"dreams_batch_28.json","O'zbek","legacy-uz","legacy","1"
"dreams_batch_28.json","Русский","предмет","legacy","1"
"dreams_batch_28.json","English","legacy-en","legacy","1"
"dreams_batch_28.json","O'zbek","legacy-uz","legacy","1"
"dreams_batch_28.json","Русский","предсказание","legacy","1"
"dreams_batch_28.json","English","legacy-en","legacy","1"
"dreams_batch_28.json","O'zbek","legacy-uz","legacy","1"
"dreams_batch_28.json","Русский","представитель","legacy","1"
"dreams_batch_28.json","English","legacy-en","legacy","1"
"dreams_batch_28.json","O'zbek","legacy-uz","legacy","1"
"dreams_batch_28.json","Русский","предупреждение","legacy","1"
"dreams_batch_28.json","English","legacy-en","legacy","1"
"dreams_batch_28.json","O'zbek","legacy-uz","legacy","1"
"dreams_batch_28.json","Русский","президент","legacy","1"
"dreams_batch_28.json","English","legacy-en","legacy","1"
"dreams_batch_28.json","O'zbek","legacy-uz","legacy","1"
"dreams_batch_28.json","Русский","презрение","legacy","1"
"dreams_batch_28.json","English","legacy-en","legacy","1"
"dreams_batch_28.json","O'zbek","legacy-uz","legacy","1"
"dreams_batch_28.json","Русский","премия","legacy","1"
"dreams_batch_28.json","English","legacy-en","legacy","1"
"dreams_batch_28.json","O'zbek","legacy-uz","legacy","1"
"dreams_batch_28.json","Русский","препятствие","legacy","1"
"dreams_batch_28.json","English","legacy-en","legacy","1"
"dreams_batch_28.json","O'zbek","legacy-uz","legacy","1"
"dreams_batch_28.json","Русский","пресс","legacy","1"
"dreams_batch_28.json","English","legacy-en","legacy","1"
"dreams_batch_28.json","O'zbek","legacy-uz","legacy","1"
"dreams_batch_28.json","Русский","престол","legacy","1"
"dreams_batch_28.json","English","legacy-en","legacy","1"
"dreams_batch_28.json","O'zbek","legacy-uz","legacy","1"
"dreams_batch_28.json","Русский","преступление","legacy","1"
"dreams_batch_28.json","English","legacy-en","legacy","1"
"dreams_batch_28.json","O'zbek","legacy-uz","legacy","1"
"dreams_batch_28.json","Русский","претензия","legacy","1"
"dreams_batch_28.json","English","legacy-en","legacy","1"
"dreams_batch_28.json","O'zbek","legacy-uz","legacy","1"
"dreams_batch_28.json","Русский","прибор","legacy","1"
"dreams_batch_28.json","English","legacy-en","legacy","1"
"dreams_batch_28.json","O'zbek","legacy-uz","legacy","1"
"dreams_batch_28.json","Русский","прибыль","legacy","1"
"dreams_batch_28.json","English","legacy-en","legacy","1"
"dreams_batch_28.json","O'zbek","legacy-uz","legacy","1"
"dreams_batch_28.json","Русский","прививка","legacy","1"
"dreams_batch_28.json","English","legacy-en","legacy","1"
"dreams_batch_28.json","O'zbek","legacy-uz","legacy","1"
"dreams_batch_28.json","Русский","привидение","legacy","1"
"dreams_batch_28.json","English","legacy-en","legacy","1"
"dreams_batch_28.json","O'zbek","legacy-uz","legacy","1"
"dreams_batch_28.json","Русский","привязанность","legacy","1"
"dreams_batch_28.json","English","legacy-en","legacy","1"
"dreams_batch_28.json","O'zbek","legacy-uz","legacy","1"
"dreams_batch_28.json","Русский","приговор","legacy","1"
"dreams_batch_28.json","English","legacy-en","legacy","1"
"dreams_batch_28.json","O'zbek","legacy-uz","legacy","1"
"dreams_batch_28.json","Русский","приданое","legacy","1"
"dreams_batch_28.json","English","legacy-en","legacy","1"
"dreams_batch_28.json","O'zbek","legacy-uz","legacy","1"
"dreams_batch_28.json","Русский","приезд","legacy","1"
"dreams_batch_28.json","English","legacy-en","legacy","1"
"dreams_batch_28.json","O'zbek","legacy-uz","legacy","1"
"dreams_batch_28.json","Русский","приключение","legacy","1"
"dreams_batch_28.json","English","legacy-en","legacy","1"
"dreams_batch_28.json","O'zbek","legacy-uz","legacy","1"
"dreams_batch_28.json","Русский","прилив","legacy","1"
"dreams_batch_28.json","English","legacy-en","legacy","1"
"dreams_batch_28.json","O'zbek","legacy-uz","legacy","1"
"dreams_batch_28.json","Русский","приманка","legacy","1"
"dreams_batch_28.json","English","legacy-en","legacy","1"
"dreams_batch_28.json","O'zbek","legacy-uz","legacy","1"
"dreams_batch_28.json","Русский","примета","legacy","1"
"dreams_batch_28.json","English","legacy-en","legacy","1"
"dreams_batch_28.json","O'zbek","legacy-uz","legacy","1"
"dreams_batch_28.json","Русский","примирение","legacy","1"
"dreams_batch_28.json","English","legacy-en","legacy","1"
"dreams_batch_28.json","O'zbek","legacy-uz","legacy","1"
"dreams_batch_28.json","Русский","принц","legacy","1"
"dreams_batch_28.json","English","legacy-en","legacy","1"
"dreams_batch_28.json","O'zbek","legacy-uz","legacy","1"
"dreams_batch_28.json","Русский","принцесса","legacy","1"
"dreams_batch_28.json","English","legacy-en","legacy","1"
"dreams_batch_28.json","O'zbek","legacy-uz","legacy","1"
"dreams_batch_28.json","Русский","принципы","legacy","1"
"dreams_batch_28.json","English","legacy-en","legacy","1"
"dreams_batch_28.json","O'zbek","legacy-uz","legacy","1"
"dreams_batch_28.json","Русский","приоритет","legacy","1"
"dreams_batch_28.json","English","legacy-en","legacy","1"
"dreams_batch_28.json","O'zbek","legacy-uz","legacy","1"
"dreams_batch_28.json","Русский","приправа","legacy","1"
"dreams_batch_28.json","English","legacy-en","legacy","1"
"dreams_batch_28.json","O'zbek","legacy-uz","legacy","1"
"dreams_batch_28.json","Русский","природа","legacy","1"
"dreams_batch_28.json","English","legacy-en","legacy","1"
"dreams_batch_28.json","O'zbek","legacy-uz","legacy","1"
"dreams_batch_28.json","Русский","природный","legacy","1"
"dreams_batch_28.json","English","legacy-en","legacy","1"
"dreams_batch_28.json","O'zbek","legacy-uz","legacy","1"
"dreams_batch_28.json","Русский","прирост","legacy","1"
"dreams_batch_28.json","English","legacy-en","legacy","1"
"dreams_batch_28.json","O'zbek","legacy-uz","legacy","1"
"dreams_batch_28.json","Русский","присутствие","legacy","1"
"dreams_batch_28.json","English","legacy-en","legacy","1"
"dreams_batch_28.json","O'zbek","legacy-uz","legacy","1"
"dreams_batch_28.json","Русский","притон","legacy","1"
"dreams_batch_28.json","English","legacy-en","legacy","1"
"dreams_batch_28.json","O'zbek","legacy-uz","legacy","1"
"dreams_batch_28.json","Русский","прицел","legacy","1"
"dreams_batch_28.json","English","legacy-en","legacy","1"
"dreams_batch_28.json","O'zbek","legacy-uz","legacy","1"
"dreams_batch_28.json","Русский","причал","legacy","1"
"dreams_batch_28.json","English","legacy-en","legacy","1"
"dreams_batch_28.json","O'zbek","legacy-uz","legacy","1"
"dreams_batch_28.json","Русский","прическа","legacy","1"
"dreams_batch_28.json","English","legacy-en","legacy","1"
"dreams_batch_28.json","O'zbek","legacy-uz","legacy","1"
"dreams_batch_28.json","Русский","причина","legacy","1"
"dreams_batch_28.json","English","legacy-en","legacy","1"
"dreams_batch_28.json","O'zbek","legacy-uz","legacy","1"
"dreams_batch_28.json","Русский","приют","legacy","1"
"dreams_batch_28.json","English","legacy-en","legacy","1"
"dreams_batch_28.json","O'zbek","legacy-uz","legacy","1"
"dreams_batch_28.json","Русский","приятель","legacy","1"
"dreams_batch_28.json","English","legacy-en","legacy","1"
"dreams_batch_28.json","O'zbek","legacy-uz","legacy","1"
"dreams_batch_28.json","Русский","провал","legacy","1"
"dreams_batch_28.json","English","legacy-en","legacy","1"
"dreams_batch_28.json","O'zbek","legacy-uz","legacy","1"
"dreams_batch_28.json","Русский","проверка","legacy","1"
"dreams_batch_28.json","English","legacy-en","legacy","1"
"dreams_batch_28.json","O'zbek","legacy-uz","legacy","1"
"dreams_batch_28.json","Русский","проводник","legacy","1"
"dreams_batch_28.json","English","legacy-en","legacy","1"
"dreams_batch_28.json","O'zbek","legacy-uz","legacy","1"
"dreams_batch_28.json","Русский","прогноз","legacy","1"
"dreams_batch_28.json","English","legacy-en","legacy","1"
"dreams_batch_28.json","O'zbek","legacy-uz","legacy","1"
"dreams_batch_28.json","Русский","прогулка","legacy","1"
"dreams_batch_28.json","English","legacy-en","legacy","1"
"dreams_batch_28.json","O'zbek","legacy-uz","legacy","1"
"dreams_batch_28.json","Русский","продавец","legacy","1"
"dreams_batch_28.json","English","legacy-en","legacy","1"
"dreams_batch_28.json","O'zbek","legacy-uz","legacy","1"
"dreams_batch_28.json","Русский","продвижение","legacy","1"
"dreams_batch_28.json","English","legacy-en","legacy","1"
"dreams_batch_28.json","O'zbek","legacy-uz","legacy","1"
"dreams_batch_28.json","Русский","продукт","legacy","1"
"dreams_batch_28.json","English","legacy-en","legacy","1"
"dreams_batch_28.json","O'zbek","legacy-uz","legacy","1"
"dreams_batch_28.json","Русский","проект","legacy","1"
"dreams_batch_28.json","English","legacy-en","legacy","1"
"dreams_batch_28.json","O'zbek","legacy-uz","legacy","1"
"dreams_batch_28.json","Русский","прожектор","legacy","1"
"dreams_batch_28.json","English","legacy-en","legacy","1"
"dreams_batch_28.json","O'zbek","legacy-uz","legacy","1"
"dreams_batch_28.json","Русский","проигрыш","legacy","1"
"dreams_batch_28.json","English","legacy-en","legacy","1"
"dreams_batch_28.json","O'zbek","legacy-uz","legacy","1"
"dreams_batch_28.json","Русский","проказа","legacy","1"
"dreams_batch_28.json","English","legacy-en","legacy","1"
"dreams_batch_28.json","O'zbek","legacy-uz","legacy","1"
"dreams_batch_28.json","Русский","прокол","legacy","1"
"dreams_batch_28.json","English","legacy-en","legacy","1"
"dreams_batch_28.json","O'zbek","legacy-uz","legacy","1"
"dreams_batch_28.json","Русский","прокурор","legacy","1"
"dreams_batch_28.json","English","legacy-en","legacy","1"
"dreams_batch_28.json","O'zbek","legacy-uz","legacy","1"
"dreams_batch_28.json","Русский","пролетарий","legacy","1"
"dreams_batch_28.json","English","legacy-en","legacy","1"
"dreams_batch_28.json","O'zbek","legacy-uz","legacy","1"
"dreams_batch_28.json","Русский","пролог","legacy","1"
"dreams_batch_28.json","English","legacy-en","legacy","1"
"dreams_batch_28.json","O'zbek","legacy-uz","legacy","1"
"dreams_batch_28.json","Русский","пролом","legacy","1"
"dreams_batch_28.json","English","legacy-en","legacy","1"
"dreams_batch_28.json","O'zbek","legacy-uz","legacy","1"
"dreams_batch_28.json","Русский","променад","legacy","1"
"dreams_batch_28.json","English","legacy-en","legacy","1"
"dreams_batch_28.json","O'zbek","legacy-uz","legacy","1"
"dreams_batch_28.json","Русский","пропажа","legacy","1"
"dreams_batch_28.json","English","legacy-en","legacy","1"
"dreams_batch_28.json","O'zbek","legacy-uz","legacy","1"
"dreams_batch_28.json","Русский","пропасть","legacy","1"
"dreams_batch_28.json","English","legacy-en","legacy","1"
"dreams_batch_28.json","O'zbek","legacy-uz","legacy","1"
"dreams_batch_28.json","Русский","пророк","legacy","1"
"dreams_batch_28.json","English","legacy-en","legacy","1"
"dreams_batch_28.json","O'zbek","legacy-uz","legacy","1"
"dreams_batch_28.json","Русский","прорубь","legacy","1"
"dreams_batch_28.json","English","legacy-en","legacy","1"
"dreams_batch_28.json","O'zbek","legacy-uz","legacy","1"
"dreams_batch_28.json","Русский","прорыв","legacy","1"
"dreams_batch_28.json","English","legacy-en","legacy","1"
"dreams_batch_28.json","O'zbek","legacy-uz","legacy","1"
"dreams_batch_28.json","Русский","просвещение","legacy","1"
"dreams_batch_28.json","English","legacy-en","legacy","1"
"dreams_batch_28.json","O'zbek","legacy-uz","legacy","1"
"dreams_batch_28.json","Русский","простыня","legacy","1"
"dreams_batch_28.json","English","legacy-en","legacy","1"
"dreams_batch_28.json","O'zbek","legacy-uz","legacy","1"
"dreams_batch_28.json","Русский","просьба","legacy","1"
"dreams_batch_28.json","English","legacy-en","legacy","1"
"dreams_batch_28.json","O'zbek","legacy-uz","legacy","1"
"dreams_batch_28.json","Русский","протез","legacy","1"
"dreams_batch_28.json","English","legacy-en","legacy","1"
"dreams_batch_28.json","O'zbek","legacy-uz","legacy","1"
"dreams_batch_28.json","Русский","противник","legacy","1"
"dreams_batch_28.json","English","legacy-en","legacy","1"
"dreams_batch_28.json","O'zbek","legacy-uz","legacy","1"
"dreams_batch_28.json","Русский","протокол","legacy","1"
"dreams_batch_28.json","English","legacy-en","legacy","1"
"dreams_batch_28.json","O'zbek","legacy-uz","legacy","1"
"dreams_batch_28.json","Русский","профессия","legacy","1"
"dreams_batch_28.json","English","legacy-en","legacy","1"
"dreams_batch_28.json","O'zbek","legacy-uz","legacy","1"
"dreams_batch_28.json","Русский","профессор","legacy","1"
"dreams_batch_28.json","English","legacy-en","legacy","1"
"dreams_batch_28.json","O'zbek","legacy-uz","legacy","1"
"dreams_batch_28.json","Русский","профиль","legacy","1"
"dreams_batch_28.json","English","legacy-en","legacy","1"
"dreams_batch_28.json","O'zbek","legacy-uz","legacy","1"
"dreams_batch_28.json","Русский","проход","legacy","1"
"dreams_batch_28.json","English","legacy-en","legacy","1"
"dreams_batch_28.json","O'zbek","legacy-uz","legacy","1"
"dreams_batch_28.json","Русский","процент","legacy","1"
"dreams_batch_28.json","English","legacy-en","legacy","1"
"dreams_batch_28.json","O'zbek","legacy-uz","legacy","1"
"dreams_batch_28.json","Русский","процесс","legacy","1"
"dreams_batch_28.json","English","legacy-en","legacy","1"
"dreams_batch_28.json","O'zbek","legacy-uz","legacy","1"
"dreams_batch_28.json","Русский","процессия","legacy","1"
"dreams_batch_28.json","English","legacy-en","legacy","1"
"dreams_batch_28.json","O'zbek","legacy-uz","legacy","1"
"dreams_batch_28.json","Русский","прошение","legacy","1"
"dreams_batch_28.json","English","legacy-en","legacy","1"
"dreams_batch_28.json","O'zbek","legacy-uz","legacy","1"
"dreams_batch_28.json","Русский","пруд","legacy","1"
"dreams_batch_28.json","English","legacy-en","legacy","1"
"dreams_batch_28.json","O'zbek","legacy-uz","legacy","1"
"dreams_batch_28.json","Русский","пружина","legacy","1"
"dreams_batch_28.json","English","legacy-en","legacy","1"
"dreams_batch_28.json","O'zbek","legacy-uz","legacy","1"
"dreams_batch_28.json","Русский","прыжок","legacy","1"
"dreams_batch_28.json","English","legacy-en","legacy","1"
"dreams_batch_28.json","O'zbek","legacy-uz","legacy","1"
"dreams_batch_28.json","Русский","прялка","legacy","1"
"dreams_batch_28.json","English","legacy-en","legacy","1"
"dreams_batch_28.json","O'zbek","legacy-uz","legacy","1"
"dreams_batch_28.json","Русский","пряник","legacy","1"
"dreams_batch_28.json","English","legacy-en","legacy","1"
"dreams_batch_28.json","O'zbek","legacy-uz","legacy","1"
"dreams_batch_28.json","Русский","прятки","legacy","1"
"dreams_batch_28.json","English","legacy-en","legacy","1"
"dreams_batch_28.json","O'zbek","legacy-uz","legacy","1"
"dreams_batch_28.json","Русский","псалом","legacy","1"
"dreams_batch_28.json","English","legacy-en","legacy","1"
"dreams_batch_28.json","O'zbek","legacy-uz","legacy","1"
"dreams_batch_28.json","Русский","публика","legacy","1"
"dreams_batch_28.json","English","legacy-en","legacy","1"
"dreams_batch_28.json","O'zbek","legacy-uz","legacy","1"
"dreams_batch_28.json","Русский","пуговица","legacy","1"
"dreams_batch_28.json","English","legacy-en","legacy","1"
"dreams_batch_28.json","O'zbek","legacy-uz","legacy","1"
"dreams_batch_28.json","Русский","пуд","legacy","1"
"dreams_batch_28.json","English","legacy-en","legacy","1"
"dreams_batch_28.json","O'zbek","legacy-uz","legacy","1"
"dreams_batch_28.json","Русский","пудра","legacy","1"
"dreams_batch_28.json","English","legacy-en","legacy","1"
"dreams_batch_28.json","O'zbek","legacy-uz","legacy","1"
"dreams_batch_28.json","Русский","пузырь","legacy","1"
"dreams_batch_28.json","English","legacy-en","legacy","1"
"dreams_batch_28.json","O'zbek","legacy-uz","legacy","1"
"dreams_batch_28.json","Русский","пульс","legacy","1"
"dreams_batch_28.json","English","legacy-en","legacy","1"
"dreams_batch_28.json","O'zbek","legacy-uz","legacy","1"
"dreams_batch_28.json","Русский","пульт","legacy","1"
"dreams_batch_28.json","English","legacy-en","legacy","1"
"dreams_batch_28.json","O'zbek","legacy-uz","legacy","1"
"dreams_batch_28.json","Русский","пуля","legacy","1"
"dreams_batch_28.json","English","legacy-en","legacy","1"
"dreams_batch_28.json","O'zbek","legacy-uz","legacy","1"
"dreams_batch_28.json","Русский","пункт","legacy","1"
"dreams_batch_28.json","English","legacy-en","legacy","1"
"dreams_batch_28.json","O'zbek","legacy-uz","legacy","1"
"dreams_batch_29.json","Русский","пунктуальность","legacy","1"
"dreams_batch_29.json","English","legacy-en","legacy","1"
"dreams_batch_29.json","O'zbek","legacy-uz","legacy","1"
"dreams_batch_29.json","Русский","пуп","legacy","1"
"dreams_batch_29.json","English","legacy-en","legacy","1"
"dreams_batch_29.json","O'zbek","legacy-uz","legacy","1"
"dreams_batch_29.json","Русский","пуповина","legacy","1"
"dreams_batch_29.json","English","legacy-en","legacy","1"
"dreams_batch_29.json","O'zbek","legacy-uz","legacy","1"
"dreams_batch_29.json","Русский","пурга","legacy","1"
"dreams_batch_29.json","English","legacy-en","legacy","1"
"dreams_batch_29.json","O'zbek","legacy-uz","legacy","1"
"dreams_batch_29.json","Русский","пурпур","legacy","1"
"dreams_batch_29.json","English","legacy-en","legacy","1"
"dreams_batch_29.json","O'zbek","legacy-uz","legacy","1"
"dreams_batch_29.json","Русский","пуск","legacy","1"
"dreams_batch_29.json","English","legacy-en","legacy","1"
"dreams_batch_29.json","O'zbek","legacy-uz","legacy","1"
"dreams_batch_29.json","Русский","пустота","legacy","1"
"dreams_batch_29.json","English","legacy-en","legacy","1"
"dreams_batch_29.json","O'zbek","legacy-uz","legacy","1"
"dreams_batch_29.json","Русский","пустыня","legacy","1"
"dreams_batch_29.json","English","legacy-en","legacy","1"
"dreams_batch_29.json","O'zbek","legacy-uz","legacy","1"
"dreams_batch_29.json","Русский","пустырь","legacy","1"
"dreams_batch_29.json","English","legacy-en","legacy","1"
"dreams_batch_29.json","O'zbek","legacy-uz","legacy","1"
"dreams_batch_29.json","Русский","пустяк","legacy","1"
"dreams_batch_29.json","English","legacy-en","legacy","1"
"dreams_batch_29.json","O'zbek","legacy-uz","legacy","1"
"dreams_batch_29.json","Русский","путь","legacy","1"
"dreams_batch_29.json","English","legacy-en","legacy","1"
"dreams_batch_29.json","O'zbek","legacy-uz","legacy","1"
"dreams_batch_29.json","Русский","пух","legacy","1"
"dreams_batch_29.json","English","legacy-en","legacy","1"
"dreams_batch_29.json","O'zbek","legacy-uz","legacy","1"
"dreams_batch_29.json","Русский","пучок","legacy","1"
"dreams_batch_29.json","English","legacy-en","legacy","1"
"dreams_batch_29.json","O'zbek","legacy-uz","legacy","1"
"dreams_batch_29.json","Русский","пчела","legacy","1"
"dreams_batch_29.json","English","legacy-en","legacy","1"
"dreams_batch_29.json","O'zbek","legacy-uz","legacy","1"
"dreams_batch_29.json","Русский","пшеница","legacy","1"
"dreams_batch_29.json","English","legacy-en","legacy","1"
"dreams_batch_29.json","O'zbek","legacy-uz","legacy","1"
"dreams_batch_29.json","Русский","пылесос","legacy","1"
"dreams_batch_29.json","English","legacy-en","legacy","1"
"dreams_batch_29.json","O'zbek","legacy-uz","legacy","1"
"dreams_batch_29.json","Русский","пыль","legacy","1"
"dreams_batch_29.json","English","legacy-en","legacy","1"
"dreams_batch_29.json","O'zbek","legacy-uz","legacy","1"
"dreams_batch_29.json","Русский","пыльца","legacy","1"
"dreams_batch_29.json","English","legacy-en","legacy","1"
"dreams_batch_29.json","O'zbek","legacy-uz","legacy","1"
"dreams_batch_29.json","Русский","пытка","legacy","1"
"dreams_batch_29.json","English","legacy-en","legacy","1"
"dreams_batch_29.json","O'zbek","legacy-uz","legacy","1"
"dreams_batch_29.json","Русский","пьеса","legacy","1"
"dreams_batch_29.json","English","legacy-en","legacy","1"
"dreams_batch_29.json","O'zbek","legacy-uz","legacy","1"
"dreams_batch_29.json","Русский","пятерка","legacy","1"
"dreams_batch_29.json","English","legacy-en","legacy","1"
"dreams_batch_29.json","O'zbek","legacy-uz","legacy","1"
"dreams_batch_29.json","Русский","пятка","legacy","1"
"dreams_batch_29.json","English","legacy-en","legacy","1"
"dreams_batch_29.json","O'zbek","legacy-uz","legacy","1"
"dreams_batch_29.json","Русский","пятно","legacy","1"
"dreams_batch_29.json","English","legacy-en","legacy","1"
"dreams_batch_29.json","O'zbek","legacy-uz","legacy","1"
"dreams_batch_29.json","Русский","раб","legacy","1"
"dreams_batch_29.json","English","legacy-en","legacy","1"
"dreams_batch_29.json","O'zbek","legacy-uz","legacy","1"
"dreams_batch_29.json","Русский","работа","legacy","1"
"dreams_batch_29.json","English","legacy-en","legacy","1"
"dreams_batch_29.json","O'zbek","legacy-uz","legacy","1"
"dreams_batch_29.json","Русский","рабство","legacy","1"
"dreams_batch_29.json","English","legacy-en","legacy","1"
"dreams_batch_29.json","O'zbek","legacy-uz","legacy","1"
"dreams_batch_29.json","Русский","равнина","legacy","1"
"dreams_batch_29.json","English","legacy-en","legacy","1"
"dreams_batch_29.json","O'zbek","legacy-uz","legacy","1"
"dreams_batch_29.json","Русский","равновесие","legacy","1"
"dreams_batch_29.json","English","legacy-en","legacy","1"
"dreams_batch_29.json","O'zbek","legacy-uz","legacy","1"
"dreams_batch_29.json","Русский","равнодушие","legacy","1"
"dreams_batch_29.json","English","legacy-en","legacy","1"
"dreams_batch_29.json","O'zbek","legacy-uz","legacy","1"
"dreams_batch_29.json","Русский","радиация","legacy","1"
"dreams_batch_29.json","English","legacy-en","legacy","1"
"dreams_batch_29.json","O'zbek","legacy-uz","legacy","1"
"dreams_batch_29.json","Русский","радио","legacy","1"
"dreams_batch_29.json","English","legacy-en","legacy","1"
"dreams_batch_29.json","O'zbek","legacy-uz","legacy","1"
"dreams_batch_29.json","Русский","радуга","legacy","1"
"dreams_batch_29.json","English","legacy-en","legacy","1"
"dreams_batch_29.json","O'zbek","legacy-uz","legacy","1"
"dreams_batch_29.json","Русский","развал","legacy","1"
"dreams_batch_29.json","English","legacy-en","legacy","1"
"dreams_batch_29.json","O'zbek","legacy-uz","legacy","1"
"dreams_batch_29.json","Русский","разведка","legacy","1"
"dreams_batch_29.json","English","legacy-en","legacy","1"
"dreams_batch_29.json","O'zbek","legacy-uz","legacy","1"
"dreams_batch_29.json","Русский","развод","legacy","1"
"dreams_batch_29.json","English","legacy-en","legacy","1"
"dreams_batch_29.json","O'zbek","legacy-uz","legacy","1"
"dreams_batch_29.json","Русский","разговор","legacy","1"
"dreams_batch_29.json","English","legacy-en","legacy","1"
"dreams_batch_29.json","O'zbek","legacy-uz","legacy","1"
"dreams_batch_29.json","Русский","раздор","legacy","1"
"dreams_batch_29.json","English","legacy-en","legacy","1"
"dreams_batch_29.json","O'zbek","legacy-uz","legacy","1"
"dreams_batch_29.json","Русский","разлука","legacy","1"
"dreams_batch_29.json","English","legacy-en","legacy","1"
"dreams_batch_29.json","O'zbek","legacy-uz","legacy","1"
"dreams_batch_29.json","Русский","размен","legacy","1"
"dreams_batch_29.json","English","legacy-en","legacy","1"
"dreams_batch_29.json","O'zbek","legacy-uz","legacy","1"
"dreams_batch_29.json","Русский","размер","legacy","1"
"dreams_batch_29.json","English","legacy-en","legacy","1"
"dreams_batch_29.json","O'zbek","legacy-uz","legacy","1"
"dreams_batch_29.json","Русский","разница","legacy","1"
"dreams_batch_29.json","English","legacy-en","legacy","1"
"dreams_batch_29.json","O'zbek","legacy-uz","legacy","1"
"dreams_batch_29.json","Русский","разорение","legacy","1"
"dreams_batch_29.json","English","legacy-en","legacy","1"
"dreams_batch_29.json","O'zbek","legacy-uz","legacy","1"
"dreams_batch_29.json","Русский","разрез","legacy","1"
"dreams_batch_29.json","English","legacy-en","legacy","1"
"dreams_batch_29.json","O'zbek","legacy-uz","legacy","1"
"dreams_batch_29.json","Русский","разрыв","legacy","1"
"dreams_batch_29.json","English","legacy-en","legacy","1"
"dreams_batch_29.json","O'zbek","legacy-uz","legacy","1"
"dreams_batch_29.json","Русский","разряд","legacy","1"
"dreams_batch_29.json","English","legacy-en","legacy","1"
"dreams_batch_29.json","O'zbek","legacy-uz","legacy","1"
"dreams_batch_29.json","Русский","разум","legacy","1"
"dreams_batch_29.json","English","legacy-en","legacy","1"
"dreams_batch_29.json","O'zbek","legacy-uz","legacy","1"
"dreams_batch_29.json","Русский","рай","legacy","1"
"dreams_batch_29.json","English","legacy-en","legacy","1"
"dreams_batch_29.json","O'zbek","legacy-uz","legacy","1"
"dreams_batch_29.json","Русский","ракета","legacy","1"
"dreams_batch_29.json","English","legacy-en","legacy","1"
"dreams_batch_29.json","O'zbek","legacy-uz","legacy","1"
"dreams_batch_29.json","Русский","раковина","legacy","1"
"dreams_batch_29.json","English","legacy-en","legacy","1"
"dreams_batch_29.json","O'zbek","legacy-uz","legacy","1"
"dreams_batch_29.json","Русский","ракурс","legacy","1"
"dreams_batch_29.json","English","legacy-en","legacy","1"
"dreams_batch_29.json","O'zbek","legacy-uz","legacy","1"
"dreams_batch_29.json","Русский","рама","legacy","1"
"dreams_batch_29.json","English","legacy-en","legacy","1"
"dreams_batch_29.json","O'zbek","legacy-uz","legacy","1"
"dreams_batch_29.json","Русский","рана","legacy","1"
"dreams_batch_29.json","English","legacy-en","legacy","1"
"dreams_batch_29.json","O'zbek","legacy-uz","legacy","1"
"dreams_batch_29.json","Русский","ранец","legacy","1"
"dreams_batch_29.json","English","legacy-en","legacy","1"
"dreams_batch_29.json","O'zbek","legacy-uz","legacy","1"
"dreams_batch_29.json","Русский","раритет","legacy","1"
"dreams_batch_29.json","English","legacy-en","legacy","1"
"dreams_batch_29.json","O'zbek","legacy-uz","legacy","1"
"dreams_batch_29.json","Русский","расправа","legacy","1"
"dreams_batch_29.json","English","legacy-en","legacy","1"
"dreams_batch_29.json","O'zbek","legacy-uz","legacy","1"
"dreams_batch_29.json","Русский","рассвет","legacy","1"
"dreams_batch_29.json","English","legacy-en","legacy","1"
"dreams_batch_29.json","O'zbek","legacy-uz","legacy","1"
"dreams_batch_29.json","Русский","рассрочка","legacy","1"
"dreams_batch_29.json","English","legacy-en","legacy","1"
"dreams_batch_29.json","O'zbek","legacy-uz","legacy","1"
"dreams_batch_29.json","Русский","расстояние","legacy","1"
"dreams_batch_29.json","English","legacy-en","legacy","1"
"dreams_batch_29.json","O'zbek","legacy-uz","legacy","1"
"dreams_batch_29.json","Русский","рассудок","legacy","1"
"dreams_batch_29.json","English","legacy-en","legacy","1"
"dreams_batch_29.json","O'zbek","legacy-uz","legacy","1"
"dreams_batch_29.json","Русский","расход","legacy","1"
"dreams_batch_29.json","English","legacy-en","legacy","1"
"dreams_batch_29.json","O'zbek","legacy-uz","legacy","1"
"dreams_batch_29.json","Русский","расцвет","legacy","1"
"dreams_batch_29.json","English","legacy-en","legacy","1"
"dreams_batch_29.json","O'zbek","legacy-uz","legacy","1"
"dreams_batch_29.json","Русский","расчет","legacy","1"
"dreams_batch_29.json","English","legacy-en","legacy","1"
"dreams_batch_29.json","O'zbek","legacy-uz","legacy","1"
"dreams_batch_29.json","Русский","расчистка","legacy","1"
"dreams_batch_29.json","English","legacy-en","legacy","1"
"dreams_batch_29.json","O'zbek","legacy-uz","legacy","1"
"dreams_batch_29.json","Русский","расширение","legacy","1"
"dreams_batch_29.json","English","legacy-en","legacy","1"
"dreams_batch_29.json","O'zbek","legacy-uz","legacy","1"
"dreams_batch_29.json","Русский","рвение","legacy","1"
"dreams_batch_29.json","English","legacy-en","legacy","1"
"dreams_batch_29.json","O'zbek","legacy-uz","legacy","1"
"dreams_batch_29.json","Русский","рвота","legacy","1"
"dreams_batch_29.json","English","legacy-en","legacy","1"
"dreams_batch_29.json","O'zbek","legacy-uz","legacy","1"
"dreams_batch_29.json","Русский","реакция","legacy","1"
"dreams_batch_29.json","English","legacy-en","legacy","1"
"dreams_batch_29.json","O'zbek","legacy-uz","legacy","1"
"dreams_batch_29.json","Русский","реальность","legacy","1"
"dreams_batch_29.json","English","legacy-en","legacy","1"
"dreams_batch_29.json","O'zbek","legacy-uz","legacy","1"
"dreams_batch_29.json","Русский","ребенок","legacy","1"
"dreams_batch_29.json","English","legacy-en","legacy","1"
"dreams_batch_29.json","O'zbek","legacy-uz","legacy","1"
"dreams_batch_29.json","Русский","ребро","legacy","1"
"dreams_batch_29.json","English","legacy-en","legacy","1"
"dreams_batch_29.json","O'zbek","legacy-uz","legacy","1"
"dreams_batch_29.json","Русский","ребус","legacy","1"
"dreams_batch_29.json","English","legacy-en","legacy","1"
"dreams_batch_29.json","O'zbek","legacy-uz","legacy","1"
"dreams_batch_29.json","Русский","реванш","legacy","1"
"dreams_batch_29.json","English","legacy-en","legacy","1"
"dreams_batch_29.json","O'zbek","legacy-uz","legacy","1"
"dreams_batch_29.json","Русский","ревность","legacy","1"
"dreams_batch_29.json","English","legacy-en","legacy","1"
"dreams_batch_29.json","O'zbek","legacy-uz","legacy","1"
"dreams_batch_29.json","Русский","революция","legacy","1"
"dreams_batch_29.json","English","legacy-en","legacy","1"
"dreams_batch_29.json","O'zbek","legacy-uz","legacy","1"
"dreams_batch_29.json","Русский","регистрация","legacy","1"
"dreams_batch_29.json","English","legacy-en","legacy","1"
"dreams_batch_29.json","O'zbek","legacy-uz","legacy","1"
"dreams_batch_29.json","Русский","регламент","legacy","1"
"dreams_batch_29.json","English","legacy-en","legacy","1"
"dreams_batch_29.json","O'zbek","legacy-uz","legacy","1"
"dreams_batch_29.json","Русский","редактор","legacy","1"
"dreams_batch_29.json","English","legacy-en","legacy","1"
"dreams_batch_29.json","O'zbek","legacy-uz","legacy","1"
"dreams_batch_29.json","Русский","режим","legacy","1"
"dreams_batch_29.json","English","legacy-en","legacy","1"
"dreams_batch_29.json","O'zbek","legacy-uz","legacy","1"
"dreams_batch_29.json","Русский","режиссер","legacy","1"
"dreams_batch_29.json","English","legacy-en","legacy","1"
"dreams_batch_29.json","O'zbek","legacy-uz","legacy","1"
"dreams_batch_29.json","Русский","резерв","legacy","1"
"dreams_batch_29.json","English","legacy-en","legacy","1"
"dreams_batch_29.json","O'zbek","legacy-uz","legacy","1"
"dreams_batch_29.json","Русский","резина","legacy","1"
"dreams_batch_29.json","English","legacy-en","legacy","1"
"dreams_batch_29.json","O'zbek","legacy-uz","legacy","1"
"dreams_batch_29.json","Русский","резонанс","legacy","1"
"dreams_batch_29.json","English","legacy-en","legacy","1"
"dreams_batch_29.json","O'zbek","legacy-uz","legacy","1"
"dreams_batch_29.json","Русский","результат","legacy","1"
"dreams_batch_29.json","English","legacy-en","legacy","1"
"dreams_batch_29.json","O'zbek","legacy-uz","legacy","1"
"dreams_batch_29.json","Русский","река","legacy","1"
"dreams_batch_29.json","English","legacy-en","legacy","1"
"dreams_batch_29.json","O'zbek","legacy-uz","legacy","1"
"dreams_batch_29.json","Русский","реклама","legacy","1"
"dreams_batch_29.json","English","legacy-en","legacy","1"
"dreams_batch_29.json","O'zbek","legacy-uz","legacy","1"
"dreams_batch_29.json","Русский","рекорд","legacy","1"
"dreams_batch_29.json","English","legacy-en","legacy","1"
"dreams_batch_29.json","O'zbek","legacy-uz","legacy","1"
"dreams_batch_29.json","Русский","реликвия","legacy","1"
"dreams_batch_29.json","English","legacy-en","legacy","1"
"dreams_batch_29.json","O'zbek","legacy-uz","legacy","1"
"dreams_batch_29.json","Русский","рельеф","legacy","1"
"dreams_batch_29.json","English","legacy-en","legacy","1"
"dreams_batch_29.json","O'zbek","legacy-uz","legacy","1"
"dreams_batch_29.json","Русский","рельсы","legacy","1"
"dreams_batch_29.json","English","legacy-en","legacy","1"
"dreams_batch_29.json","O'zbek","legacy-uz","legacy","1"
"dreams_batch_29.json","Русский","ремень","legacy","1"
"dreams_batch_29.json","English","legacy-en","legacy","1"
"dreams_batch_29.json","O'zbek","legacy-uz","legacy","1"
"dreams_batch_29.json","Русский","ремонт","legacy","1"
"dreams_batch_29.json","English","legacy-en","legacy","1"
"dreams_batch_29.json","O'zbek","legacy-uz","legacy","1"
"dreams_batch_29.json","Русский","рентген","legacy","1"
"dreams_batch_29.json","English","legacy-en","legacy","1"
"dreams_batch_29.json","O'zbek","legacy-uz","legacy","1"
"dreams_batch_29.json","Русский","репутация","legacy","1"
"dreams_batch_29.json","English","legacy-en","legacy","1"
"dreams_batch_29.json","O'zbek","legacy-uz","legacy","1"
"dreams_batch_29.json","Русский","ресницы","legacy","1"
"dreams_batch_29.json","English","legacy-en","legacy","1"
"dreams_batch_29.json","O'zbek","legacy-uz","legacy","1"
"dreams_batch_29.json","Русский","реставратор","legacy","1"
"dreams_batch_29.json","English","legacy-en","legacy","1"
"dreams_batch_29.json","O'zbek","legacy-uz","legacy","1"
"dreams_batch_29.json","Русский","ресторан","legacy","1"
"dreams_batch_29.json","English","legacy-en","legacy","1"
"dreams_batch_29.json","O'zbek","legacy-uz","legacy","1"
"dreams_batch_29.json","Русский","ресурс","legacy","1"
"dreams_batch_29.json","English","legacy-en","legacy","1"
"dreams_batch_29.json","O'zbek","legacy-uz","legacy","1"
"dreams_batch_29.json","Русский","реферат","legacy","1"
"dreams_batch_29.json","English","legacy-en","legacy","1"
"dreams_batch_29.json","O'zbek","legacy-uz","legacy","1"
"dreams_batch_29.json","Русский","реформа","legacy","1"
"dreams_batch_29.json","English","legacy-en","legacy","1"
"dreams_batch_29.json","O'zbek","legacy-uz","legacy","1"
"dreams_batch_29.json","Русский","рецепт","legacy","1"
"dreams_batch_29.json","English","legacy-en","legacy","1"
"dreams_batch_29.json","O'zbek","legacy-uz","legacy","1"
"dreams_batch_3.json","Русский","белизна","legacy","1"
"dreams_batch_3.json","English","legacy-en","legacy","1"
"dreams_batch_3.json","O'zbek","legacy-uz","legacy","1"
"dreams_batch_3.json","Русский","белка","legacy","1"
"dreams_batch_3.json","English","legacy-en","legacy","1"
"dreams_batch_3.json","O'zbek","legacy-uz","legacy","1"
"dreams_batch_3.json","Русский","белье","legacy","1"
"dreams_batch_3.json","English","legacy-en","legacy","1"
"dreams_batch_3.json","O'zbek","legacy-uz","legacy","1"
"dreams_batch_3.json","Русский","берег","legacy","1"
"dreams_batch_3.json","English","legacy-en","legacy","1"
"dreams_batch_3.json","O'zbek","legacy-uz","legacy","1"
"dreams_batch_3.json","Русский","бережливость","legacy","1"
"dreams_batch_3.json","English","legacy-en","legacy","1"
"dreams_batch_3.json","O'zbek","legacy-uz","legacy","1"
"dreams_batch_3.json","Русский","береза","legacy","1"
"dreams_batch_3.json","English","legacy-en","legacy","1"
"dreams_batch_3.json","O'zbek","legacy-uz","legacy","1"
"dreams_batch_3.json","Русский","беременность","legacy","1"
"dreams_batch_3.json","English","legacy-en","legacy","1"
"dreams_batch_3.json","O'zbek","legacy-uz","legacy","1"
"dreams_batch_3.json","Русский","бес","legacy","1"
"dreams_batch_3.json","English","legacy-en","legacy","1"
"dreams_batch_3.json","O'zbek","legacy-uz","legacy","1"
"dreams_batch_3.json","Русский","беседа","legacy","1"
"dreams_batch_3.json","English","legacy-en","legacy","1"
"dreams_batch_3.json","O'zbek","legacy-uz","legacy","1"
"dreams_batch_3.json","Русский","бесконечность","legacy","1"
"dreams_batch_3.json","English","legacy-en","legacy","1"
"dreams_batch_3.json","O'zbek","legacy-uz","legacy","1"
"dreams_batch_3.json","Русский","бесстрашие","legacy","1"
"dreams_batch_3.json","English","legacy-en","legacy","1"
"dreams_batch_3.json","O'zbek","legacy-uz","legacy","1"
"dreams_batch_3.json","Русский","бетон","legacy","1"
"dreams_batch_3.json","English","legacy-en","legacy","1"
"dreams_batch_3.json","O'zbek","legacy-uz","legacy","1"
"dreams_batch_3.json","Русский","библиотека","legacy","1"
"dreams_batch_3.json","English","legacy-en","legacy","1"
"dreams_batch_3.json","O'zbek","legacy-uz","legacy","1"
"dreams_batch_3.json","Русский","библия","legacy","1"
"dreams_batch_3.json","English","legacy-en","legacy","1"
"dreams_batch_3.json","O'zbek","legacy-uz","legacy","1"
"dreams_batch_3.json","Русский","билет","legacy","1"
"dreams_batch_3.json","English","legacy-en","legacy","1"
"dreams_batch_3.json","O'zbek","legacy-uz","legacy","1"
"dreams_batch_3.json","Русский","бинокль","legacy","1"
"dreams_batch_3.json","English","legacy-en","legacy","1"
"dreams_batch_3.json","O'zbek","legacy-uz","legacy","1"
"dreams_batch_3.json","Русский","бинт","legacy","1"
"dreams_batch_3.json","English","legacy-en","legacy","1"
"dreams_batch_3.json","O'zbek","legacy-uz","legacy","1"
"dreams_batch_3.json","Русский","биржа","legacy","1"
"dreams_batch_3.json","English","legacy-en","legacy","1"
"dreams_batch_3.json","O'zbek","legacy-uz","legacy","1"
"dreams_batch_3.json","Русский","бирюза","legacy","1"
"dreams_batch_3.json","English","legacy-en","legacy","1"
"dreams_batch_3.json","O'zbek","legacy-uz","legacy","1"
"dreams_batch_3.json","Русский","бисер","legacy","1"
"dreams_batch_3.json","English","legacy-en","legacy","1"
"dreams_batch_3.json","O'zbek","legacy-uz","legacy","1"
"dreams_batch_3.json","Русский","битва","legacy","1"
"dreams_batch_3.json","English","legacy-en","legacy","1"
"dreams_batch_3.json","O'zbek","legacy-uz","legacy","1"
"dreams_batch_3.json","Русский","бич","legacy","1"
"dreams_batch_3.json","English","legacy-en","legacy","1"
"dreams_batch_3.json","O'zbek","legacy-uz","legacy","1"
"dreams_batch_3.json","Русский","благо","legacy","1"
"dreams_batch_3.json","English","legacy-en","legacy","1"
"dreams_batch_3.json","O'zbek","legacy-uz","legacy","1"
"dreams_batch_3.json","Русский","благодарность","legacy","1"
"dreams_batch_3.json","English","legacy-en","legacy","1"
"dreams_batch_3.json","O'zbek","legacy-uz","legacy","1"
"dreams_batch_3.json","Русский","благородство","legacy","1"
"dreams_batch_3.json","English","legacy-en","legacy","1"
"dreams_batch_3.json","O'zbek","legacy-uz","legacy","1"
"dreams_batch_3.json","Русский","блаженство","legacy","1"
"dreams_batch_3.json","English","legacy-en","legacy","1"
"dreams_batch_3.json","O'zbek","legacy-uz","legacy","1"
"dreams_batch_3.json","Русский","блеск","legacy","1"
"dreams_batch_3.json","English","legacy-en","legacy","1"
"dreams_batch_3.json","O'zbek","legacy-uz","legacy","1"
"dreams_batch_3.json","Русский","близнецы","legacy","1"
"dreams_batch_3.json","English","legacy-en","legacy","1"
"dreams_batch_3.json","O'zbek","legacy-uz","legacy","1"
"dreams_batch_3.json","Русский","близость","legacy","1"
"dreams_batch_3.json","English","legacy-en","legacy","1"
"dreams_batch_3.json","O'zbek","legacy-uz","legacy","1"
"dreams_batch_3.json","Русский","блины","legacy","1"
"dreams_batch_3.json","English","legacy-en","legacy","1"
"dreams_batch_3.json","O'zbek","legacy-uz","legacy","1"
"dreams_batch_3.json","Русский","блокнот","legacy","1"
"dreams_batch_3.json","English","legacy-en","legacy","1"
"dreams_batch_3.json","O'zbek","legacy-uz","legacy","1"
"dreams_batch_3.json","Русский","блуждание","legacy","1"
"dreams_batch_3.json","English","legacy-en","legacy","1"
"dreams_batch_3.json","O'zbek","legacy-uz","legacy","1"
"dreams_batch_3.json","Русский","блюдо","legacy","1"
"dreams_batch_3.json","English","legacy-en","legacy","1"
"dreams_batch_3.json","O'zbek","legacy-uz","legacy","1"
"dreams_batch_3.json","Русский","бог","legacy","1"
"dreams_batch_3.json","English","legacy-en","legacy","1"
"dreams_batch_3.json","O'zbek","legacy-uz","legacy","1"
"dreams_batch_3.json","Русский","богатство","legacy","1"
"dreams_batch_3.json","English","legacy-en","legacy","1"
"dreams_batch_3.json","O'zbek","legacy-uz","legacy","1"
"dreams_batch_3.json","Русский","бодрость","legacy","1"
"dreams_batch_3.json","English","legacy-en","legacy","1"
"dreams_batch_3.json","O'zbek","legacy-uz","legacy","1"
"dreams_batch_3.json","Русский","бой","legacy","1"
"dreams_batch_3.json","English","legacy-en","legacy","1"
"dreams_batch_3.json","O'zbek","legacy-uz","legacy","1"
"dreams_batch_3.json","Русский","бокал","legacy","1"
"dreams_batch_3.json","English","legacy-en","legacy","1"
"dreams_batch_3.json","O'zbek","legacy-uz","legacy","1"
"dreams_batch_3.json","Русский","бокс","legacy","1"
"dreams_batch_3.json","English","legacy-en","legacy","1"
"dreams_batch_3.json","O'zbek","legacy-uz","legacy","1"
"dreams_batch_3.json","Русский","болото","legacy","1"
"dreams_batch_3.json","English","legacy-en","legacy","1"
"dreams_batch_3.json","O'zbek","legacy-uz","legacy","1"
"dreams_batch_3.json","Русский","болтливость","legacy","1"
"dreams_batch_3.json","English","legacy-en","legacy","1"
"dreams_batch_3.json","O'zbek","legacy-uz","legacy","1"
"dreams_batch_3.json","Русский","боль","legacy","1"
"dreams_batch_3.json","English","legacy-en","legacy","1"
"dreams_batch_3.json","O'zbek","legacy-uz","legacy","1"
"dreams_batch_3.json","Русский","больница","legacy","1"
"dreams_batch_3.json","English","legacy-en","legacy","1"
"dreams_batch_3.json","O'zbek","legacy-uz","legacy","1"
"dreams_batch_3.json","Русский","бомба","legacy","1"
"dreams_batch_3.json","English","legacy-en","legacy","1"
"dreams_batch_3.json","O'zbek","legacy-uz","legacy","1"
"dreams_batch_3.json","Русский","борода","legacy","1"
"dreams_batch_3.json","English","legacy-en","legacy","1"
"dreams_batch_3.json","O'zbek","legacy-uz","legacy","1"
"dreams_batch_3.json","Русский","бородавка","legacy","1"
"dreams_batch_3.json","English","legacy-en","legacy","1"
"dreams_batch_3.json","O'zbek","legacy-uz","legacy","1"
"dreams_batch_3.json","Русский","борщ","legacy","1"
"dreams_batch_3.json","English","legacy-en","legacy","1"
"dreams_batch_3.json","O'zbek","legacy-uz","legacy","1"
"dreams_batch_3.json","Русский","борьба","legacy","1"
"dreams_batch_3.json","English","legacy-en","legacy","1"
"dreams_batch_3.json","O'zbek","legacy-uz","legacy","1"
"dreams_batch_3.json","Русский","босиком","legacy","1"
"dreams_batch_3.json","English","legacy-en","legacy","1"
"dreams_batch_3.json","O'zbek","legacy-uz","legacy","1"
"dreams_batch_3.json","Русский","ботинки","legacy","1"
"dreams_batch_3.json","English","legacy-en","legacy","1"
"dreams_batch_3.json","O'zbek","legacy-uz","legacy","1"
"dreams_batch_3.json","Русский","бочка","legacy","1"
"dreams_batch_3.json","English","legacy-en","legacy","1"
"dreams_batch_3.json","O'zbek","legacy-uz","legacy","1"
"dreams_batch_3.json","Русский","брак","legacy","1"
"dreams_batch_3.json","English","legacy-en","legacy","1"
"dreams_batch_3.json","O'zbek","legacy-uz","legacy","1"
"dreams_batch_3.json","Русский","браслет","legacy","1"
"dreams_batch_3.json","English","legacy-en","legacy","1"
"dreams_batch_3.json","O'zbek","legacy-uz","legacy","1"
"dreams_batch_3.json","Русский","брат","legacy","1"
"dreams_batch_3.json","English","legacy-en","legacy","1"
"dreams_batch_3.json","O'zbek","legacy-uz","legacy","1"
"dreams_batch_3.json","Русский","бревно","legacy","1"
"dreams_batch_3.json","English","legacy-en","legacy","1"
"dreams_batch_3.json","O'zbek","legacy-uz","legacy","1"
"dreams_batch_3.json","Русский","брезент","legacy","1"
"dreams_batch_3.json","English","legacy-en","legacy","1"
"dreams_batch_3.json","O'zbek","legacy-uz","legacy","1"
"dreams_batch_3.json","Русский","бригада","legacy","1"
"dreams_batch_3.json","English","legacy-en","legacy","1"
"dreams_batch_3.json","O'zbek","legacy-uz","legacy","1"
"dreams_batch_3.json","Русский","бриллиант","legacy","1"
"dreams_batch_3.json","English","legacy-en","legacy","1"
"dreams_batch_3.json","O'zbek","legacy-uz","legacy","1"
"dreams_batch_3.json","Русский","бритва","legacy","1"
"dreams_batch_3.json","English","legacy-en","legacy","1"
"dreams_batch_3.json","O'zbek","legacy-uz","legacy","1"
"dreams_batch_3.json","Русский","бровь","legacy","1"
"dreams_batch_3.json","English","legacy-en","legacy","1"
"dreams_batch_3.json","O'zbek","legacy-uz","legacy","1"
"dreams_batch_3.json","Русский","брод","legacy","1"
"dreams_batch_3.json","English","legacy-en","legacy","1"
"dreams_batch_3.json","O'zbek","legacy-uz","legacy","1"
"dreams_batch_3.json","Русский","бродяга","legacy","1"
"dreams_batch_3.json","English","legacy-en","legacy","1"
"dreams_batch_3.json","O'zbek","legacy-uz","legacy","1"
"dreams_batch_3.json","Русский","бронза","legacy","1"
"dreams_batch_3.json","English","legacy-en","legacy","1"
"dreams_batch_3.json","O'zbek","legacy-uz","legacy","1"
"dreams_batch_3.json","Русский","броня","legacy","1"
"dreams_batch_3.json","English","legacy-en","legacy","1"
"dreams_batch_3.json","O'zbek","legacy-uz","legacy","1"
"dreams_batch_3.json","Русский","бросок","legacy","1"
"dreams_batch_3.json","English","legacy-en","legacy","1"
"dreams_batch_3.json","O'zbek","legacy-uz","legacy","1"
"dreams_batch_3.json","Русский","брошь","legacy","1"
"dreams_batch_3.json","English","legacy-en","legacy","1"
"dreams_batch_3.json","O'zbek","legacy-uz","legacy","1"
"dreams_batch_3.json","Русский","брус","legacy","1"
"dreams_batch_3.json","English","legacy-en","legacy","1"
"dreams_batch_3.json","O'zbek","legacy-uz","legacy","1"
"dreams_batch_3.json","Русский","брызги","legacy","1"
"dreams_batch_3.json","English","legacy-en","legacy","1"
"dreams_batch_3.json","O'zbek","legacy-uz","legacy","1"
"dreams_batch_3.json","Русский","брюки","legacy","1"
"dreams_batch_3.json","English","legacy-en","legacy","1"
"dreams_batch_3.json","O'zbek","legacy-uz","legacy","1"
"dreams_batch_3.json","Русский","бубен","legacy","1"
"dreams_batch_3.json","English","legacy-en","legacy","1"
"dreams_batch_3.json","O'zbek","legacy-uz","legacy","1"
"dreams_batch_3.json","Русский","будильник","legacy","1"
"dreams_batch_3.json","English","legacy-en","legacy","1"
"dreams_batch_3.json","O'zbek","legacy-uz","legacy","1"
"dreams_batch_3.json","Русский","будка","legacy","1"
"dreams_batch_3.json","English","legacy-en","legacy","1"
"dreams_batch_3.json","O'zbek","legacy-uz","legacy","1"
"dreams_batch_3.json","Русский","будущее","legacy","1"
"dreams_batch_3.json","English","legacy-en","legacy","1"
"dreams_batch_3.json","O'zbek","legacy-uz","legacy","1"
"dreams_batch_3.json","Русский","букет","legacy","1"
"dreams_batch_3.json","English","legacy-en","legacy","1"
"dreams_batch_3.json","O'zbek","legacy-uz","legacy","1"
"dreams_batch_3.json","Русский","буксир","legacy","1"
"dreams_batch_3.json","English","legacy-en","legacy","1"
"dreams_batch_3.json","O'zbek","legacy-uz","legacy","1"
"dreams_batch_3.json","Русский","булава","legacy","1"
"dreams_batch_3.json","English","legacy-en","legacy","1"
"dreams_batch_3.json","O'zbek","legacy-uz","legacy","1"
"dreams_batch_3.json","Русский","булавка","legacy","1"
"dreams_batch_3.json","English","legacy-en","legacy","1"
"dreams_batch_3.json","O'zbek","legacy-uz","legacy","1"
"dreams_batch_3.json","Русский","булка","legacy","1"
"dreams_batch_3.json","English","legacy-en","legacy","1"
"dreams_batch_3.json","O'zbek","legacy-uz","legacy","1"
"dreams_batch_3.json","Русский","бульвар","legacy","1"
"dreams_batch_3.json","English","legacy-en","legacy","1"
"dreams_batch_3.json","O'zbek","legacy-uz","legacy","1"
"dreams_batch_3.json","Русский","бульдозер","legacy","1"
"dreams_batch_3.json","English","legacy-en","legacy","1"
"dreams_batch_3.json","O'zbek","legacy-uz","legacy","1"
"dreams_batch_3.json","Русский","бумага","legacy","1"
"dreams_batch_3.json","English","legacy-en","legacy","1"
"dreams_batch_3.json","O'zbek","legacy-uz","legacy","1"
"dreams_batch_3.json","Русский","бунт","legacy","1"
"dreams_batch_3.json","English","legacy-en","legacy","1"
"dreams_batch_3.json","O'zbek","legacy-uz","legacy","1"
"dreams_batch_3.json","Русский","буран","legacy","1"
"dreams_batch_3.json","English","legacy-en","legacy","1"
"dreams_batch_3.json","O'zbek","legacy-uz","legacy","1"
"dreams_batch_3.json","Русский","буря","legacy","1"
"dreams_batch_3.json","English","legacy-en","legacy","1"
"dreams_batch_3.json","O'zbek","legacy-uz","legacy","1"
"dreams_batch_3.json","Русский","бусы","legacy","1"
"dreams_batch_3.json","English","legacy-en","legacy","1"
"dreams_batch_3.json","O'zbek","legacy-uz","legacy","1"
"dreams_batch_3.json","Русский","бутылка","legacy","1"
"dreams_batch_3.json","English","legacy-en","legacy","1"
"dreams_batch_3.json","O'zbek","legacy-uz","legacy","1"
"dreams_batch_3.json","Русский","буфет","legacy","1"
"dreams_batch_3.json","English","legacy-en","legacy","1"
"dreams_batch_3.json","O'zbek","legacy-uz","legacy","1"
"dreams_batch_3.json","Русский","бухгалтер","legacy","1"
"dreams_batch_3.json","English","legacy-en","legacy","1"
"dreams_batch_3.json","O'zbek","legacy-uz","legacy","1"
"dreams_batch_3.json","Русский","бухта","legacy","1"
"dreams_batch_3.json","English","legacy-en","legacy","1"
"dreams_batch_3.json","O'zbek","legacy-uz","legacy","1"
"dreams_batch_3.json","Русский","бык","legacy","1"
"dreams_batch_3.json","English","legacy-en","legacy","1"
"dreams_batch_3.json","O'zbek","legacy-uz","legacy","1"
"dreams_batch_3.json","Русский","быль","legacy","1"
"dreams_batch_3.json","English","legacy-en","legacy","1"
"dreams_batch_3.json","O'zbek","legacy-uz","legacy","1"
"dreams_batch_3.json","Русский","быстрота","legacy","1"
"dreams_batch_3.json","English","legacy-en","legacy","1"
"dreams_batch_3.json","O'zbek","legacy-uz","legacy","1"
"dreams_batch_3.json","Русский","быт","legacy","1"
"dreams_batch_3.json","English","legacy-en","legacy","1"
"dreams_batch_3.json","O'zbek","legacy-uz","legacy","1"
"dreams_batch_3.json","Русский","бюджет","legacy","1"
"dreams_batch_3.json","English","legacy-en","legacy","1"
"dreams_batch_3.json","O'zbek","legacy-uz","legacy","1"
"dreams_batch_3.json","Русский","бюллетень","legacy","1"
"dreams_batch_3.json","English","legacy-en","legacy","1"
"dreams_batch_3.json","O'zbek","legacy-uz","legacy","1"
"dreams_batch_3.json","Русский","бюро","legacy","1"
"dreams_batch_3.json","English","legacy-en","legacy","1"
"dreams_batch_3.json","O'zbek","legacy-uz","legacy","1"
"dreams_batch_3.json","Русский","бюст","legacy","1"
"dreams_batch_3.json","English","legacy-en","legacy","1"
"dreams_batch_3.json","O'zbek","legacy-uz","legacy","1"
"dreams_batch_3.json","Русский","вагон","legacy","1"
"dreams_batch_3.json","English","legacy-en","legacy","1"
"dreams_batch_3.json","O'zbek","legacy-uz","legacy","1"
"dreams_batch_3.json","Русский","ваза","legacy","1"
"dreams_batch_3.json","English","legacy-en","legacy","1"
"dreams_batch_3.json","O'zbek","legacy-uz","legacy","1"
"dreams_batch_3.json","Русский","вакансия","legacy","1"
"dreams_batch_3.json","English","legacy-en","legacy","1"
"dreams_batch_3.json","O'zbek","legacy-uz","legacy","1"
"dreams_batch_30.json","Русский","речь","legacy","1"
"dreams_batch_30.json","English","legacy-en","legacy","1"
"dreams_batch_30.json","O'zbek","legacy-uz","legacy","1"
"dreams_batch_30.json","Русский","решение","legacy","1"
"dreams_batch_30.json","English","legacy-en","legacy","1"
"dreams_batch_30.json","O'zbek","legacy-uz","legacy","1"
"dreams_batch_30.json","Русский","решетка","legacy","1"
"dreams_batch_30.json","English","legacy-en","legacy","1"
"dreams_batch_30.json","O'zbek","legacy-uz","legacy","1"
"dreams_batch_30.json","Русский","решето","legacy","1"
"dreams_batch_30.json","English","legacy-en","legacy","1"
"dreams_batch_30.json","O'zbek","legacy-uz","legacy","1"
"dreams_batch_30.json","Русский","рис","legacy","1"
"dreams_batch_30.json","English","legacy-en","legacy","1"
"dreams_batch_30.json","O'zbek","legacy-uz","legacy","1"
"dreams_batch_30.json","Русский","риск","legacy","1"
"dreams_batch_30.json","English","legacy-en","legacy","1"
"dreams_batch_30.json","O'zbek","legacy-uz","legacy","1"
"dreams_batch_30.json","Русский","рисунок","legacy","1"
"dreams_batch_30.json","English","legacy-en","legacy","1"
"dreams_batch_30.json","O'zbek","legacy-uz","legacy","1"
"dreams_batch_30.json","Русский","ритм","legacy","1"
"dreams_batch_30.json","English","legacy-en","legacy","1"
"dreams_batch_30.json","O'zbek","legacy-uz","legacy","1"
"dreams_batch_30.json","Русский","ритуал","legacy","1"
"dreams_batch_30.json","English","legacy-en","legacy","1"
"dreams_batch_30.json","O'zbek","legacy-uz","legacy","1"
"dreams_batch_30.json","Русский","робот","legacy","1"
"dreams_batch_30.json","English","legacy-en","legacy","1"
"dreams_batch_30.json","O'zbek","legacy-uz","legacy","1"
"dreams_batch_30.json","Русский","ров","legacy","1"
"dreams_batch_30.json","English","legacy-en","legacy","1"
"dreams_batch_30.json","O'zbek","legacy-uz","legacy","1"
"dreams_batch_30.json","Русский","род","legacy","1"
"dreams_batch_30.json","English","legacy-en","legacy","1"
"dreams_batch_30.json","O'zbek","legacy-uz","legacy","1"
"dreams_batch_30.json","Русский","родина","legacy","1"
"dreams_batch_30.json","English","legacy-en","legacy","1"
"dreams_batch_30.json","O'zbek","legacy-uz","legacy","1"
"dreams_batch_30.json","Русский","родник","legacy","1"
"dreams_batch_30.json","English","legacy-en","legacy","1"
"dreams_batch_30.json","O'zbek","legacy-uz","legacy","1"
"dreams_batch_30.json","Русский","родство","legacy","1"
"dreams_batch_30.json","English","legacy-en","legacy","1"
"dreams_batch_30.json","O'zbek","legacy-uz","legacy","1"
"dreams_batch_30.json","Русский","роды","legacy","1"
"dreams_batch_30.json","English","legacy-en","legacy","1"
"dreams_batch_30.json","O'zbek","legacy-uz","legacy","1"
"dreams_batch_30.json","Русский","рожь","legacy","1"
"dreams_batch_30.json","English","legacy-en","legacy","1"
"dreams_batch_30.json","O'zbek","legacy-uz","legacy","1"
"dreams_batch_30.json","Русский","роза","legacy","1"
"dreams_batch_30.json","English","legacy-en","legacy","1"
"dreams_batch_30.json","O'zbek","legacy-uz","legacy","1"
"dreams_batch_30.json","Русский","рок (судьба)","legacy","1"
"dreams_batch_30.json","English","legacy-en","legacy","1"
"dreams_batch_30.json","O'zbek","legacy-uz","legacy","1"
"dreams_batch_30.json","Русский","рокот","legacy","1"
"dreams_batch_30.json","English","legacy-en","legacy","1"
"dreams_batch_30.json","O'zbek","legacy-uz","legacy","1"
"dreams_batch_30.json","Русский","ролик","legacy","1"
"dreams_batch_30.json","English","legacy-en","legacy","1"
"dreams_batch_30.json","O'zbek","legacy-uz","legacy","1"
"dreams_batch_30.json","Русский","роль","legacy","1"
"dreams_batch_30.json","English","legacy-en","legacy","1"
"dreams_batch_30.json","O'zbek","legacy-uz","legacy","1"
"dreams_batch_30.json","Русский","роман","legacy","1"
"dreams_batch_30.json","English","legacy-en","legacy","1"
"dreams_batch_30.json","O'zbek","legacy-uz","legacy","1"
"dreams_batch_30.json","Русский","романтика","legacy","1"
"dreams_batch_30.json","English","legacy-en","legacy","1"
"dreams_batch_30.json","O'zbek","legacy-uz","legacy","1"
"dreams_batch_30.json","Русский","роса","legacy","1"
"dreams_batch_30.json","English","legacy-en","legacy","1"
"dreams_batch_30.json","O'zbek","legacy-uz","legacy","1"
"dreams_batch_30.json","Русский","роскошь","legacy","1"
"dreams_batch_30.json","English","legacy-en","legacy","1"
"dreams_batch_30.json","O'zbek","legacy-uz","legacy","1"
"dreams_batch_30.json","Русский","рост","legacy","1"
"dreams_batch_30.json","English","legacy-en","legacy","1"
"dreams_batch_30.json","O'zbek","legacy-uz","legacy","1"
"dreams_batch_30.json","Русский","рот","legacy","1"
"dreams_batch_30.json","English","legacy-en","legacy","1"
"dreams_batch_30.json","O'zbek","legacy-uz","legacy","1"
"dreams_batch_30.json","Русский","роща","legacy","1"
"dreams_batch_30.json","English","legacy-en","legacy","1"
"dreams_batch_30.json","O'zbek","legacy-uz","legacy","1"
"dreams_batch_30.json","Русский","рубашка","legacy","1"
"dreams_batch_30.json","English","legacy-en","legacy","1"
"dreams_batch_30.json","O'zbek","legacy-uz","legacy","1"
"dreams_batch_30.json","Русский","рубин","legacy","1"
"dreams_batch_30.json","English","legacy-en","legacy","1"
"dreams_batch_30.json","O'zbek","legacy-uz","legacy","1"
"dreams_batch_30.json","Русский","рубль","legacy","1"
"dreams_batch_30.json","English","legacy-en","legacy","1"
"dreams_batch_30.json","O'zbek","legacy-uz","legacy","1"
"dreams_batch_30.json","Русский","ружье","legacy","1"
"dreams_batch_30.json","English","legacy-en","legacy","1"
"dreams_batch_30.json","O'zbek","legacy-uz","legacy","1"
"dreams_batch_30.json","Русский","руины","legacy","1"
"dreams_batch_30.json","English","legacy-en","legacy","1"
"dreams_batch_30.json","O'zbek","legacy-uz","legacy","1"
"dreams_batch_30.json","Русский","рука","legacy","1"
"dreams_batch_30.json","English","legacy-en","legacy","1"
"dreams_batch_30.json","O'zbek","legacy-uz","legacy","1"
"dreams_batch_30.json","Русский","рукав","legacy","1"
"dreams_batch_30.json","English","legacy-en","legacy","1"
"dreams_batch_30.json","O'zbek","legacy-uz","legacy","1"
"dreams_batch_30.json","Русский","руль","legacy","1"
"dreams_batch_30.json","English","legacy-en","legacy","1"
"dreams_batch_30.json","O'zbek","legacy-uz","legacy","1"
"dreams_batch_30.json","Русский","румяна","legacy","1"
"dreams_batch_30.json","English","legacy-en","legacy","1"
"dreams_batch_30.json","O'zbek","legacy-uz","legacy","1"
"dreams_batch_30.json","Русский","русло","legacy","1"
"dreams_batch_30.json","English","legacy-en","legacy","1"
"dreams_batch_30.json","O'zbek","legacy-uz","legacy","1"
"dreams_batch_30.json","Русский","ручей","legacy","1"
"dreams_batch_30.json","English","legacy-en","legacy","1"
"dreams_batch_30.json","O'zbek","legacy-uz","legacy","1"
"dreams_batch_30.json","Русский","ручка","legacy","1"
"dreams_batch_30.json","English","legacy-en","legacy","1"
"dreams_batch_30.json","O'zbek","legacy-uz","legacy","1"
"dreams_batch_30.json","Русский","рыба","legacy","1"
"dreams_batch_30.json","English","legacy-en","legacy","1"
"dreams_batch_30.json","O'zbek","legacy-uz","legacy","1"
"dreams_batch_30.json","Русский","рыбак","legacy","1"
"dreams_batch_30.json","English","legacy-en","legacy","1"
"dreams_batch_30.json","O'zbek","legacy-uz","legacy","1"
"dreams_batch_30.json","Русский","рыбалка","legacy","1"
"dreams_batch_30.json","English","legacy-en","legacy","1"
"dreams_batch_30.json","O'zbek","legacy-uz","legacy","1"
"dreams_batch_30.json","Русский","рывок","legacy","1"
"dreams_batch_30.json","English","legacy-en","legacy","1"
"dreams_batch_30.json","O'zbek","legacy-uz","legacy","1"
"dreams_batch_30.json","Русский","рынок","legacy","1"
"dreams_batch_30.json","English","legacy-en","legacy","1"
"dreams_batch_30.json","O'zbek","legacy-uz","legacy","1"
"dreams_batch_30.json","Русский","рысь","legacy","1"
"dreams_batch_30.json","English","legacy-en","legacy","1"
"dreams_batch_30.json","O'zbek","legacy-uz","legacy","1"
"dreams_batch_30.json","Русский","рыцарь","legacy","1"
"dreams_batch_30.json","English","legacy-en","legacy","1"
"dreams_batch_30.json","O'zbek","legacy-uz","legacy","1"
"dreams_batch_30.json","Русский","рычаг","legacy","1"
"dreams_batch_30.json","English","legacy-en","legacy","1"
"dreams_batch_30.json","O'zbek","legacy-uz","legacy","1"
"dreams_batch_30.json","Русский","рюкзак","legacy","1"
"dreams_batch_30.json","English","legacy-en","legacy","1"
"dreams_batch_30.json","O'zbek","legacy-uz","legacy","1"
"dreams_batch_30.json","Русский","рябина","legacy","1"
"dreams_batch_30.json","English","legacy-en","legacy","1"
"dreams_batch_30.json","O'zbek","legacy-uz","legacy","1"
"dreams_batch_30.json","Русский","ряд","legacy","1"
"dreams_batch_30.json","English","legacy-en","legacy","1"
"dreams_batch_30.json","O'zbek","legacy-uz","legacy","1"
"dreams_batch_30.json","Русский","сад","legacy","1"
"dreams_batch_30.json","English","legacy-en","legacy","1"
"dreams_batch_30.json","O'zbek","legacy-uz","legacy","1"
"dreams_batch_30.json","Русский","садовник","legacy","1"
"dreams_batch_30.json","English","legacy-en","legacy","1"
"dreams_batch_30.json","O'zbek","legacy-uz","legacy","1"
"dreams_batch_30.json","Русский","салат","legacy","1"
"dreams_batch_30.json","English","legacy-en","legacy","1"
"dreams_batch_30.json","O'zbek","legacy-uz","legacy","1"
"dreams_batch_30.json","Русский","сало","legacy","1"
"dreams_batch_30.json","English","legacy-en","legacy","1"
"dreams_batch_30.json","O'zbek","legacy-uz","legacy","1"
"dreams_batch_30.json","Русский","салют","legacy","1"
"dreams_batch_30.json","English","legacy-en","legacy","1"
"dreams_batch_30.json","O'zbek","legacy-uz","legacy","1"
"dreams_batch_30.json","Русский","самовар","legacy","1"
"dreams_batch_30.json","English","legacy-en","legacy","1"
"dreams_batch_30.json","O'zbek","legacy-uz","legacy","1"
"dreams_batch_30.json","Русский","самолет","legacy","1"
"dreams_batch_30.json","English","legacy-en","legacy","1"
"dreams_batch_30.json","O'zbek","legacy-uz","legacy","1"
"dreams_batch_30.json","Русский","самородок","legacy","1"
"dreams_batch_30.json","English","legacy-en","legacy","1"
"dreams_batch_30.json","O'zbek","legacy-uz","legacy","1"
"dreams_batch_30.json","Русский","самосвал","legacy","1"
"dreams_batch_30.json","English","legacy-en","legacy","1"
"dreams_batch_30.json","O'zbek","legacy-uz","legacy","1"
"dreams_batch_30.json","Русский","санаторий","legacy","1"
"dreams_batch_30.json","English","legacy-en","legacy","1"
"dreams_batch_30.json","O'zbek","legacy-uz","legacy","1"
"dreams_batch_30.json","Русский","сандалии","legacy","1"
"dreams_batch_30.json","English","legacy-en","legacy","1"
"dreams_batch_30.json","O'zbek","legacy-uz","legacy","1"
"dreams_batch_30.json","Русский","сани","legacy","1"
"dreams_batch_30.json","English","legacy-en","legacy","1"
"dreams_batch_30.json","O'zbek","legacy-uz","legacy","1"
"dreams_batch_30.json","Русский","санитар","legacy","1"
"dreams_batch_30.json","English","legacy-en","legacy","1"
"dreams_batch_30.json","O'zbek","legacy-uz","legacy","1"
"dreams_batch_30.json","Русский","сапер","legacy","1"
"dreams_batch_30.json","English","legacy-en","legacy","1"
"dreams_batch_30.json","O'zbek","legacy-uz","legacy","1"
"dreams_batch_30.json","Русский","сапоги","legacy","1"
"dreams_batch_30.json","English","legacy-en","legacy","1"
"dreams_batch_30.json","O'zbek","legacy-uz","legacy","1"
"dreams_batch_30.json","Русский","сарай","legacy","1"
"dreams_batch_30.json","English","legacy-en","legacy","1"
"dreams_batch_30.json","O'zbek","legacy-uz","legacy","1"
"dreams_batch_30.json","Русский","сарафан","legacy","1"
"dreams_batch_30.json","English","legacy-en","legacy","1"
"dreams_batch_30.json","O'zbek","legacy-uz","legacy","1"
"dreams_batch_30.json","Русский","сахар","legacy","1"
"dreams_batch_30.json","English","legacy-en","legacy","1"
"dreams_batch_30.json","O'zbek","legacy-uz","legacy","1"
"dreams_batch_30.json","Русский","сахарница","legacy","1"
"dreams_batch_30.json","English","legacy-en","legacy","1"
"dreams_batch_30.json","O'zbek","legacy-uz","legacy","1"
"dreams_batch_30.json","Русский","свадьба","legacy","1"
"dreams_batch_30.json","English","legacy-en","legacy","1"
"dreams_batch_30.json","O'zbek","legacy-uz","legacy","1"
"dreams_batch_30.json","Русский","свекла","legacy","1"
"dreams_batch_30.json","English","legacy-en","legacy","1"
"dreams_batch_30.json","O'zbek","legacy-uz","legacy","1"
"dreams_batch_30.json","Русский","сверло","legacy","1"
"dreams_batch_30.json","English","legacy-en","legacy","1"
"dreams_batch_30.json","O'zbek","legacy-uz","legacy","1"
"dreams_batch_30.json","Русский","свет","legacy","1"
"dreams_batch_30.json","English","legacy-en","legacy","1"
"dreams_batch_30.json","O'zbek","legacy-uz","legacy","1"
"dreams_batch_30.json","Русский","светильник","legacy","1"
"dreams_batch_30.json","English","legacy-en","legacy","1"
"dreams_batch_30.json","O'zbek","legacy-uz","legacy","1"
"dreams_batch_30.json","Русский","свеча","legacy","1"
"dreams_batch_30.json","English","legacy-en","legacy","1"
"dreams_batch_30.json","O'zbek","legacy-uz","legacy","1"
"dreams_batch_30.json","Русский","свидание","legacy","1"
"dreams_batch_30.json","English","legacy-en","legacy","1"
"dreams_batch_30.json","O'zbek","legacy-uz","legacy","1"
"dreams_batch_30.json","Русский","свинья","legacy","1"
"dreams_batch_30.json","English","legacy-en","legacy","1"
"dreams_batch_30.json","O'zbek","legacy-uz","legacy","1"
"dreams_batch_30.json","Русский","свисток","legacy","1"
"dreams_batch_30.json","English","legacy-en","legacy","1"
"dreams_batch_30.json","O'zbek","legacy-uz","legacy","1"
"dreams_batch_30.json","Русский","свобода","legacy","1"
"dreams_batch_30.json","English","legacy-en","legacy","1"
"dreams_batch_30.json","O'zbek","legacy-uz","legacy","1"
"dreams_batch_30.json","Русский","свод","legacy","1"
"dreams_batch_30.json","English","legacy-en","legacy","1"
"dreams_batch_30.json","O'zbek","legacy-uz","legacy","1"
"dreams_batch_30.json","Русский","сводка","legacy","1"
"dreams_batch_30.json","English","legacy-en","legacy","1"
"dreams_batch_30.json","O'zbek","legacy-uz","legacy","1"
"dreams_batch_30.json","Русский","сволочь","legacy","1"
"dreams_batch_30.json","English","legacy-en","legacy","1"
"dreams_batch_30.json","O'zbek","legacy-uz","legacy","1"
"dreams_batch_30.json","Русский","свояк","legacy","1"
"dreams_batch_30.json","English","legacy-en","legacy","1"
"dreams_batch_30.json","O'zbek","legacy-uz","legacy","1"
"dreams_batch_30.json","Русский","связка","legacy","1"
"dreams_batch_30.json","English","legacy-en","legacy","1"
"dreams_batch_30.json","O'zbek","legacy-uz","legacy","1"
"dreams_batch_30.json","Русский","священник","legacy","1"
"dreams_batch_30.json","English","legacy-en","legacy","1"
"dreams_batch_30.json","O'zbek","legacy-uz","legacy","1"
"dreams_batch_30.json","Русский","сев","legacy","1"
"dreams_batch_30.json","English","legacy-en","legacy","1"
"dreams_batch_30.json","O'zbek","legacy-uz","legacy","1"
"dreams_batch_30.json","Русский","север","legacy","1"
"dreams_batch_30.json","English","legacy-en","legacy","1"
"dreams_batch_30.json","O'zbek","legacy-uz","legacy","1"
"dreams_batch_30.json","Русский","сегмент","legacy","1"
"dreams_batch_30.json","English","legacy-en","legacy","1"
"dreams_batch_30.json","O'zbek","legacy-uz","legacy","1"
"dreams_batch_30.json","Русский","седло","legacy","1"
"dreams_batch_30.json","English","legacy-en","legacy","1"
"dreams_batch_30.json","O'zbek","legacy-uz","legacy","1"
"dreams_batch_30.json","Русский","сейф","legacy","1"
"dreams_batch_30.json","English","legacy-en","legacy","1"
"dreams_batch_30.json","O'zbek","legacy-uz","legacy","1"
"dreams_batch_30.json","Русский","секира","legacy","1"
"dreams_batch_30.json","English","legacy-en","legacy","1"
"dreams_batch_30.json","O'zbek","legacy-uz","legacy","1"
"dreams_batch_30.json","Русский","секрет","legacy","1"
"dreams_batch_30.json","English","legacy-en","legacy","1"
"dreams_batch_30.json","O'zbek","legacy-uz","legacy","1"
"dreams_batch_30.json","Русский","секта","legacy","1"
"dreams_batch_30.json","English","legacy-en","legacy","1"
"dreams_batch_30.json","O'zbek","legacy-uz","legacy","1"
"dreams_batch_30.json","Русский","сектор","legacy","1"
"dreams_batch_30.json","English","legacy-en","legacy","1"
"dreams_batch_30.json","O'zbek","legacy-uz","legacy","1"
"dreams_batch_30.json","Русский","секунда","legacy","1"
"dreams_batch_30.json","English","legacy-en","legacy","1"
"dreams_batch_30.json","O'zbek","legacy-uz","legacy","1"
"dreams_batch_30.json","Русский","селедка","legacy","1"
"dreams_batch_30.json","English","legacy-en","legacy","1"
"dreams_batch_30.json","O'zbek","legacy-uz","legacy","1"
"dreams_batch_30.json","Русский","селезенка","legacy","1"
"dreams_batch_30.json","English","legacy-en","legacy","1"
"dreams_batch_30.json","O'zbek","legacy-uz","legacy","1"
"dreams_batch_30.json","Русский","селезень","legacy","1"
"dreams_batch_30.json","English","legacy-en","legacy","1"
"dreams_batch_30.json","O'zbek","legacy-uz","legacy","1"
"dreams_batch_31.json","Русский","селение","legacy","1"
"dreams_batch_31.json","English","legacy-en","legacy","1"
"dreams_batch_31.json","O'zbek","legacy-uz","legacy","1"
"dreams_batch_31.json","Русский","селитра","legacy","1"
"dreams_batch_31.json","English","legacy-en","legacy","1"
"dreams_batch_31.json","O'zbek","legacy-uz","legacy","1"
"dreams_batch_31.json","Русский","село","legacy","1"
"dreams_batch_31.json","English","legacy-en","legacy","1"
"dreams_batch_31.json","O'zbek","legacy-uz","legacy","1"
"dreams_batch_31.json","Русский","сельдь","legacy","1"
"dreams_batch_31.json","English","legacy-en","legacy","1"
"dreams_batch_31.json","O'zbek","legacy-uz","legacy","1"
"dreams_batch_31.json","Русский","сельпо","legacy","1"
"dreams_batch_31.json","English","legacy-en","legacy","1"
"dreams_batch_31.json","O'zbek","legacy-uz","legacy","1"
"dreams_batch_31.json","Русский","сельхозтехника","legacy","1"
"dreams_batch_31.json","English","legacy-en","legacy","1"
"dreams_batch_31.json","O'zbek","legacy-uz","legacy","1"
"dreams_batch_31.json","Русский","селянин","legacy","1"
"dreams_batch_31.json","English","legacy-en","legacy","1"
"dreams_batch_31.json","O'zbek","legacy-uz","legacy","1"
"dreams_batch_31.json","Русский","семантика","legacy","1"
"dreams_batch_31.json","English","legacy-en","legacy","1"
"dreams_batch_31.json","O'zbek","legacy-uz","legacy","1"
"dreams_batch_31.json","Русский","семейство","legacy","1"
"dreams_batch_31.json","English","legacy-en","legacy","1"
"dreams_batch_31.json","O'zbek","legacy-uz","legacy","1"
"dreams_batch_31.json","Русский","семена","legacy","1"
"dreams_batch_31.json","English","legacy-en","legacy","1"
"dreams_batch_31.json","O'zbek","legacy-uz","legacy","1"
"dreams_batch_31.json","Русский","семинар","legacy","1"
"dreams_batch_31.json","English","legacy-en","legacy","1"
"dreams_batch_31.json","O'zbek","legacy-uz","legacy","1"
"dreams_batch_31.json","Русский","семья","legacy","1"
"dreams_batch_31.json","English","legacy-en","legacy","1"
"dreams_batch_31.json","O'zbek","legacy-uz","legacy","1"
"dreams_batch_31.json","Русский","сено","legacy","1"
"dreams_batch_31.json","English","legacy-en","legacy","1"
"dreams_batch_31.json","O'zbek","legacy-uz","legacy","1"
"dreams_batch_31.json","Русский","сенокос","legacy","1"
"dreams_batch_31.json","English","legacy-en","legacy","1"
"dreams_batch_31.json","O'zbek","legacy-uz","legacy","1"
"dreams_batch_31.json","Русский","сенокосилка","legacy","1"
"dreams_batch_31.json","English","legacy-en","legacy","1"
"dreams_batch_31.json","O'zbek","legacy-uz","legacy","1"
"dreams_batch_31.json","Русский","сенохранилище","legacy","1"
"dreams_batch_31.json","English","legacy-en","legacy","1"
"dreams_batch_31.json","O'zbek","legacy-uz","legacy","1"
"dreams_batch_31.json","Русский","сенсация","legacy","1"
"dreams_batch_31.json","English","legacy-en","legacy","1"
"dreams_batch_31.json","O'zbek","legacy-uz","legacy","1"
"dreams_batch_31.json","Русский","сентиментальность","legacy","1"
"dreams_batch_31.json","English","legacy-en","legacy","1"
"dreams_batch_31.json","O'zbek","legacy-uz","legacy","1"
"dreams_batch_31.json","Русский","сентябрь","legacy","1"
"dreams_batch_31.json","English","legacy-en","legacy","1"
"dreams_batch_31.json","O'zbek","legacy-uz","legacy","1"
"dreams_batch_31.json","Русский","сепаратизм","legacy","1"
"dreams_batch_31.json","English","legacy-en","legacy","1"
"dreams_batch_31.json","O'zbek","legacy-uz","legacy","1"
"dreams_batch_31.json","Русский","сервант","legacy","1"
"dreams_batch_31.json","English","legacy-en","legacy","1"
"dreams_batch_31.json","O'zbek","legacy-uz","legacy","1"
"dreams_batch_31.json","Русский","сервиз","legacy","1"
"dreams_batch_31.json","English","legacy-en","legacy","1"
"dreams_batch_31.json","O'zbek","legacy-uz","legacy","1"
"dreams_batch_31.json","Русский","сервис","legacy","1"
"dreams_batch_31.json","English","legacy-en","legacy","1"
"dreams_batch_31.json","O'zbek","legacy-uz","legacy","1"
"dreams_batch_31.json","Русский","сердолик","legacy","1"
"dreams_batch_31.json","English","legacy-en","legacy","1"
"dreams_batch_31.json","O'zbek","legacy-uz","legacy","1"
"dreams_batch_31.json","Русский","сердце","legacy","1"
"dreams_batch_31.json","English","legacy-en","legacy","1"
"dreams_batch_31.json","O'zbek","legacy-uz","legacy","1"
"dreams_batch_31.json","Русский","сердцебиение","legacy","1"
"dreams_batch_31.json","English","legacy-en","legacy","1"
"dreams_batch_31.json","O'zbek","legacy-uz","legacy","1"
"dreams_batch_31.json","Русский","серебро","legacy","1"
"dreams_batch_31.json","English","legacy-en","legacy","1"
"dreams_batch_31.json","O'zbek","legacy-uz","legacy","1"
"dreams_batch_31.json","Русский","серенада","legacy","1"
"dreams_batch_31.json","English","legacy-en","legacy","1"
"dreams_batch_31.json","O'zbek","legacy-uz","legacy","1"
"dreams_batch_31.json","Русский","серия","legacy","1"
"dreams_batch_31.json","English","legacy-en","legacy","1"
"dreams_batch_31.json","O'zbek","legacy-uz","legacy","1"
"dreams_batch_31.json","Русский","серп","legacy","1"
"dreams_batch_31.json","English","legacy-en","legacy","1"
"dreams_batch_31.json","O'zbek","legacy-uz","legacy","1"
"dreams_batch_31.json","Русский","сессия","legacy","1"
"dreams_batch_31.json","English","legacy-en","legacy","1"
"dreams_batch_31.json","O'zbek","legacy-uz","legacy","1"
"dreams_batch_31.json","Русский","сестра","legacy","1"
"dreams_batch_31.json","English","legacy-en","legacy","1"
"dreams_batch_31.json","O'zbek","legacy-uz","legacy","1"
"dreams_batch_31.json","Русский","сетка","legacy","1"
"dreams_batch_31.json","English","legacy-en","legacy","1"
"dreams_batch_31.json","O'zbek","legacy-uz","legacy","1"
"dreams_batch_31.json","Русский","сигара","legacy","1"
"dreams_batch_31.json","English","legacy-en","legacy","1"
"dreams_batch_31.json","O'zbek","legacy-uz","legacy","1"
"dreams_batch_31.json","Русский","сигарета","legacy","1"
"dreams_batch_31.json","English","legacy-en","legacy","1"
"dreams_batch_31.json","O'zbek","legacy-uz","legacy","1"
"dreams_batch_31.json","Русский","сигнал","legacy","1"
"dreams_batch_31.json","English","legacy-en","legacy","1"
"dreams_batch_31.json","O'zbek","legacy-uz","legacy","1"
"dreams_batch_31.json","Русский","сигнальщик","legacy","1"
"dreams_batch_31.json","English","legacy-en","legacy","1"
"dreams_batch_31.json","O'zbek","legacy-uz","legacy","1"
"dreams_batch_31.json","Русский","сиделка","legacy","1"
"dreams_batch_31.json","English","legacy-en","legacy","1"
"dreams_batch_31.json","O'zbek","legacy-uz","legacy","1"
"dreams_batch_31.json","Русский","сиденье","legacy","1"
"dreams_batch_31.json","English","legacy-en","legacy","1"
"dreams_batch_31.json","O'zbek","legacy-uz","legacy","1"
"dreams_batch_31.json","Русский","сидр","legacy","1"
"dreams_batch_31.json","English","legacy-en","legacy","1"
"dreams_batch_31.json","O'zbek","legacy-uz","legacy","1"
"dreams_batch_31.json","Русский","силуэт","legacy","1"
"dreams_batch_31.json","English","legacy-en","legacy","1"
"dreams_batch_31.json","O'zbek","legacy-uz","legacy","1"
"dreams_batch_31.json","Русский","символ","legacy","1"
"dreams_batch_31.json","English","legacy-en","legacy","1"
"dreams_batch_31.json","O'zbek","legacy-uz","legacy","1"
"dreams_batch_31.json","Русский","симметрия","legacy","1"
"dreams_batch_31.json","English","legacy-en","legacy","1"
"dreams_batch_31.json","O'zbek","legacy-uz","legacy","1"
"dreams_batch_31.json","Русский","симфония","legacy","1"
"dreams_batch_31.json","English","legacy-en","legacy","1"
"dreams_batch_31.json","O'zbek","legacy-uz","legacy","1"
"dreams_batch_31.json","Русский","синагога","legacy","1"
"dreams_batch_31.json","English","legacy-en","legacy","1"
"dreams_batch_31.json","O'zbek","legacy-uz","legacy","1"
"dreams_batch_31.json","Русский","синева","legacy","1"
"dreams_batch_31.json","English","legacy-en","legacy","1"
"dreams_batch_31.json","O'zbek","legacy-uz","legacy","1"
"dreams_batch_31.json","Русский","синица","legacy","1"
"dreams_batch_31.json","English","legacy-en","legacy","1"
"dreams_batch_31.json","O'zbek","legacy-uz","legacy","1"
"dreams_batch_31.json","Русский","синяк","legacy","1"
"dreams_batch_31.json","English","legacy-en","legacy","1"
"dreams_batch_31.json","O'zbek","legacy-uz","legacy","1"
"dreams_batch_31.json","Русский","сирена","legacy","1"
"dreams_batch_31.json","English","legacy-en","legacy","1"
"dreams_batch_31.json","O'zbek","legacy-uz","legacy","1"
"dreams_batch_31.json","Русский","сирень","legacy","1"
"dreams_batch_31.json","English","legacy-en","legacy","1"
"dreams_batch_31.json","O'zbek","legacy-uz","legacy","1"
"dreams_batch_31.json","Русский","сирота","legacy","1"
"dreams_batch_31.json","English","legacy-en","legacy","1"
"dreams_batch_31.json","O'zbek","legacy-uz","legacy","1"
"dreams_batch_31.json","Русский","система","legacy","1"
"dreams_batch_31.json","English","legacy-en","legacy","1"
"dreams_batch_31.json","O'zbek","legacy-uz","legacy","1"
"dreams_batch_31.json","Русский","ситец","legacy","1"
"dreams_batch_31.json","English","legacy-en","legacy","1"
"dreams_batch_31.json","O'zbek","legacy-uz","legacy","1"
"dreams_batch_31.json","Русский","сито","legacy","1"
"dreams_batch_31.json","English","legacy-en","legacy","1"
"dreams_batch_31.json","O'zbek","legacy-uz","legacy","1"
"dreams_batch_31.json","Русский","ситуация","legacy","1"
"dreams_batch_31.json","English","legacy-en","legacy","1"
"dreams_batch_31.json","O'zbek","legacy-uz","legacy","1"
"dreams_batch_31.json","Русский","сияние","legacy","1"
"dreams_batch_31.json","English","legacy-en","legacy","1"
"dreams_batch_31.json","O'zbek","legacy-uz","legacy","1"
"dreams_batch_31.json","Русский","сказка","legacy","1"
"dreams_batch_31.json","English","legacy-en","legacy","1"
"dreams_batch_31.json","O'zbek","legacy-uz","legacy","1"
"dreams_batch_31.json","Русский","скала","legacy","1"
"dreams_batch_31.json","English","legacy-en","legacy","1"
"dreams_batch_31.json","O'zbek","legacy-uz","legacy","1"
"dreams_batch_31.json","Русский","скалолаз","legacy","1"
"dreams_batch_31.json","English","legacy-en","legacy","1"
"dreams_batch_31.json","O'zbek","legacy-uz","legacy","1"
"dreams_batch_31.json","Русский","скамья","legacy","1"
"dreams_batch_31.json","English","legacy-en","legacy","1"
"dreams_batch_31.json","O'zbek","legacy-uz","legacy","1"
"dreams_batch_31.json","Русский","скандал","legacy","1"
"dreams_batch_31.json","English","legacy-en","legacy","1"
"dreams_batch_31.json","O'zbek","legacy-uz","legacy","1"
"dreams_batch_31.json","Русский","сканер","legacy","1"
"dreams_batch_31.json","English","legacy-en","legacy","1"
"dreams_batch_31.json","O'zbek","legacy-uz","legacy","1"
"dreams_batch_31.json","Русский","скатерть","legacy","1"
"dreams_batch_31.json","English","legacy-en","legacy","1"
"dreams_batch_31.json","O'zbek","legacy-uz","legacy","1"
"dreams_batch_31.json","Русский","скафандр","legacy","1"
"dreams_batch_31.json","English","legacy-en","legacy","1"
"dreams_batch_31.json","O'zbek","legacy-uz","legacy","1"
"dreams_batch_31.json","Русский","скворец","legacy","1"
"dreams_batch_31.json","English","legacy-en","legacy","1"
"dreams_batch_31.json","O'zbek","legacy-uz","legacy","1"
"dreams_batch_31.json","Русский","скворечник","legacy","1"
"dreams_batch_31.json","English","legacy-en","legacy","1"
"dreams_batch_31.json","O'zbek","legacy-uz","legacy","1"
"dreams_batch_31.json","Русский","скелет","legacy","1"
"dreams_batch_31.json","English","legacy-en","legacy","1"
"dreams_batch_31.json","O'zbek","legacy-uz","legacy","1"
"dreams_batch_31.json","Русский","скидка","legacy","1"
"dreams_batch_31.json","English","legacy-en","legacy","1"
"dreams_batch_31.json","O'zbek","legacy-uz","legacy","1"
"dreams_batch_31.json","Русский","склад","legacy","1"
"dreams_batch_31.json","English","legacy-en","legacy","1"
"dreams_batch_31.json","O'zbek","legacy-uz","legacy","1"
"dreams_batch_31.json","Русский","складка","legacy","1"
"dreams_batch_31.json","English","legacy-en","legacy","1"
"dreams_batch_31.json","O'zbek","legacy-uz","legacy","1"
"dreams_batch_31.json","Русский","склеп","legacy","1"
"dreams_batch_31.json","English","legacy-en","legacy","1"
"dreams_batch_31.json","O'zbek","legacy-uz","legacy","1"
"dreams_batch_31.json","Русский","склон","legacy","1"
"dreams_batch_31.json","English","legacy-en","legacy","1"
"dreams_batch_31.json","O'zbek","legacy-uz","legacy","1"
"dreams_batch_31.json","Русский","склонение","legacy","1"
"dreams_batch_31.json","English","legacy-en","legacy","1"
"dreams_batch_31.json","O'zbek","legacy-uz","legacy","1"
"dreams_batch_31.json","Русский","скоба","legacy","1"
"dreams_batch_31.json","English","legacy-en","legacy","1"
"dreams_batch_31.json","O'zbek","legacy-uz","legacy","1"
"dreams_batch_31.json","Русский","сковорода","legacy","1"
"dreams_batch_31.json","English","legacy-en","legacy","1"
"dreams_batch_31.json","O'zbek","legacy-uz","legacy","1"
"dreams_batch_31.json","Русский","скол","legacy","1"
"dreams_batch_31.json","English","legacy-en","legacy","1"
"dreams_batch_31.json","O'zbek","legacy-uz","legacy","1"
"dreams_batch_31.json","Русский","скольжение","legacy","1"
"dreams_batch_31.json","English","legacy-en","legacy","1"
"dreams_batch_31.json","O'zbek","legacy-uz","legacy","1"
"dreams_batch_31.json","Русский","скоморох","legacy","1"
"dreams_batch_31.json","English","legacy-en","legacy","1"
"dreams_batch_31.json","O'zbek","legacy-uz","legacy","1"
"dreams_batch_31.json","Русский","скорость","legacy","1"
"dreams_batch_31.json","English","legacy-en","legacy","1"
"dreams_batch_31.json","O'zbek","legacy-uz","legacy","1"
"dreams_batch_31.json","Русский","скорпион","legacy","1"
"dreams_batch_31.json","English","legacy-en","legacy","1"
"dreams_batch_31.json","O'zbek","legacy-uz","legacy","1"
"dreams_batch_31.json","Русский","скот","legacy","1"
"dreams_batch_31.json","English","legacy-en","legacy","1"
"dreams_batch_31.json","O'zbek","legacy-uz","legacy","1"
"dreams_batch_31.json","Русский","скрежет","legacy","1"
"dreams_batch_31.json","English","legacy-en","legacy","1"
"dreams_batch_31.json","O'zbek","legacy-uz","legacy","1"
"dreams_batch_31.json","Русский","скрипач","legacy","1"
"dreams_batch_31.json","English","legacy-en","legacy","1"
"dreams_batch_31.json","O'zbek","legacy-uz","legacy","1"
"dreams_batch_31.json","Русский","скрипка","legacy","1"
"dreams_batch_31.json","English","legacy-en","legacy","1"
"dreams_batch_31.json","O'zbek","legacy-uz","legacy","1"
"dreams_batch_31.json","Русский","скромность","legacy","1"
"dreams_batch_31.json","English","legacy-en","legacy","1"
"dreams_batch_31.json","O'zbek","legacy-uz","legacy","1"
"dreams_batch_31.json","Русский","скрытность","legacy","1"
"dreams_batch_31.json","English","legacy-en","legacy","1"
"dreams_batch_31.json","O'zbek","legacy-uz","legacy","1"
"dreams_batch_31.json","Русский","скука","legacy","1"
"dreams_batch_31.json","English","legacy-en","legacy","1"
"dreams_batch_31.json","O'zbek","legacy-uz","legacy","1"
"dreams_batch_31.json","Русский","скульптор","legacy","1"
"dreams_batch_31.json","English","legacy-en","legacy","1"
"dreams_batch_31.json","O'zbek","legacy-uz","legacy","1"
"dreams_batch_31.json","Русский","скульптура","legacy","1"
"dreams_batch_31.json","English","legacy-en","legacy","1"
"dreams_batch_31.json","O'zbek","legacy-uz","legacy","1"
"dreams_batch_31.json","Русский","скумбрия","legacy","1"
"dreams_batch_31.json","English","legacy-en","legacy","1"
"dreams_batch_31.json","O'zbek","legacy-uz","legacy","1"
"dreams_batch_31.json","Русский","слава","legacy","1"
"dreams_batch_31.json","English","legacy-en","legacy","1"
"dreams_batch_31.json","O'zbek","legacy-uz","legacy","1"
"dreams_batch_31.json","Русский","сладости","legacy","1"
"dreams_batch_31.json","English","legacy-en","legacy","1"
"dreams_batch_31.json","O'zbek","legacy-uz","legacy","1"
"dreams_batch_31.json","Русский","слалом","legacy","1"
"dreams_batch_31.json","English","legacy-en","legacy","1"
"dreams_batch_31.json","O'zbek","legacy-uz","legacy","1"
"dreams_batch_31.json","Русский","сланец","legacy","1"
"dreams_batch_31.json","English","legacy-en","legacy","1"
"dreams_batch_31.json","O'zbek","legacy-uz","legacy","1"
"dreams_batch_31.json","Русский","следствие","legacy","1"
"dreams_batch_31.json","English","legacy-en","legacy","1"
"dreams_batch_31.json","O'zbek","legacy-uz","legacy","1"
"dreams_batch_31.json","Русский","слеза","legacy","1"
"dreams_batch_31.json","English","legacy-en","legacy","1"
"dreams_batch_31.json","O'zbek","legacy-uz","legacy","1"
"dreams_batch_31.json","Русский","слепец","legacy","1"
"dreams_batch_31.json","English","legacy-en","legacy","1"
"dreams_batch_31.json","O'zbek","legacy-uz","legacy","1"
"dreams_batch_31.json","Русский","слесарня","legacy","1"
"dreams_batch_31.json","English","legacy-en","legacy","1"
"dreams_batch_31.json","O'zbek","legacy-uz","legacy","1"
"dreams_batch_31.json","Русский","слесарь","legacy","1"
"dreams_batch_31.json","English","legacy-en","legacy","1"
"dreams_batch_31.json","O'zbek","legacy-uz","legacy","1"
"dreams_batch_31.json","Русский","слива","legacy","1"
"dreams_batch_31.json","English","legacy-en","legacy","1"
"dreams_batch_31.json","O'zbek","legacy-uz","legacy","1"
"dreams_batch_32.json","Русский","сливки","legacy","1"
"dreams_batch_32.json","English","legacy-en","legacy","1"
"dreams_batch_32.json","O'zbek","legacy-uz","legacy","1"
"dreams_batch_32.json","Русский","слиток","legacy","1"
"dreams_batch_32.json","English","legacy-en","legacy","1"
"dreams_batch_32.json","O'zbek","legacy-uz","legacy","1"
"dreams_batch_32.json","Русский","словарь","legacy","1"
"dreams_batch_32.json","English","legacy-en","legacy","1"
"dreams_batch_32.json","O'zbek","legacy-uz","legacy","1"
"dreams_batch_32.json","Русский","слово","legacy","1"
"dreams_batch_32.json","English","legacy-en","legacy","1"
"dreams_batch_32.json","O'zbek","legacy-uz","legacy","1"
"dreams_batch_32.json","Русский","слой","legacy","1"
"dreams_batch_32.json","English","legacy-en","legacy","1"
"dreams_batch_32.json","O'zbek","legacy-uz","legacy","1"
"dreams_batch_32.json","Русский","слом","legacy","1"
"dreams_batch_32.json","English","legacy-en","legacy","1"
"dreams_batch_32.json","O'zbek","legacy-uz","legacy","1"
"dreams_batch_32.json","Русский","слон","legacy","1"
"dreams_batch_32.json","English","legacy-en","legacy","1"
"dreams_batch_32.json","O'zbek","legacy-uz","legacy","1"
"dreams_batch_32.json","Русский","служба","legacy","1"
"dreams_batch_32.json","English","legacy-en","legacy","1"
"dreams_batch_32.json","O'zbek","legacy-uz","legacy","1"
"dreams_batch_32.json","Русский","слух","legacy","1"
"dreams_batch_32.json","English","legacy-en","legacy","1"
"dreams_batch_32.json","O'zbek","legacy-uz","legacy","1"
"dreams_batch_32.json","Русский","слушание","legacy","1"
"dreams_batch_32.json","English","legacy-en","legacy","1"
"dreams_batch_32.json","O'zbek","legacy-uz","legacy","1"
"dreams_batch_32.json","Русский","слюда","legacy","1"
"dreams_batch_32.json","English","legacy-en","legacy","1"
"dreams_batch_32.json","O'zbek","legacy-uz","legacy","1"
"dreams_batch_32.json","Русский","слякоть","legacy","1"
"dreams_batch_32.json","English","legacy-en","legacy","1"
"dreams_batch_32.json","O'zbek","legacy-uz","legacy","1"
"dreams_batch_32.json","Русский","смазка","legacy","1"
"dreams_batch_32.json","English","legacy-en","legacy","1"
"dreams_batch_32.json","O'zbek","legacy-uz","legacy","1"
"dreams_batch_32.json","Русский","смелость","legacy","1"
"dreams_batch_32.json","English","legacy-en","legacy","1"
"dreams_batch_32.json","O'zbek","legacy-uz","legacy","1"
"dreams_batch_32.json","Русский","смена","legacy","1"
"dreams_batch_32.json","English","legacy-en","legacy","1"
"dreams_batch_32.json","O'zbek","legacy-uz","legacy","1"
"dreams_batch_32.json","Русский","смеркание","legacy","1"
"dreams_batch_32.json","English","legacy-en","legacy","1"
"dreams_batch_32.json","O'zbek","legacy-uz","legacy","1"
"dreams_batch_32.json","Русский","смерть","legacy","1"
"dreams_batch_32.json","English","legacy-en","legacy","1"
"dreams_batch_32.json","O'zbek","legacy-uz","legacy","1"
"dreams_batch_32.json","Русский","смерч","legacy","1"
"dreams_batch_32.json","English","legacy-en","legacy","1"
"dreams_batch_32.json","O'zbek","legacy-uz","legacy","1"
"dreams_batch_32.json","Русский","смесь","legacy","1"
"dreams_batch_32.json","English","legacy-en","legacy","1"
"dreams_batch_32.json","O'zbek","legacy-uz","legacy","1"
"dreams_batch_32.json","Русский","смех","legacy","1"
"dreams_batch_32.json","English","legacy-en","legacy","1"
"dreams_batch_32.json","O'zbek","legacy-uz","legacy","1"
"dreams_batch_32.json","Русский","смирение","legacy","1"
"dreams_batch_32.json","English","legacy-en","legacy","1"
"dreams_batch_32.json","O'zbek","legacy-uz","legacy","1"
"dreams_batch_32.json","Русский","смола","legacy","1"
"dreams_batch_32.json","English","legacy-en","legacy","1"
"dreams_batch_32.json","O'zbek","legacy-uz","legacy","1"
"dreams_batch_32.json","Русский","смородина","legacy","1"
"dreams_batch_32.json","English","legacy-en","legacy","1"
"dreams_batch_32.json","O'zbek","legacy-uz","legacy","1"
"dreams_batch_32.json","Русский","смущение","legacy","1"
"dreams_batch_32.json","English","legacy-en","legacy","1"
"dreams_batch_32.json","O'zbek","legacy-uz","legacy","1"
"dreams_batch_32.json","Русский","смысл","legacy","1"
"dreams_batch_32.json","English","legacy-en","legacy","1"
"dreams_batch_32.json","O'zbek","legacy-uz","legacy","1"
"dreams_batch_32.json","Русский","снайпер","legacy","1"
"dreams_batch_32.json","English","legacy-en","legacy","1"
"dreams_batch_32.json","O'zbek","legacy-uz","legacy","1"
"dreams_batch_32.json","Русский","снаряд","legacy","1"
"dreams_batch_32.json","English","legacy-en","legacy","1"
"dreams_batch_32.json","O'zbek","legacy-uz","legacy","1"
"dreams_batch_32.json","Русский","снасти","legacy","1"
"dreams_batch_32.json","English","legacy-en","legacy","1"
"dreams_batch_32.json","O'zbek","legacy-uz","legacy","1"
"dreams_batch_32.json","Русский","снег","legacy","1"
"dreams_batch_32.json","English","legacy-en","legacy","1"
"dreams_batch_32.json","O'zbek","legacy-uz","legacy","1"
"dreams_batch_32.json","Русский","снегирь","legacy","1"
"dreams_batch_32.json","English","legacy-en","legacy","1"
"dreams_batch_32.json","O'zbek","legacy-uz","legacy","1"
"dreams_batch_32.json","Русский","снеговик","legacy","1"
"dreams_batch_32.json","English","legacy-en","legacy","1"
"dreams_batch_32.json","O'zbek","legacy-uz","legacy","1"
"dreams_batch_32.json","Русский","снежки","legacy","1"
"dreams_batch_32.json","English","legacy-en","legacy","1"
"dreams_batch_32.json","O'zbek","legacy-uz","legacy","1"
"dreams_batch_32.json","Русский","сноб","legacy","1"
"dreams_batch_32.json","English","legacy-en","legacy","1"
"dreams_batch_32.json","O'zbek","legacy-uz","legacy","1"
"dreams_batch_32.json","Русский","сноп","legacy","1"
"dreams_batch_32.json","English","legacy-en","legacy","1"
"dreams_batch_32.json","O'zbek","legacy-uz","legacy","1"
"dreams_batch_32.json","Русский","сноровка","legacy","1"
"dreams_batch_32.json","English","legacy-en","legacy","1"
"dreams_batch_32.json","O'zbek","legacy-uz","legacy","1"
"dreams_batch_32.json","Русский","снос","legacy","1"
"dreams_batch_32.json","English","legacy-en","legacy","1"
"dreams_batch_32.json","O'zbek","legacy-uz","legacy","1"
"dreams_batch_32.json","Русский","снотворное","legacy","1"
"dreams_batch_32.json","English","legacy-en","legacy","1"
"dreams_batch_32.json","O'zbek","legacy-uz","legacy","1"
"dreams_batch_32.json","Русский","собака","legacy","1"
"dreams_batch_32.json","English","legacy-en","legacy","1"
"dreams_batch_32.json","O'zbek","legacy-uz","legacy","1"
"dreams_batch_32.json","Русский","собаковод","legacy","1"
"dreams_batch_32.json","English","legacy-en","legacy","1"
"dreams_batch_32.json","O'zbek","legacy-uz","legacy","1"
"dreams_batch_32.json","Русский","соблазн","legacy","1"
"dreams_batch_32.json","English","legacy-en","legacy","1"
"dreams_batch_32.json","O'zbek","legacy-uz","legacy","1"
"dreams_batch_32.json","Русский","соблазнитель","legacy","1"
"dreams_batch_32.json","English","legacy-en","legacy","1"
"dreams_batch_32.json","O'zbek","legacy-uz","legacy","1"
"dreams_batch_32.json","Русский","соболь","legacy","1"
"dreams_batch_32.json","English","legacy-en","legacy","1"
"dreams_batch_32.json","O'zbek","legacy-uz","legacy","1"
"dreams_batch_32.json","Русский","собрание","legacy","1"
"dreams_batch_32.json","English","legacy-en","legacy","1"
"dreams_batch_32.json","O'zbek","legacy-uz","legacy","1"
"dreams_batch_32.json","Русский","собственность","legacy","1"
"dreams_batch_32.json","English","legacy-en","legacy","1"
"dreams_batch_32.json","O'zbek","legacy-uz","legacy","1"
"dreams_batch_32.json","Русский","событие","legacy","1"
"dreams_batch_32.json","English","legacy-en","legacy","1"
"dreams_batch_32.json","O'zbek","legacy-uz","legacy","1"
"dreams_batch_32.json","Русский","сова","legacy","1"
"dreams_batch_32.json","English","legacy-en","legacy","1"
"dreams_batch_32.json","O'zbek","legacy-uz","legacy","1"
"dreams_batch_32.json","Русский","совесть","legacy","1"
"dreams_batch_32.json","English","legacy-en","legacy","1"
"dreams_batch_32.json","O'zbek","legacy-uz","legacy","1"
"dreams_batch_32.json","Русский","совет","legacy","1"
"dreams_batch_32.json","English","legacy-en","legacy","1"
"dreams_batch_32.json","O'zbek","legacy-uz","legacy","1"
"dreams_batch_32.json","Русский","советник","legacy","1"
"dreams_batch_32.json","English","legacy-en","legacy","1"
"dreams_batch_32.json","O'zbek","legacy-uz","legacy","1"
"dreams_batch_32.json","Русский","совещание","legacy","1"
"dreams_batch_32.json","English","legacy-en","legacy","1"
"dreams_batch_32.json","O'zbek","legacy-uz","legacy","1"
"dreams_batch_32.json","Русский","сода","legacy","1"
"dreams_batch_32.json","English","legacy-en","legacy","1"
"dreams_batch_32.json","O'zbek","legacy-uz","legacy","1"
"dreams_batch_32.json","Русский","созвездие","legacy","1"
"dreams_batch_32.json","English","legacy-en","legacy","1"
"dreams_batch_32.json","O'zbek","legacy-uz","legacy","1"
"dreams_batch_32.json","Русский","созвучие","legacy","1"
"dreams_batch_32.json","English","legacy-en","legacy","1"
"dreams_batch_32.json","O'zbek","legacy-uz","legacy","1"
"dreams_batch_32.json","Русский","сознание","legacy","1"
"dreams_batch_32.json","English","legacy-en","legacy","1"
"dreams_batch_32.json","O'zbek","legacy-uz","legacy","1"
"dreams_batch_32.json","Русский","созыв","legacy","1"
"dreams_batch_32.json","English","legacy-en","legacy","1"
"dreams_batch_32.json","O'zbek","legacy-uz","legacy","1"
"dreams_batch_32.json","Русский","сок","legacy","1"
"dreams_batch_32.json","English","legacy-en","legacy","1"
"dreams_batch_32.json","O'zbek","legacy-uz","legacy","1"
"dreams_batch_32.json","Русский","сокол","legacy","1"
"dreams_batch_32.json","English","legacy-en","legacy","1"
"dreams_batch_32.json","O'zbek","legacy-uz","legacy","1"
"dreams_batch_32.json","Русский","сокращение","legacy","1"
"dreams_batch_32.json","English","legacy-en","legacy","1"
"dreams_batch_32.json","O'zbek","legacy-uz","legacy","1"
"dreams_batch_32.json","Русский","солдат","legacy","1"
"dreams_batch_32.json","English","legacy-en","legacy","1"
"dreams_batch_32.json","O'zbek","legacy-uz","legacy","1"
"dreams_batch_32.json","Русский","солнце","legacy","1"
"dreams_batch_32.json","English","legacy-en","legacy","1"
"dreams_batch_32.json","O'zbek","legacy-uz","legacy","1"
"dreams_batch_32.json","Русский","соловей","legacy","1"
"dreams_batch_32.json","English","legacy-en","legacy","1"
"dreams_batch_32.json","O'zbek","legacy-uz","legacy","1"
"dreams_batch_32.json","Русский","солома","legacy","1"
"dreams_batch_32.json","English","legacy-en","legacy","1"
"dreams_batch_32.json","O'zbek","legacy-uz","legacy","1"
"dreams_batch_32.json","Русский","солонка","legacy","1"
"dreams_batch_32.json","English","legacy-en","legacy","1"
"dreams_batch_32.json","O'zbek","legacy-uz","legacy","1"
"dreams_batch_32.json","Русский","соль","legacy","1"
"dreams_batch_32.json","English","legacy-en","legacy","1"
"dreams_batch_32.json","O'zbek","legacy-uz","legacy","1"
"dreams_batch_32.json","Русский","сом","legacy","1"
"dreams_batch_32.json","English","legacy-en","legacy","1"
"dreams_batch_32.json","O'zbek","legacy-uz","legacy","1"
"dreams_batch_32.json","Русский","сомнение","legacy","1"
"dreams_batch_32.json","English","legacy-en","legacy","1"
"dreams_batch_32.json","O'zbek","legacy-uz","legacy","1"
"dreams_batch_32.json","Русский","сон","legacy","1"
"dreams_batch_32.json","English","legacy-en","legacy","1"
"dreams_batch_32.json","O'zbek","legacy-uz","legacy","1"
"dreams_batch_32.json","Русский","соната","legacy","1"
"dreams_batch_32.json","English","legacy-en","legacy","1"
"dreams_batch_32.json","O'zbek","legacy-uz","legacy","1"
"dreams_batch_32.json","Русский","сонет","legacy","1"
"dreams_batch_32.json","English","legacy-en","legacy","1"
"dreams_batch_32.json","O'zbek","legacy-uz","legacy","1"
"dreams_batch_32.json","Русский","соперник","legacy","1"
"dreams_batch_32.json","English","legacy-en","legacy","1"
"dreams_batch_32.json","O'zbek","legacy-uz","legacy","1"
"dreams_batch_32.json","Русский","сопка","legacy","1"
"dreams_batch_32.json","English","legacy-en","legacy","1"
"dreams_batch_32.json","O'zbek","legacy-uz","legacy","1"
"dreams_batch_32.json","Русский","сопрано","legacy","1"
"dreams_batch_32.json","English","legacy-en","legacy","1"
"dreams_batch_32.json","O'zbek","legacy-uz","legacy","1"
"dreams_batch_32.json","Русский","сопротивление","legacy","1"
"dreams_batch_32.json","English","legacy-en","legacy","1"
"dreams_batch_32.json","O'zbek","legacy-uz","legacy","1"
"dreams_batch_32.json","Русский","сор","legacy","1"
"dreams_batch_32.json","English","legacy-en","legacy","1"
"dreams_batch_32.json","O'zbek","legacy-uz","legacy","1"
"dreams_batch_32.json","Русский","соратник","legacy","1"
"dreams_batch_32.json","English","legacy-en","legacy","1"
"dreams_batch_32.json","O'zbek","legacy-uz","legacy","1"
"dreams_batch_32.json","Русский","соревнование","legacy","1"
"dreams_batch_32.json","English","legacy-en","legacy","1"
"dreams_batch_32.json","O'zbek","legacy-uz","legacy","1"
"dreams_batch_32.json","Русский","сортировка","legacy","1"
"dreams_batch_32.json","English","legacy-en","legacy","1"
"dreams_batch_32.json","O'zbek","legacy-uz","legacy","1"
"dreams_batch_32.json","Русский","сосна","legacy","1"
"dreams_batch_32.json","English","legacy-en","legacy","1"
"dreams_batch_32.json","O'zbek","legacy-uz","legacy","1"
"dreams_batch_32.json","Русский","состав","legacy","1"
"dreams_batch_32.json","English","legacy-en","legacy","1"
"dreams_batch_32.json","O'zbek","legacy-uz","legacy","1"
"dreams_batch_32.json","Русский","состояние","legacy","1"
"dreams_batch_32.json","English","legacy-en","legacy","1"
"dreams_batch_32.json","O'zbek","legacy-uz","legacy","1"
"dreams_batch_32.json","Русский","сотка","legacy","1"
"dreams_batch_32.json","English","legacy-en","legacy","1"
"dreams_batch_32.json","O'zbek","legacy-uz","legacy","1"
"dreams_batch_32.json","Русский","сотня","legacy","1"
"dreams_batch_32.json","English","legacy-en","legacy","1"
"dreams_batch_32.json","O'zbek","legacy-uz","legacy","1"
"dreams_batch_32.json","Русский","соус","legacy","1"
"dreams_batch_32.json","English","legacy-en","legacy","1"
"dreams_batch_32.json","O'zbek","legacy-uz","legacy","1"
"dreams_batch_32.json","Русский","софа","legacy","1"
"dreams_batch_32.json","English","legacy-en","legacy","1"
"dreams_batch_32.json","O'zbek","legacy-uz","legacy","1"
"dreams_batch_32.json","Русский","соха","legacy","1"
"dreams_batch_32.json","English","legacy-en","legacy","1"
"dreams_batch_32.json","O'zbek","legacy-uz","legacy","1"
"dreams_batch_32.json","Русский","сочельник","legacy","1"
"dreams_batch_32.json","English","legacy-en","legacy","1"
"dreams_batch_32.json","O'zbek","legacy-uz","legacy","1"
"dreams_batch_32.json","Русский","сочинение","legacy","1"
"dreams_batch_32.json","English","legacy-en","legacy","1"
"dreams_batch_32.json","O'zbek","legacy-uz","legacy","1"
"dreams_batch_32.json","Русский","сочувствие","legacy","1"
"dreams_batch_32.json","English","legacy-en","legacy","1"
"dreams_batch_32.json","O'zbek","legacy-uz","legacy","1"
"dreams_batch_32.json","Русский","союз","legacy","1"
"dreams_batch_32.json","English","legacy-en","legacy","1"
"dreams_batch_32.json","O'zbek","legacy-uz","legacy","1"
"dreams_batch_32.json","Русский","спальня","legacy","1"
"dreams_batch_32.json","English","legacy-en","legacy","1"
"dreams_batch_32.json","O'zbek","legacy-uz","legacy","1"
"dreams_batch_32.json","Русский","спаниель","legacy","1"
"dreams_batch_32.json","English","legacy-en","legacy","1"
"dreams_batch_32.json","O'zbek","legacy-uz","legacy","1"
"dreams_batch_32.json","Русский","спасатель","legacy","1"
"dreams_batch_32.json","English","legacy-en","legacy","1"
"dreams_batch_32.json","O'zbek","legacy-uz","legacy","1"
"dreams_batch_32.json","Русский","спасение","legacy","1"
"dreams_batch_32.json","English","legacy-en","legacy","1"
"dreams_batch_32.json","O'zbek","legacy-uz","legacy","1"
"dreams_batch_32.json","Русский","спаситель","legacy","1"
"dreams_batch_32.json","English","legacy-en","legacy","1"
"dreams_batch_32.json","O'zbek","legacy-uz","legacy","1"
"dreams_batch_32.json","Русский","спектакль","legacy","1"
"dreams_batch_32.json","English","legacy-en","legacy","1"
"dreams_batch_32.json","O'zbek","legacy-uz","legacy","1"
"dreams_batch_32.json","Русский","спекуляция","legacy","1"
"dreams_batch_32.json","English","legacy-en","legacy","1"
"dreams_batch_32.json","O'zbek","legacy-uz","legacy","1"
"dreams_batch_32.json","Русский","специи","legacy","1"
"dreams_batch_32.json","English","legacy-en","legacy","1"
"dreams_batch_32.json","O'zbek","legacy-uz","legacy","1"
"dreams_batch_32.json","Русский","спецназ","legacy","1"
"dreams_batch_32.json","English","legacy-en","legacy","1"
"dreams_batch_32.json","O'zbek","legacy-uz","legacy","1"
"dreams_batch_32.json","Русский","спешка","legacy","1"
"dreams_batch_32.json","English","legacy-en","legacy","1"
"dreams_batch_32.json","O'zbek","legacy-uz","legacy","1"
"dreams_batch_32.json","Русский","спираль","legacy","1"
"dreams_batch_32.json","English","legacy-en","legacy","1"
"dreams_batch_32.json","O'zbek","legacy-uz","legacy","1"
"dreams_batch_33.json","Русский","спирт","legacy","1"
"dreams_batch_33.json","English","legacy-en","legacy","1"
"dreams_batch_33.json","O'zbek","legacy-uz","legacy","1"
"dreams_batch_33.json","Русский","список","legacy","1"
"dreams_batch_33.json","English","legacy-en","legacy","1"
"dreams_batch_33.json","O'zbek","legacy-uz","legacy","1"
"dreams_batch_33.json","Русский","спичка","legacy","1"
"dreams_batch_33.json","English","legacy-en","legacy","1"
"dreams_batch_33.json","O'zbek","legacy-uz","legacy","1"
"dreams_batch_33.json","Русский","сплав","legacy","1"
"dreams_batch_33.json","English","legacy-en","legacy","1"
"dreams_batch_33.json","O'zbek","legacy-uz","legacy","1"
"dreams_batch_33.json","Русский","сплетня","legacy","1"
"dreams_batch_33.json","English","legacy-en","legacy","1"
"dreams_batch_33.json","O'zbek","legacy-uz","legacy","1"
"dreams_batch_33.json","Русский","спокойствие","legacy","1"
"dreams_batch_33.json","English","legacy-en","legacy","1"
"dreams_batch_33.json","O'zbek","legacy-uz","legacy","1"
"dreams_batch_33.json","Русский","спор","legacy","1"
"dreams_batch_33.json","English","legacy-en","legacy","1"
"dreams_batch_33.json","O'zbek","legacy-uz","legacy","1"
"dreams_batch_33.json","Русский","спортзал","legacy","1"
"dreams_batch_33.json","English","legacy-en","legacy","1"
"dreams_batch_33.json","O'zbek","legacy-uz","legacy","1"
"dreams_batch_33.json","Русский","спортсмен","legacy","1"
"dreams_batch_33.json","English","legacy-en","legacy","1"
"dreams_batch_33.json","O'zbek","legacy-uz","legacy","1"
"dreams_batch_33.json","Русский","способ","legacy","1"
"dreams_batch_33.json","English","legacy-en","legacy","1"
"dreams_batch_33.json","O'zbek","legacy-uz","legacy","1"
"dreams_batch_33.json","Русский","справка","legacy","1"
"dreams_batch_33.json","English","legacy-en","legacy","1"
"dreams_batch_33.json","O'zbek","legacy-uz","legacy","1"
"dreams_batch_33.json","Русский","спрос","legacy","1"
"dreams_batch_33.json","English","legacy-en","legacy","1"
"dreams_batch_33.json","O'zbek","legacy-uz","legacy","1"
"dreams_batch_33.json","Русский","спуск","legacy","1"
"dreams_batch_33.json","English","legacy-en","legacy","1"
"dreams_batch_33.json","O'zbek","legacy-uz","legacy","1"
"dreams_batch_33.json","Русский","спутник","legacy","1"
"dreams_batch_33.json","English","legacy-en","legacy","1"
"dreams_batch_33.json","O'zbek","legacy-uz","legacy","1"
"dreams_batch_33.json","Русский","среда","legacy","1"
"dreams_batch_33.json","English","legacy-en","legacy","1"
"dreams_batch_33.json","O'zbek","legacy-uz","legacy","1"
"dreams_batch_33.json","Русский","срез","legacy","1"
"dreams_batch_33.json","English","legacy-en","legacy","1"
"dreams_batch_33.json","O'zbek","legacy-uz","legacy","1"
"dreams_batch_33.json","Русский","ссора","legacy","1"
"dreams_batch_33.json","English","legacy-en","legacy","1"
"dreams_batch_33.json","O'zbek","legacy-uz","legacy","1"
"dreams_batch_33.json","Русский","ссуда","legacy","1"
"dreams_batch_33.json","English","legacy-en","legacy","1"
"dreams_batch_33.json","O'zbek","legacy-uz","legacy","1"
"dreams_batch_33.json","Русский","ссылка","legacy","1"
"dreams_batch_33.json","English","legacy-en","legacy","1"
"dreams_batch_33.json","O'zbek","legacy-uz","legacy","1"
"dreams_batch_33.json","Русский","стадион","legacy","1"
"dreams_batch_33.json","English","legacy-en","legacy","1"
"dreams_batch_33.json","O'zbek","legacy-uz","legacy","1"
"dreams_batch_33.json","Русский","стадо","legacy","1"
"dreams_batch_33.json","English","legacy-en","legacy","1"
"dreams_batch_33.json","O'zbek","legacy-uz","legacy","1"
"dreams_batch_33.json","Русский","стажер","legacy","1"
"dreams_batch_33.json","English","legacy-en","legacy","1"
"dreams_batch_33.json","O'zbek","legacy-uz","legacy","1"
"dreams_batch_33.json","Русский","стакан","legacy","1"
"dreams_batch_33.json","English","legacy-en","legacy","1"
"dreams_batch_33.json","O'zbek","legacy-uz","legacy","1"
"dreams_batch_33.json","Русский","сталь","legacy","1"
"dreams_batch_33.json","English","legacy-en","legacy","1"
"dreams_batch_33.json","O'zbek","legacy-uz","legacy","1"
"dreams_batch_33.json","Русский","станица","legacy","1"
"dreams_batch_33.json","English","legacy-en","legacy","1"
"dreams_batch_33.json","O'zbek","legacy-uz","legacy","1"
"dreams_batch_33.json","Русский","станок","legacy","1"
"dreams_batch_33.json","English","legacy-en","legacy","1"
"dreams_batch_33.json","O'zbek","legacy-uz","legacy","1"
"dreams_batch_33.json","Русский","станция","legacy","1"
"dreams_batch_33.json","English","legacy-en","legacy","1"
"dreams_batch_33.json","O'zbek","legacy-uz","legacy","1"
"dreams_batch_33.json","Русский","старание","legacy","1"
"dreams_batch_33.json","English","legacy-en","legacy","1"
"dreams_batch_33.json","O'zbek","legacy-uz","legacy","1"
"dreams_batch_33.json","Русский","старость","legacy","1"
"dreams_batch_33.json","English","legacy-en","legacy","1"
"dreams_batch_33.json","O'zbek","legacy-uz","legacy","1"
"dreams_batch_33.json","Русский","старт","legacy","1"
"dreams_batch_33.json","English","legacy-en","legacy","1"
"dreams_batch_33.json","O'zbek","legacy-uz","legacy","1"
"dreams_batch_33.json","Русский","статус","legacy","1"
"dreams_batch_33.json","English","legacy-en","legacy","1"
"dreams_batch_33.json","O'zbek","legacy-uz","legacy","1"
"dreams_batch_33.json","Русский","статуэтка","legacy","1"
"dreams_batch_33.json","English","legacy-en","legacy","1"
"dreams_batch_33.json","O'zbek","legacy-uz","legacy","1"
"dreams_batch_33.json","Русский","статья","legacy","1"
"dreams_batch_33.json","English","legacy-en","legacy","1"
"dreams_batch_33.json","O'zbek","legacy-uz","legacy","1"
"dreams_batch_33.json","Русский","ствол","legacy","1"
"dreams_batch_33.json","English","legacy-en","legacy","1"
"dreams_batch_33.json","O'zbek","legacy-uz","legacy","1"
"dreams_batch_33.json","Русский","створка","legacy","1"
"dreams_batch_33.json","English","legacy-en","legacy","1"
"dreams_batch_33.json","O'zbek","legacy-uz","legacy","1"
"dreams_batch_33.json","Русский","стебель","legacy","1"
"dreams_batch_33.json","English","legacy-en","legacy","1"
"dreams_batch_33.json","O'zbek","legacy-uz","legacy","1"
"dreams_batch_33.json","Русский","стеллаж","legacy","1"
"dreams_batch_33.json","English","legacy-en","legacy","1"
"dreams_batch_33.json","O'zbek","legacy-uz","legacy","1"
"dreams_batch_33.json","Русский","стена","legacy","1"
"dreams_batch_33.json","English","legacy-en","legacy","1"
"dreams_batch_33.json","O'zbek","legacy-uz","legacy","1"
"dreams_batch_33.json","Русский","степь","legacy","1"
"dreams_batch_33.json","English","legacy-en","legacy","1"
"dreams_batch_33.json","O'zbek","legacy-uz","legacy","1"
"dreams_batch_33.json","Русский","стереотип","legacy","1"
"dreams_batch_33.json","English","legacy-en","legacy","1"
"dreams_batch_33.json","O'zbek","legacy-uz","legacy","1"
"dreams_batch_33.json","Русский","стержень","legacy","1"
"dreams_batch_33.json","English","legacy-en","legacy","1"
"dreams_batch_33.json","O'zbek","legacy-uz","legacy","1"
"dreams_batch_33.json","Русский","стетоскоп","legacy","1"
"dreams_batch_33.json","English","legacy-en","legacy","1"
"dreams_batch_33.json","O'zbek","legacy-uz","legacy","1"
"dreams_batch_33.json","Русский","стиль","legacy","1"
"dreams_batch_33.json","English","legacy-en","legacy","1"
"dreams_batch_33.json","O'zbek","legacy-uz","legacy","1"
"dreams_batch_33.json","Русский","стимул","legacy","1"
"dreams_batch_33.json","English","legacy-en","legacy","1"
"dreams_batch_33.json","O'zbek","legacy-uz","legacy","1"
"dreams_batch_33.json","Русский","стипендия","legacy","1"
"dreams_batch_33.json","English","legacy-en","legacy","1"
"dreams_batch_33.json","O'zbek","legacy-uz","legacy","1"
"dreams_batch_33.json","Русский","стирка","legacy","1"
"dreams_batch_33.json","English","legacy-en","legacy","1"
"dreams_batch_33.json","O'zbek","legacy-uz","legacy","1"
"dreams_batch_33.json","Русский","стихия","legacy","1"
"dreams_batch_33.json","English","legacy-en","legacy","1"
"dreams_batch_33.json","O'zbek","legacy-uz","legacy","1"
"dreams_batch_33.json","Русский","стихотворение","legacy","1"
"dreams_batch_33.json","English","legacy-en","legacy","1"
"dreams_batch_33.json","O'zbek","legacy-uz","legacy","1"
"dreams_batch_33.json","Русский","стол","legacy","1"
"dreams_batch_33.json","English","legacy-en","legacy","1"
"dreams_batch_33.json","O'zbek","legacy-uz","legacy","1"
"dreams_batch_33.json","Русский","столб","legacy","1"
"dreams_batch_33.json","English","legacy-en","legacy","1"
"dreams_batch_33.json","O'zbek","legacy-uz","legacy","1"
"dreams_batch_33.json","Русский","столешница","legacy","1"
"dreams_batch_33.json","English","legacy-en","legacy","1"
"dreams_batch_33.json","O'zbek","legacy-uz","legacy","1"
"dreams_batch_33.json","Русский","столица","legacy","1"
"dreams_batch_33.json","English","legacy-en","legacy","1"
"dreams_batch_33.json","O'zbek","legacy-uz","legacy","1"
"dreams_batch_33.json","Русский","столкновение","legacy","1"
"dreams_batch_33.json","English","legacy-en","legacy","1"
"dreams_batch_33.json","O'zbek","legacy-uz","legacy","1"
"dreams_batch_33.json","Русский","столовая","legacy","1"
"dreams_batch_33.json","English","legacy-en","legacy","1"
"dreams_batch_33.json","O'zbek","legacy-uz","legacy","1"
"dreams_batch_33.json","Русский","столяр","legacy","1"
"dreams_batch_33.json","English","legacy-en","legacy","1"
"dreams_batch_33.json","O'zbek","legacy-uz","legacy","1"
"dreams_batch_33.json","Русский","стон","legacy","1"
"dreams_batch_33.json","English","legacy-en","legacy","1"
"dreams_batch_33.json","O'zbek","legacy-uz","legacy","1"
"dreams_batch_33.json","Русский","стопа","legacy","1"
"dreams_batch_33.json","English","legacy-en","legacy","1"
"dreams_batch_33.json","O'zbek","legacy-uz","legacy","1"
"dreams_batch_33.json","Русский","сторож","legacy","1"
"dreams_batch_33.json","English","legacy-en","legacy","1"
"dreams_batch_33.json","O'zbek","legacy-uz","legacy","1"
"dreams_batch_33.json","Русский","сторона","legacy","1"
"dreams_batch_33.json","English","legacy-en","legacy","1"
"dreams_batch_33.json","O'zbek","legacy-uz","legacy","1"
"dreams_batch_33.json","Русский","стоянка","legacy","1"
"dreams_batch_33.json","English","legacy-en","legacy","1"
"dreams_batch_33.json","O'zbek","legacy-uz","legacy","1"
"dreams_batch_33.json","Русский","стража","legacy","1"
"dreams_batch_33.json","English","legacy-en","legacy","1"
"dreams_batch_33.json","O'zbek","legacy-uz","legacy","1"
"dreams_batch_33.json","Русский","страница","legacy","1"
"dreams_batch_33.json","English","legacy-en","legacy","1"
"dreams_batch_33.json","O'zbek","legacy-uz","legacy","1"
"dreams_batch_33.json","Русский","странник","legacy","1"
"dreams_batch_33.json","English","legacy-en","legacy","1"
"dreams_batch_33.json","O'zbek","legacy-uz","legacy","1"
"dreams_batch_33.json","Русский","странность","legacy","1"
"dreams_batch_33.json","English","legacy-en","legacy","1"
"dreams_batch_33.json","O'zbek","legacy-uz","legacy","1"
"dreams_batch_33.json","Русский","страсть","legacy","1"
"dreams_batch_33.json","English","legacy-en","legacy","1"
"dreams_batch_33.json","O'zbek","legacy-uz","legacy","1"
"dreams_batch_33.json","Русский","стратегия","legacy","1"
"dreams_batch_33.json","English","legacy-en","legacy","1"
"dreams_batch_33.json","O'zbek","legacy-uz","legacy","1"
"dreams_batch_33.json","Русский","страх","legacy","1"
"dreams_batch_33.json","English","legacy-en","legacy","1"
"dreams_batch_33.json","O'zbek","legacy-uz","legacy","1"
"dreams_batch_33.json","Русский","стрела","legacy","1"
"dreams_batch_33.json","English","legacy-en","legacy","1"
"dreams_batch_33.json","O'zbek","legacy-uz","legacy","1"
"dreams_batch_33.json","Русский","стрельба","legacy","1"
"dreams_batch_33.json","English","legacy-en","legacy","1"
"dreams_batch_33.json","O'zbek","legacy-uz","legacy","1"
"dreams_batch_33.json","Русский","стремя","legacy","1"
"dreams_batch_33.json","English","legacy-en","legacy","1"
"dreams_batch_33.json","O'zbek","legacy-uz","legacy","1"
"dreams_batch_33.json","Русский","стремянка","legacy","1"
"dreams_batch_33.json","English","legacy-en","legacy","1"
"dreams_batch_33.json","O'zbek","legacy-uz","legacy","1"
"dreams_batch_33.json","Русский","стресс","legacy","1"
"dreams_batch_33.json","English","legacy-en","legacy","1"
"dreams_batch_33.json","O'zbek","legacy-uz","legacy","1"
"dreams_batch_33.json","Русский","стриж","legacy","1"
"dreams_batch_33.json","English","legacy-en","legacy","1"
"dreams_batch_33.json","O'zbek","legacy-uz","legacy","1"
"dreams_batch_33.json","Русский","стрижка","legacy","1"
"dreams_batch_33.json","English","legacy-en","legacy","1"
"dreams_batch_33.json","O'zbek","legacy-uz","legacy","1"
"dreams_batch_33.json","Русский","стройка","legacy","1"
"dreams_batch_33.json","English","legacy-en","legacy","1"
"dreams_batch_33.json","O'zbek","legacy-uz","legacy","1"
"dreams_batch_33.json","Русский","строка","legacy","1"
"dreams_batch_33.json","English","legacy-en","legacy","1"
"dreams_batch_33.json","O'zbek","legacy-uz","legacy","1"
"dreams_batch_33.json","Русский","структура","legacy","1"
"dreams_batch_33.json","English","legacy-en","legacy","1"
"dreams_batch_33.json","O'zbek","legacy-uz","legacy","1"
"dreams_batch_33.json","Русский","стул","legacy","1"
"dreams_batch_33.json","English","legacy-en","legacy","1"
"dreams_batch_33.json","O'zbek","legacy-uz","legacy","1"
"dreams_batch_33.json","Русский","ступень","legacy","1"
"dreams_batch_33.json","English","legacy-en","legacy","1"
"dreams_batch_33.json","O'zbek","legacy-uz","legacy","1"
"dreams_batch_33.json","Русский","стюардесса","legacy","1"
"dreams_batch_33.json","English","legacy-en","legacy","1"
"dreams_batch_33.json","O'zbek","legacy-uz","legacy","1"
"dreams_batch_33.json","Русский","суббота","legacy","1"
"dreams_batch_33.json","English","legacy-en","legacy","1"
"dreams_batch_33.json","O'zbek","legacy-uz","legacy","1"
"dreams_batch_33.json","Русский","субсидия","legacy","1"
"dreams_batch_33.json","English","legacy-en","legacy","1"
"dreams_batch_33.json","O'zbek","legacy-uz","legacy","1"
"dreams_batch_33.json","Русский","сувенир","legacy","1"
"dreams_batch_33.json","English","legacy-en","legacy","1"
"dreams_batch_33.json","O'zbek","legacy-uz","legacy","1"
"dreams_batch_33.json","Русский","сугроб","legacy","1"
"dreams_batch_33.json","English","legacy-en","legacy","1"
"dreams_batch_33.json","O'zbek","legacy-uz","legacy","1"
"dreams_batch_33.json","Русский","судно","legacy","1"
"dreams_batch_33.json","English","legacy-en","legacy","1"
"dreams_batch_33.json","O'zbek","legacy-uz","legacy","1"
"dreams_batch_33.json","Русский","судоверфь","legacy","1"
"dreams_batch_33.json","English","legacy-en","legacy","1"
"dreams_batch_33.json","O'zbek","legacy-uz","legacy","1"
"dreams_batch_33.json","Русский","судомойка","legacy","1"
"dreams_batch_33.json","English","legacy-en","legacy","1"
"dreams_batch_33.json","O'zbek","legacy-uz","legacy","1"
"dreams_batch_33.json","Русский","судорога","legacy","1"
"dreams_batch_33.json","English","legacy-en","legacy","1"
"dreams_batch_33.json","O'zbek","legacy-uz","legacy","1"
"dreams_batch_33.json","Русский","судьба","legacy","1"
"dreams_batch_33.json","English","legacy-en","legacy","1"
"dreams_batch_33.json","O'zbek","legacy-uz","legacy","1"
"dreams_batch_33.json","Русский","судья","legacy","1"
"dreams_batch_33.json","English","legacy-en","legacy","1"
"dreams_batch_33.json","O'zbek","legacy-uz","legacy","1"
"dreams_batch_33.json","Русский","суета","legacy","1"
"dreams_batch_33.json","English","legacy-en","legacy","1"
"dreams_batch_33.json","O'zbek","legacy-uz","legacy","1"
"dreams_batch_33.json","Русский","сук","legacy","1"
"dreams_batch_33.json","English","legacy-en","legacy","1"
"dreams_batch_33.json","O'zbek","legacy-uz","legacy","1"
"dreams_batch_33.json","Русский","сукно","legacy","1"
"dreams_batch_33.json","English","legacy-en","legacy","1"
"dreams_batch_33.json","O'zbek","legacy-uz","legacy","1"
"dreams_batch_33.json","Русский","султан","legacy","1"
"dreams_batch_33.json","English","legacy-en","legacy","1"
"dreams_batch_33.json","O'zbek","legacy-uz","legacy","1"
"dreams_batch_33.json","Русский","сумка","legacy","1"
"dreams_batch_33.json","English","legacy-en","legacy","1"
"dreams_batch_33.json","O'zbek","legacy-uz","legacy","1"
"dreams_batch_33.json","Русский","сундук","legacy","1"
"dreams_batch_33.json","English","legacy-en","legacy","1"
"dreams_batch_33.json","O'zbek","legacy-uz","legacy","1"
"dreams_batch_33.json","Русский","суп","legacy","1"
"dreams_batch_33.json","English","legacy-en","legacy","1"
"dreams_batch_33.json","O'zbek","legacy-uz","legacy","1"
"dreams_batch_33.json","Русский","супермаркет","legacy","1"
"dreams_batch_33.json","English","legacy-en","legacy","1"
"dreams_batch_33.json","O'zbek","legacy-uz","legacy","1"
"dreams_batch_33.json","Русский","супница","legacy","1"
"dreams_batch_33.json","English","legacy-en","legacy","1"
"dreams_batch_33.json","O'zbek","legacy-uz","legacy","1"
"dreams_batch_33.json","Русский","сурок","legacy","1"
"dreams_batch_33.json","English","legacy-en","legacy","1"
"dreams_batch_33.json","O'zbek","legacy-uz","legacy","1"
"dreams_batch_34.json","Русский","сурьма","legacy","1"
"dreams_batch_34.json","English","legacy-en","legacy","1"
"dreams_batch_34.json","O'zbek","legacy-uz","legacy","1"
"dreams_batch_34.json","Русский","суслик","legacy","1"
"dreams_batch_34.json","English","legacy-en","legacy","1"
"dreams_batch_34.json","O'zbek","legacy-uz","legacy","1"
"dreams_batch_34.json","Русский","сустав","legacy","1"
"dreams_batch_34.json","English","legacy-en","legacy","1"
"dreams_batch_34.json","O'zbek","legacy-uz","legacy","1"
"dreams_batch_34.json","Русский","сутра","legacy","1"
"dreams_batch_34.json","English","legacy-en","legacy","1"
"dreams_batch_34.json","O'zbek","legacy-uz","legacy","1"
"dreams_batch_34.json","Русский","суфле","legacy","1"
"dreams_batch_34.json","English","legacy-en","legacy","1"
"dreams_batch_34.json","O'zbek","legacy-uz","legacy","1"
"dreams_batch_34.json","Русский","суфлер","legacy","1"
"dreams_batch_34.json","English","legacy-en","legacy","1"
"dreams_batch_34.json","O'zbek","legacy-uz","legacy","1"
"dreams_batch_34.json","Русский","сухарь","legacy","1"
"dreams_batch_34.json","English","legacy-en","legacy","1"
"dreams_batch_34.json","O'zbek","legacy-uz","legacy","1"
"dreams_batch_34.json","Русский","суша","legacy","1"
"dreams_batch_34.json","English","legacy-en","legacy","1"
"dreams_batch_34.json","O'zbek","legacy-uz","legacy","1"
"dreams_batch_34.json","Русский","сушка","legacy","1"
"dreams_batch_34.json","English","legacy-en","legacy","1"
"dreams_batch_34.json","O'zbek","legacy-uz","legacy","1"
"dreams_batch_34.json","Русский","сфера","legacy","1"
"dreams_batch_34.json","English","legacy-en","legacy","1"
"dreams_batch_34.json","O'zbek","legacy-uz","legacy","1"
"dreams_batch_34.json","Русский","схема","legacy","1"
"dreams_batch_34.json","English","legacy-en","legacy","1"
"dreams_batch_34.json","O'zbek","legacy-uz","legacy","1"
"dreams_batch_34.json","Русский","сходство","legacy","1"
"dreams_batch_34.json","English","legacy-en","legacy","1"
"dreams_batch_34.json","O'zbek","legacy-uz","legacy","1"
"dreams_batch_34.json","Русский","сцена","legacy","1"
"dreams_batch_34.json","English","legacy-en","legacy","1"
"dreams_batch_34.json","O'zbek","legacy-uz","legacy","1"
"dreams_batch_34.json","Русский","сценарий","legacy","1"
"dreams_batch_34.json","English","legacy-en","legacy","1"
"dreams_batch_34.json","O'zbek","legacy-uz","legacy","1"
"dreams_batch_34.json","Русский","сценарист","legacy","1"
"dreams_batch_34.json","English","legacy-en","legacy","1"
"dreams_batch_34.json","O'zbek","legacy-uz","legacy","1"
"dreams_batch_34.json","Русский","сцепка","legacy","1"
"dreams_batch_34.json","English","legacy-en","legacy","1"
"dreams_batch_34.json","O'zbek","legacy-uz","legacy","1"
"dreams_batch_34.json","Русский","счастье","legacy","1"
"dreams_batch_34.json","English","legacy-en","legacy","1"
"dreams_batch_34.json","O'zbek","legacy-uz","legacy","1"
"dreams_batch_34.json","Русский","счет","legacy","1"
"dreams_batch_34.json","English","legacy-en","legacy","1"
"dreams_batch_34.json","O'zbek","legacy-uz","legacy","1"
"dreams_batch_34.json","Русский","счетчик","legacy","1"
"dreams_batch_34.json","English","legacy-en","legacy","1"
"dreams_batch_34.json","O'zbek","legacy-uz","legacy","1"
"dreams_batch_34.json","Русский","съезд","legacy","1"
"dreams_batch_34.json","English","legacy-en","legacy","1"
"dreams_batch_34.json","O'zbek","legacy-uz","legacy","1"
"dreams_batch_34.json","Русский","сын","legacy","1"
"dreams_batch_34.json","English","legacy-en","legacy","1"
"dreams_batch_34.json","O'zbek","legacy-uz","legacy","1"
"dreams_batch_34.json","Русский","сыпь","legacy","1"
"dreams_batch_34.json","English","legacy-en","legacy","1"
"dreams_batch_34.json","O'zbek","legacy-uz","legacy","1"
"dreams_batch_34.json","Русский","сыр","legacy","1"
"dreams_batch_34.json","English","legacy-en","legacy","1"
"dreams_batch_34.json","O'zbek","legacy-uz","legacy","1"
"dreams_batch_34.json","Русский","сырость","legacy","1"
"dreams_batch_34.json","English","legacy-en","legacy","1"
"dreams_batch_34.json","O'zbek","legacy-uz","legacy","1"
"dreams_batch_34.json","Русский","сырье","legacy","1"
"dreams_batch_34.json","English","legacy-en","legacy","1"
"dreams_batch_34.json","O'zbek","legacy-uz","legacy","1"
"dreams_batch_34.json","Русский","сюжет","legacy","1"
"dreams_batch_34.json","English","legacy-en","legacy","1"
"dreams_batch_34.json","O'zbek","legacy-uz","legacy","1"
"dreams_batch_34.json","Русский","сюрприз","legacy","1"
"dreams_batch_34.json","English","legacy-en","legacy","1"
"dreams_batch_34.json","O'zbek","legacy-uz","legacy","1"
"dreams_batch_34.json","Русский","табак","legacy","1"
"dreams_batch_34.json","English","legacy-en","legacy","1"
"dreams_batch_34.json","O'zbek","legacy-uz","legacy","1"
"dreams_batch_34.json","Русский","табель","legacy","1"
"dreams_batch_34.json","English","legacy-en","legacy","1"
"dreams_batch_34.json","O'zbek","legacy-uz","legacy","1"
"dreams_batch_34.json","Русский","таблетка","legacy","1"
"dreams_batch_34.json","English","legacy-en","legacy","1"
"dreams_batch_34.json","O'zbek","legacy-uz","legacy","1"
"dreams_batch_34.json","Русский","таблица","legacy","1"
"dreams_batch_34.json","English","legacy-en","legacy","1"
"dreams_batch_34.json","O'zbek","legacy-uz","legacy","1"
"dreams_batch_34.json","Русский","табурет","legacy","1"
"dreams_batch_34.json","English","legacy-en","legacy","1"
"dreams_batch_34.json","O'zbek","legacy-uz","legacy","1"
"dreams_batch_34.json","Русский","таз","legacy","1"
"dreams_batch_34.json","English","legacy-en","legacy","1"
"dreams_batch_34.json","O'zbek","legacy-uz","legacy","1"
"dreams_batch_34.json","Русский","тайга","legacy","1"
"dreams_batch_34.json","English","legacy-en","legacy","1"
"dreams_batch_34.json","O'zbek","legacy-uz","legacy","1"
"dreams_batch_34.json","Русский","тайм","legacy","1"
"dreams_batch_34.json","English","legacy-en","legacy","1"
"dreams_batch_34.json","O'zbek","legacy-uz","legacy","1"
"dreams_batch_34.json","Русский","тайна","legacy","1"
"dreams_batch_34.json","English","legacy-en","legacy","1"
"dreams_batch_34.json","O'zbek","legacy-uz","legacy","1"
"dreams_batch_34.json","Русский","тайник","legacy","1"
"dreams_batch_34.json","English","legacy-en","legacy","1"
"dreams_batch_34.json","O'zbek","legacy-uz","legacy","1"
"dreams_batch_34.json","Русский","такса","legacy","1"
"dreams_batch_34.json","English","legacy-en","legacy","1"
"dreams_batch_34.json","O'zbek","legacy-uz","legacy","1"
"dreams_batch_34.json","Русский","такси","legacy","1"
"dreams_batch_34.json","English","legacy-en","legacy","1"
"dreams_batch_34.json","O'zbek","legacy-uz","legacy","1"
"dreams_batch_34.json","Русский","талант","legacy","1"
"dreams_batch_34.json","English","legacy-en","legacy","1"
"dreams_batch_34.json","O'zbek","legacy-uz","legacy","1"
"dreams_batch_34.json","Русский","талисман","legacy","1"
"dreams_batch_34.json","English","legacy-en","legacy","1"
"dreams_batch_34.json","O'zbek","legacy-uz","legacy","1"
"dreams_batch_34.json","Русский","талия","legacy","1"
"dreams_batch_34.json","English","legacy-en","legacy","1"
"dreams_batch_34.json","O'zbek","legacy-uz","legacy","1"
"dreams_batch_34.json","Русский","талон","legacy","1"
"dreams_batch_34.json","English","legacy-en","legacy","1"
"dreams_batch_34.json","O'zbek","legacy-uz","legacy","1"
"dreams_batch_34.json","Русский","тамбур","legacy","1"
"dreams_batch_34.json","English","legacy-en","legacy","1"
"dreams_batch_34.json","O'zbek","legacy-uz","legacy","1"
"dreams_batch_34.json","Русский","таможня","legacy","1"
"dreams_batch_34.json","English","legacy-en","legacy","1"
"dreams_batch_34.json","O'zbek","legacy-uz","legacy","1"
"dreams_batch_34.json","Русский","танец","legacy","1"
"dreams_batch_34.json","English","legacy-en","legacy","1"
"dreams_batch_34.json","O'zbek","legacy-uz","legacy","1"
"dreams_batch_34.json","Русский","танк","legacy","1"
"dreams_batch_34.json","English","legacy-en","legacy","1"
"dreams_batch_34.json","O'zbek","legacy-uz","legacy","1"
"dreams_batch_34.json","Русский","танкер","legacy","1"
"dreams_batch_34.json","English","legacy-en","legacy","1"
"dreams_batch_34.json","O'zbek","legacy-uz","legacy","1"
"dreams_batch_34.json","Русский","танцовщица","legacy","1"
"dreams_batch_34.json","English","legacy-en","legacy","1"
"dreams_batch_34.json","O'zbek","legacy-uz","legacy","1"
"dreams_batch_34.json","Русский","тапки","legacy","1"
"dreams_batch_34.json","English","legacy-en","legacy","1"
"dreams_batch_34.json","O'zbek","legacy-uz","legacy","1"
"dreams_batch_34.json","Русский","таракан","legacy","1"
"dreams_batch_34.json","English","legacy-en","legacy","1"
"dreams_batch_34.json","O'zbek","legacy-uz","legacy","1"
"dreams_batch_34.json","Русский","таран","legacy","1"
"dreams_batch_34.json","English","legacy-en","legacy","1"
"dreams_batch_34.json","O'zbek","legacy-uz","legacy","1"
"dreams_batch_34.json","Русский","тарелка","legacy","1"
"dreams_batch_34.json","English","legacy-en","legacy","1"
"dreams_batch_34.json","O'zbek","legacy-uz","legacy","1"
"dreams_batch_34.json","Русский","тариф","legacy","1"
"dreams_batch_34.json","English","legacy-en","legacy","1"
"dreams_batch_34.json","O'zbek","legacy-uz","legacy","1"
"dreams_batch_34.json","Русский","тату","legacy","1"
"dreams_batch_34.json","English","legacy-en","legacy","1"
"dreams_batch_34.json","O'zbek","legacy-uz","legacy","1"
"dreams_batch_34.json","Русский","тахта","legacy","1"
"dreams_batch_34.json","English","legacy-en","legacy","1"
"dreams_batch_34.json","O'zbek","legacy-uz","legacy","1"
"dreams_batch_34.json","Русский","тачка","legacy","1"
"dreams_batch_34.json","English","legacy-en","legacy","1"
"dreams_batch_34.json","O'zbek","legacy-uz","legacy","1"
"dreams_batch_34.json","Русский","таяние","legacy","1"
"dreams_batch_34.json","English","legacy-en","legacy","1"
"dreams_batch_34.json","O'zbek","legacy-uz","legacy","1"
"dreams_batch_34.json","Русский","творец","legacy","1"
"dreams_batch_34.json","English","legacy-en","legacy","1"
"dreams_batch_34.json","O'zbek","legacy-uz","legacy","1"
"dreams_batch_34.json","Русский","творчество","legacy","1"
"dreams_batch_34.json","English","legacy-en","legacy","1"
"dreams_batch_34.json","O'zbek","legacy-uz","legacy","1"
"dreams_batch_34.json","Русский","театр","legacy","1"
"dreams_batch_34.json","English","legacy-en","legacy","1"
"dreams_batch_34.json","O'zbek","legacy-uz","legacy","1"
"dreams_batch_34.json","Русский","театральность","legacy","1"
"dreams_batch_34.json","English","legacy-en","legacy","1"
"dreams_batch_34.json","O'zbek","legacy-uz","legacy","1"
"dreams_batch_34.json","Русский","тезка","legacy","1"
"dreams_batch_34.json","English","legacy-en","legacy","1"
"dreams_batch_34.json","O'zbek","legacy-uz","legacy","1"
"dreams_batch_34.json","Русский","текст","legacy","1"
"dreams_batch_34.json","English","legacy-en","legacy","1"
"dreams_batch_34.json","O'zbek","legacy-uz","legacy","1"
"dreams_batch_34.json","Русский","текучесть","legacy","1"
"dreams_batch_34.json","English","legacy-en","legacy","1"
"dreams_batch_34.json","O'zbek","legacy-uz","legacy","1"
"dreams_batch_34.json","Русский","телега","legacy","1"
"dreams_batch_34.json","English","legacy-en","legacy","1"
"dreams_batch_34.json","O'zbek","legacy-uz","legacy","1"
"dreams_batch_34.json","Русский","телеграмма","legacy","1"
"dreams_batch_34.json","English","legacy-en","legacy","1"
"dreams_batch_34.json","O'zbek","legacy-uz","legacy","1"
"dreams_batch_34.json","Русский","телеграф","legacy","1"
"dreams_batch_34.json","English","legacy-en","legacy","1"
"dreams_batch_34.json","O'zbek","legacy-uz","legacy","1"
"dreams_batch_34.json","Русский","телеканал","legacy","1"
"dreams_batch_34.json","English","legacy-en","legacy","1"
"dreams_batch_34.json","O'zbek","legacy-uz","legacy","1"
"dreams_batch_34.json","Русский","телепатия","legacy","1"
"dreams_batch_34.json","English","legacy-en","legacy","1"
"dreams_batch_34.json","O'zbek","legacy-uz","legacy","1"
"dreams_batch_34.json","Русский","телескоп","legacy","1"
"dreams_batch_34.json","English","legacy-en","legacy","1"
"dreams_batch_34.json","O'zbek","legacy-uz","legacy","1"
"dreams_batch_34.json","Русский","телефон","legacy","1"
"dreams_batch_34.json","English","legacy-en","legacy","1"
"dreams_batch_34.json","O'zbek","legacy-uz","legacy","1"
"dreams_batch_34.json","Русский","тело","legacy","1"
"dreams_batch_34.json","English","legacy-en","legacy","1"
"dreams_batch_34.json","O'zbek","legacy-uz","legacy","1"
"dreams_batch_34.json","Русский","тема","legacy","1"
"dreams_batch_34.json","English","legacy-en","legacy","1"
"dreams_batch_34.json","O'zbek","legacy-uz","legacy","1"
"dreams_batch_34.json","Русский","темп","legacy","1"
"dreams_batch_34.json","English","legacy-en","legacy","1"
"dreams_batch_34.json","O'zbek","legacy-uz","legacy","1"
"dreams_batch_34.json","Русский","темперамент","legacy","1"
"dreams_batch_34.json","English","legacy-en","legacy","1"
"dreams_batch_34.json","O'zbek","legacy-uz","legacy","1"
"dreams_batch_34.json","Русский","температура","legacy","1"
"dreams_batch_34.json","English","legacy-en","legacy","1"
"dreams_batch_34.json","O'zbek","legacy-uz","legacy","1"
"dreams_batch_34.json","Русский","тень","legacy","1"
"dreams_batch_34.json","English","legacy-en","legacy","1"
"dreams_batch_34.json","O'zbek","legacy-uz","legacy","1"
"dreams_batch_34.json","Русский","теолог","legacy","1"
"dreams_batch_34.json","English","legacy-en","legacy","1"
"dreams_batch_34.json","O'zbek","legacy-uz","legacy","1"
"dreams_batch_34.json","Русский","теорема","legacy","1"
"dreams_batch_34.json","English","legacy-en","legacy","1"
"dreams_batch_34.json","O'zbek","legacy-uz","legacy","1"
"dreams_batch_34.json","Русский","теория","legacy","1"
"dreams_batch_34.json","English","legacy-en","legacy","1"
"dreams_batch_34.json","O'zbek","legacy-uz","legacy","1"
"dreams_batch_34.json","Русский","теплица","legacy","1"
"dreams_batch_34.json","English","legacy-en","legacy","1"
"dreams_batch_34.json","O'zbek","legacy-uz","legacy","1"
"dreams_batch_34.json","Русский","тепло","legacy","1"
"dreams_batch_34.json","English","legacy-en","legacy","1"
"dreams_batch_34.json","O'zbek","legacy-uz","legacy","1"
"dreams_batch_34.json","Русский","тепловоз","legacy","1"
"dreams_batch_34.json","English","legacy-en","legacy","1"
"dreams_batch_34.json","O'zbek","legacy-uz","legacy","1"
"dreams_batch_34.json","Русский","теплоход","legacy","1"
"dreams_batch_34.json","English","legacy-en","legacy","1"
"dreams_batch_34.json","O'zbek","legacy-uz","legacy","1"
"dreams_batch_34.json","Русский","терапия","legacy","1"
"dreams_batch_34.json","English","legacy-en","legacy","1"
"dreams_batch_34.json","O'zbek","legacy-uz","legacy","1"
"dreams_batch_34.json","Русский","термин","legacy","1"
"dreams_batch_34.json","English","legacy-en","legacy","1"
"dreams_batch_34.json","O'zbek","legacy-uz","legacy","1"
"dreams_batch_34.json","Русский","терминал","legacy","1"
"dreams_batch_34.json","English","legacy-en","legacy","1"
"dreams_batch_34.json","O'zbek","legacy-uz","legacy","1"
"dreams_batch_34.json","Русский","термос","legacy","1"
"dreams_batch_34.json","English","legacy-en","legacy","1"
"dreams_batch_34.json","O'zbek","legacy-uz","legacy","1"
"dreams_batch_34.json","Русский","терние","legacy","1"
"dreams_batch_34.json","English","legacy-en","legacy","1"
"dreams_batch_34.json","O'zbek","legacy-uz","legacy","1"
"dreams_batch_34.json","Русский","терпимость","legacy","1"
"dreams_batch_34.json","English","legacy-en","legacy","1"
"dreams_batch_34.json","O'zbek","legacy-uz","legacy","1"
"dreams_batch_34.json","Русский","террариум","legacy","1"
"dreams_batch_34.json","English","legacy-en","legacy","1"
"dreams_batch_34.json","O'zbek","legacy-uz","legacy","1"
"dreams_batch_34.json","Русский","терраса","legacy","1"
"dreams_batch_34.json","English","legacy-en","legacy","1"
"dreams_batch_34.json","O'zbek","legacy-uz","legacy","1"
"dreams_batch_34.json","Русский","территория","legacy","1"
"dreams_batch_34.json","English","legacy-en","legacy","1"
"dreams_batch_34.json","O'zbek","legacy-uz","legacy","1"
"dreams_batch_34.json","Русский","террор","legacy","1"
"dreams_batch_34.json","English","legacy-en","legacy","1"
"dreams_batch_34.json","O'zbek","legacy-uz","legacy","1"
"dreams_batch_34.json","Русский","тест","legacy","1"
"dreams_batch_34.json","English","legacy-en","legacy","1"
"dreams_batch_34.json","O'zbek","legacy-uz","legacy","1"
"dreams_batch_34.json","Русский","тетива","legacy","1"
"dreams_batch_34.json","English","legacy-en","legacy","1"
"dreams_batch_34.json","O'zbek","legacy-uz","legacy","1"
"dreams_batch_34.json","Русский","тетрадь","legacy","1"
"dreams_batch_34.json","English","legacy-en","legacy","1"
"dreams_batch_34.json","O'zbek","legacy-uz","legacy","1"
"dreams_batch_34.json","Русский","тетя","legacy","1"
"dreams_batch_34.json","English","legacy-en","legacy","1"
"dreams_batch_34.json","O'zbek","legacy-uz","legacy","1"
"dreams_batch_34.json","Русский","техника","legacy","1"
"dreams_batch_34.json","English","legacy-en","legacy","1"
"dreams_batch_34.json","O'zbek","legacy-uz","legacy","1"
"dreams_batch_35.json","Русский","тигр","legacy","1"
"dreams_batch_35.json","English","legacy-en","legacy","1"
"dreams_batch_35.json","O'zbek","legacy-uz","legacy","1"
"dreams_batch_35.json","Русский","тираж","legacy","1"
"dreams_batch_35.json","English","legacy-en","legacy","1"
"dreams_batch_35.json","O'zbek","legacy-uz","legacy","1"
"dreams_batch_35.json","Русский","тиран","legacy","1"
"dreams_batch_35.json","English","legacy-en","legacy","1"
"dreams_batch_35.json","O'zbek","legacy-uz","legacy","1"
"dreams_batch_35.json","Русский","тире","legacy","1"
"dreams_batch_35.json","English","legacy-en","legacy","1"
"dreams_batch_35.json","O'zbek","legacy-uz","legacy","1"
"dreams_batch_35.json","Русский","тиски","legacy","1"
"dreams_batch_35.json","English","legacy-en","legacy","1"
"dreams_batch_35.json","O'zbek","legacy-uz","legacy","1"
"dreams_batch_35.json","Русский","титан","legacy","1"
"dreams_batch_35.json","English","legacy-en","legacy","1"
"dreams_batch_35.json","O'zbek","legacy-uz","legacy","1"
"dreams_batch_35.json","Русский","титр","legacy","1"
"dreams_batch_35.json","English","legacy-en","legacy","1"
"dreams_batch_35.json","O'zbek","legacy-uz","legacy","1"
"dreams_batch_35.json","Русский","тишь","legacy","1"
"dreams_batch_35.json","English","legacy-en","legacy","1"
"dreams_batch_35.json","O'zbek","legacy-uz","legacy","1"
"dreams_batch_35.json","Русский","ткань","legacy","1"
"dreams_batch_35.json","English","legacy-en","legacy","1"
"dreams_batch_35.json","O'zbek","legacy-uz","legacy","1"
"dreams_batch_35.json","Русский","тление","legacy","1"
"dreams_batch_35.json","English","legacy-en","legacy","1"
"dreams_batch_35.json","O'zbek","legacy-uz","legacy","1"
"dreams_batch_35.json","Русский","товар","legacy","1"
"dreams_batch_35.json","English","legacy-en","legacy","1"
"dreams_batch_35.json","O'zbek","legacy-uz","legacy","1"
"dreams_batch_35.json","Русский","товарищ","legacy","1"
"dreams_batch_35.json","English","legacy-en","legacy","1"
"dreams_batch_35.json","O'zbek","legacy-uz","legacy","1"
"dreams_batch_35.json","Русский","тождество","legacy","1"
"dreams_batch_35.json","English","legacy-en","legacy","1"
"dreams_batch_35.json","O'zbek","legacy-uz","legacy","1"
"dreams_batch_35.json","Русский","ток","legacy","1"
"dreams_batch_35.json","English","legacy-en","legacy","1"
"dreams_batch_35.json","O'zbek","legacy-uz","legacy","1"
"dreams_batch_35.json","Русский","толкование","legacy","1"
"dreams_batch_35.json","English","legacy-en","legacy","1"
"dreams_batch_35.json","O'zbek","legacy-uz","legacy","1"
"dreams_batch_35.json","Русский","толпа","legacy","1"
"dreams_batch_35.json","English","legacy-en","legacy","1"
"dreams_batch_35.json","O'zbek","legacy-uz","legacy","1"
"dreams_batch_35.json","Русский","толща","legacy","1"
"dreams_batch_35.json","English","legacy-en","legacy","1"
"dreams_batch_35.json","O'zbek","legacy-uz","legacy","1"
"dreams_batch_35.json","Русский","томат","legacy","1"
"dreams_batch_35.json","English","legacy-en","legacy","1"
"dreams_batch_35.json","O'zbek","legacy-uz","legacy","1"
"dreams_batch_35.json","Русский","топор","legacy","1"
"dreams_batch_35.json","English","legacy-en","legacy","1"
"dreams_batch_35.json","O'zbek","legacy-uz","legacy","1"
"dreams_batch_35.json","Русский","торг","legacy","1"
"dreams_batch_35.json","English","legacy-en","legacy","1"
"dreams_batch_35.json","O'zbek","legacy-uz","legacy","1"
"dreams_batch_35.json","Русский","торжество","legacy","1"
"dreams_batch_35.json","English","legacy-en","legacy","1"
"dreams_batch_35.json","O'zbek","legacy-uz","legacy","1"
"dreams_batch_35.json","Русский","тормоз","legacy","1"
"dreams_batch_35.json","English","legacy-en","legacy","1"
"dreams_batch_35.json","O'zbek","legacy-uz","legacy","1"
"dreams_batch_35.json","Русский","торопливость","legacy","1"
"dreams_batch_35.json","English","legacy-en","legacy","1"
"dreams_batch_35.json","O'zbek","legacy-uz","legacy","1"
"dreams_batch_35.json","Русский","торт","legacy","1"
"dreams_batch_35.json","English","legacy-en","legacy","1"
"dreams_batch_35.json","O'zbek","legacy-uz","legacy","1"
"dreams_batch_35.json","Русский","торф","legacy","1"
"dreams_batch_35.json","English","legacy-en","legacy","1"
"dreams_batch_35.json","O'zbek","legacy-uz","legacy","1"
"dreams_batch_35.json","Русский","тоска","legacy","1"
"dreams_batch_35.json","English","legacy-en","legacy","1"
"dreams_batch_35.json","O'zbek","legacy-uz","legacy","1"
"dreams_batch_35.json","Русский","тост","legacy","1"
"dreams_batch_35.json","English","legacy-en","legacy","1"
"dreams_batch_35.json","O'zbek","legacy-uz","legacy","1"
"dreams_batch_35.json","Русский","точка","legacy","1"
"dreams_batch_35.json","English","legacy-en","legacy","1"
"dreams_batch_35.json","O'zbek","legacy-uz","legacy","1"
"dreams_batch_35.json","Русский","трава","legacy","1"
"dreams_batch_35.json","English","legacy-en","legacy","1"
"dreams_batch_35.json","O'zbek","legacy-uz","legacy","1"
"dreams_batch_35.json","Русский","традиция","legacy","1"
"dreams_batch_35.json","English","legacy-en","legacy","1"
"dreams_batch_35.json","O'zbek","legacy-uz","legacy","1"
"dreams_batch_35.json","Русский","трактор","legacy","1"
"dreams_batch_35.json","English","legacy-en","legacy","1"
"dreams_batch_35.json","O'zbek","legacy-uz","legacy","1"
"dreams_batch_35.json","Русский","трамвай","legacy","1"
"dreams_batch_35.json","English","legacy-en","legacy","1"
"dreams_batch_35.json","O'zbek","legacy-uz","legacy","1"
"dreams_batch_35.json","Русский","транзит","legacy","1"
"dreams_batch_35.json","English","legacy-en","legacy","1"
"dreams_batch_35.json","O'zbek","legacy-uz","legacy","1"
"dreams_batch_35.json","Русский","трансляция","legacy","1"
"dreams_batch_35.json","English","legacy-en","legacy","1"
"dreams_batch_35.json","O'zbek","legacy-uz","legacy","1"
"dreams_batch_35.json","Русский","трап","legacy","1"
"dreams_batch_35.json","English","legacy-en","legacy","1"
"dreams_batch_35.json","O'zbek","legacy-uz","legacy","1"
"dreams_batch_35.json","Русский","трасса","legacy","1"
"dreams_batch_35.json","English","legacy-en","legacy","1"
"dreams_batch_35.json","O'zbek","legacy-uz","legacy","1"
"dreams_batch_35.json","Русский","трата","legacy","1"
"dreams_batch_35.json","English","legacy-en","legacy","1"
"dreams_batch_35.json","O'zbek","legacy-uz","legacy","1"
"dreams_batch_35.json","Русский","траур","legacy","1"
"dreams_batch_35.json","English","legacy-en","legacy","1"
"dreams_batch_35.json","O'zbek","legacy-uz","legacy","1"
"dreams_batch_35.json","Русский","трафарет","legacy","1"
"dreams_batch_35.json","English","legacy-en","legacy","1"
"dreams_batch_35.json","O'zbek","legacy-uz","legacy","1"
"dreams_batch_35.json","Русский","тревога","legacy","1"
"dreams_batch_35.json","English","legacy-en","legacy","1"
"dreams_batch_35.json","O'zbek","legacy-uz","legacy","1"
"dreams_batch_35.json","Русский","трезубец","legacy","1"
"dreams_batch_35.json","English","legacy-en","legacy","1"
"dreams_batch_35.json","O'zbek","legacy-uz","legacy","1"
"dreams_batch_35.json","Русский","трель","legacy","1"
"dreams_batch_35.json","English","legacy-en","legacy","1"
"dreams_batch_35.json","O'zbek","legacy-uz","legacy","1"
"dreams_batch_35.json","Русский","тренер","legacy","1"
"dreams_batch_35.json","English","legacy-en","legacy","1"
"dreams_batch_35.json","O'zbek","legacy-uz","legacy","1"
"dreams_batch_35.json","Русский","тренировка","legacy","1"
"dreams_batch_35.json","English","legacy-en","legacy","1"
"dreams_batch_35.json","O'zbek","legacy-uz","legacy","1"
"dreams_batch_35.json","Русский","трепет","legacy","1"
"dreams_batch_35.json","English","legacy-en","legacy","1"
"dreams_batch_35.json","O'zbek","legacy-uz","legacy","1"
"dreams_batch_35.json","Русский","треск","legacy","1"
"dreams_batch_35.json","English","legacy-en","legacy","1"
"dreams_batch_35.json","O'zbek","legacy-uz","legacy","1"
"dreams_batch_35.json","Русский","трещина","legacy","1"
"dreams_batch_35.json","English","legacy-en","legacy","1"
"dreams_batch_35.json","O'zbek","legacy-uz","legacy","1"
"dreams_batch_35.json","Русский","трибуна","legacy","1"
"dreams_batch_35.json","English","legacy-en","legacy","1"
"dreams_batch_35.json","O'zbek","legacy-uz","legacy","1"
"dreams_batch_35.json","Русский","триумф","legacy","1"
"dreams_batch_35.json","English","legacy-en","legacy","1"
"dreams_batch_35.json","O'zbek","legacy-uz","legacy","1"
"dreams_batch_35.json","Русский","троллейбус","legacy","1"
"dreams_batch_35.json","English","legacy-en","legacy","1"
"dreams_batch_35.json","O'zbek","legacy-uz","legacy","1"
"dreams_batch_35.json","Русский","трон","legacy","1"
"dreams_batch_35.json","English","legacy-en","legacy","1"
"dreams_batch_35.json","O'zbek","legacy-uz","legacy","1"
"dreams_batch_35.json","Русский","тропа","legacy","1"
"dreams_batch_35.json","English","legacy-en","legacy","1"
"dreams_batch_35.json","O'zbek","legacy-uz","legacy","1"
"dreams_batch_35.json","Русский","трость","legacy","1"
"dreams_batch_35.json","English","legacy-en","legacy","1"
"dreams_batch_35.json","O'zbek","legacy-uz","legacy","1"
"dreams_batch_35.json","Русский","тротуар","legacy","1"
"dreams_batch_35.json","English","legacy-en","legacy","1"
"dreams_batch_35.json","O'zbek","legacy-uz","legacy","1"
"dreams_batch_35.json","Русский","трофей","legacy","1"
"dreams_batch_35.json","English","legacy-en","legacy","1"
"dreams_batch_35.json","O'zbek","legacy-uz","legacy","1"
"dreams_batch_35.json","Русский","труба","legacy","1"
"dreams_batch_35.json","English","legacy-en","legacy","1"
"dreams_batch_35.json","O'zbek","legacy-uz","legacy","1"
"dreams_batch_35.json","Русский","трубач","legacy","1"
"dreams_batch_35.json","English","legacy-en","legacy","1"
"dreams_batch_35.json","O'zbek","legacy-uz","legacy","1"
"dreams_batch_35.json","Русский","трубка","legacy","1"
"dreams_batch_35.json","English","legacy-en","legacy","1"
"dreams_batch_35.json","O'zbek","legacy-uz","legacy","1"
"dreams_batch_35.json","Русский","труд","legacy","1"
"dreams_batch_35.json","English","legacy-en","legacy","1"
"dreams_batch_35.json","O'zbek","legacy-uz","legacy","1"
"dreams_batch_35.json","Русский","трудность","legacy","1"
"dreams_batch_35.json","English","legacy-en","legacy","1"
"dreams_batch_35.json","O'zbek","legacy-uz","legacy","1"
"dreams_batch_35.json","Русский","трудолюбие","legacy","1"
"dreams_batch_35.json","English","legacy-en","legacy","1"
"dreams_batch_35.json","O'zbek","legacy-uz","legacy","1"
"dreams_batch_35.json","Русский","труп","legacy","1"
"dreams_batch_35.json","English","legacy-en","legacy","1"
"dreams_batch_35.json","O'zbek","legacy-uz","legacy","1"
"dreams_batch_35.json","Русский","трус","legacy","1"
"dreams_batch_35.json","English","legacy-en","legacy","1"
"dreams_batch_35.json","O'zbek","legacy-uz","legacy","1"
"dreams_batch_35.json","Русский","трусость","legacy","1"
"dreams_batch_35.json","English","legacy-en","legacy","1"
"dreams_batch_35.json","O'zbek","legacy-uz","legacy","1"
"dreams_batch_35.json","Русский","трюк","legacy","1"
"dreams_batch_35.json","English","legacy-en","legacy","1"
"dreams_batch_35.json","O'zbek","legacy-uz","legacy","1"
"dreams_batch_35.json","Русский","трюм","legacy","1"
"dreams_batch_35.json","English","legacy-en","legacy","1"
"dreams_batch_35.json","O'zbek","legacy-uz","legacy","1"
"dreams_batch_35.json","Русский","тряпка","legacy","1"
"dreams_batch_35.json","English","legacy-en","legacy","1"
"dreams_batch_35.json","O'zbek","legacy-uz","legacy","1"
"dreams_batch_35.json","Русский","трясина","legacy","1"
"dreams_batch_35.json","English","legacy-en","legacy","1"
"dreams_batch_35.json","O'zbek","legacy-uz","legacy","1"
"dreams_batch_35.json","Русский","туалет","legacy","1"
"dreams_batch_35.json","English","legacy-en","legacy","1"
"dreams_batch_35.json","O'zbek","legacy-uz","legacy","1"
"dreams_batch_35.json","Русский","туман","legacy","1"
"dreams_batch_35.json","English","legacy-en","legacy","1"
"dreams_batch_35.json","O'zbek","legacy-uz","legacy","1"
"dreams_batch_35.json","Русский","тумбочка","legacy","1"
"dreams_batch_35.json","English","legacy-en","legacy","1"
"dreams_batch_35.json","O'zbek","legacy-uz","legacy","1"
"dreams_batch_35.json","Русский","тунеядец","legacy","1"
"dreams_batch_35.json","English","legacy-en","legacy","1"
"dreams_batch_35.json","O'zbek","legacy-uz","legacy","1"
"dreams_batch_35.json","Русский","тупик","legacy","1"
"dreams_batch_35.json","English","legacy-en","legacy","1"
"dreams_batch_35.json","O'zbek","legacy-uz","legacy","1"
"dreams_batch_35.json","Русский","тур","legacy","1"
"dreams_batch_35.json","English","legacy-en","legacy","1"
"dreams_batch_35.json","O'zbek","legacy-uz","legacy","1"
"dreams_batch_35.json","Русский","турбина","legacy","1"
"dreams_batch_35.json","English","legacy-en","legacy","1"
"dreams_batch_35.json","O'zbek","legacy-uz","legacy","1"
"dreams_batch_35.json","Русский","турнир","legacy","1"
"dreams_batch_35.json","English","legacy-en","legacy","1"
"dreams_batch_35.json","O'zbek","legacy-uz","legacy","1"
"dreams_batch_35.json","Русский","тусовка","legacy","1"
"dreams_batch_35.json","English","legacy-en","legacy","1"
"dreams_batch_35.json","O'zbek","legacy-uz","legacy","1"
"dreams_batch_35.json","Русский","туфли","legacy","1"
"dreams_batch_35.json","English","legacy-en","legacy","1"
"dreams_batch_35.json","O'zbek","legacy-uz","legacy","1"
"dreams_batch_35.json","Русский","туча","legacy","1"
"dreams_batch_35.json","English","legacy-en","legacy","1"
"dreams_batch_35.json","O'zbek","legacy-uz","legacy","1"
"dreams_batch_35.json","Русский","туша","legacy","1"
"dreams_batch_35.json","English","legacy-en","legacy","1"
"dreams_batch_35.json","O'zbek","legacy-uz","legacy","1"
"dreams_batch_35.json","Русский","тушь","legacy","1"
"dreams_batch_35.json","English","legacy-en","legacy","1"
"dreams_batch_35.json","O'zbek","legacy-uz","legacy","1"
"dreams_batch_35.json","Русский","тыква","legacy","1"
"dreams_batch_35.json","English","legacy-en","legacy","1"
"dreams_batch_35.json","O'zbek","legacy-uz","legacy","1"
"dreams_batch_35.json","Русский","тыл","legacy","1"
"dreams_batch_35.json","English","legacy-en","legacy","1"
"dreams_batch_35.json","O'zbek","legacy-uz","legacy","1"
"dreams_batch_35.json","Русский","тысяча","legacy","1"
"dreams_batch_35.json","English","legacy-en","legacy","1"
"dreams_batch_35.json","O'zbek","legacy-uz","legacy","1"
"dreams_batch_35.json","Русский","тьма","legacy","1"
"dreams_batch_35.json","English","legacy-en","legacy","1"
"dreams_batch_35.json","O'zbek","legacy-uz","legacy","1"
"dreams_batch_35.json","Русский","тюбик","legacy","1"
"dreams_batch_35.json","English","legacy-en","legacy","1"
"dreams_batch_35.json","O'zbek","legacy-uz","legacy","1"
"dreams_batch_35.json","Русский","тюк","legacy","1"
"dreams_batch_35.json","English","legacy-en","legacy","1"
"dreams_batch_35.json","O'zbek","legacy-uz","legacy","1"
"dreams_batch_35.json","Русский","тюль","legacy","1"
"dreams_batch_35.json","English","legacy-en","legacy","1"
"dreams_batch_35.json","O'zbek","legacy-uz","legacy","1"
"dreams_batch_35.json","Русский","тюльпан","legacy","1"
"dreams_batch_35.json","English","legacy-en","legacy","1"
"dreams_batch_35.json","O'zbek","legacy-uz","legacy","1"
"dreams_batch_35.json","Русский","тюрьма","legacy","1"
"dreams_batch_35.json","English","legacy-en","legacy","1"
"dreams_batch_35.json","O'zbek","legacy-uz","legacy","1"
"dreams_batch_35.json","Русский","тяга","legacy","1"
"dreams_batch_35.json","English","legacy-en","legacy","1"
"dreams_batch_35.json","O'zbek","legacy-uz","legacy","1"
"dreams_batch_35.json","Русский","тягость","legacy","1"
"dreams_batch_35.json","English","legacy-en","legacy","1"
"dreams_batch_35.json","O'zbek","legacy-uz","legacy","1"
"dreams_batch_35.json","Русский","тяжба","legacy","1"
"dreams_batch_35.json","English","legacy-en","legacy","1"
"dreams_batch_35.json","O'zbek","legacy-uz","legacy","1"
"dreams_batch_35.json","Русский","убеждение","legacy","1"
"dreams_batch_35.json","English","legacy-en","legacy","1"
"dreams_batch_35.json","O'zbek","legacy-uz","legacy","1"
"dreams_batch_35.json","Русский","убежище","legacy","1"
"dreams_batch_35.json","English","legacy-en","legacy","1"
"dreams_batch_35.json","O'zbek","legacy-uz","legacy","1"
"dreams_batch_35.json","Русский","убийство","legacy","1"
"dreams_batch_35.json","English","legacy-en","legacy","1"
"dreams_batch_35.json","O'zbek","legacy-uz","legacy","1"
"dreams_batch_35.json","Русский","уборка","legacy","1"
"dreams_batch_35.json","English","legacy-en","legacy","1"
"dreams_batch_35.json","O'zbek","legacy-uz","legacy","1"
"dreams_batch_35.json","Русский","убыток","legacy","1"
"dreams_batch_35.json","English","legacy-en","legacy","1"
"dreams_batch_35.json","O'zbek","legacy-uz","legacy","1"
"dreams_batch_35.json","Русский","уважение","legacy","1"
"dreams_batch_35.json","English","legacy-en","legacy","1"
"dreams_batch_35.json","O'zbek","legacy-uz","legacy","1"
"dreams_batch_35.json","Русский","уведомление","legacy","1"
"dreams_batch_35.json","English","legacy-en","legacy","1"
"dreams_batch_35.json","O'zbek","legacy-uz","legacy","1"
"dreams_batch_36.json","Русский","уверенность","legacy","1"
"dreams_batch_36.json","English","legacy-en","legacy","1"
"dreams_batch_36.json","O'zbek","legacy-uz","legacy","1"
"dreams_batch_36.json","Русский","увлечение","legacy","1"
"dreams_batch_36.json","English","legacy-en","legacy","1"
"dreams_batch_36.json","O'zbek","legacy-uz","legacy","1"
"dreams_batch_36.json","Русский","увольнение","legacy","1"
"dreams_batch_36.json","English","legacy-en","legacy","1"
"dreams_batch_36.json","O'zbek","legacy-uz","legacy","1"
"dreams_batch_36.json","Русский","угасание","legacy","1"
"dreams_batch_36.json","English","legacy-en","legacy","1"
"dreams_batch_36.json","O'zbek","legacy-uz","legacy","1"
"dreams_batch_36.json","Русский","углерод","legacy","1"
"dreams_batch_36.json","English","legacy-en","legacy","1"
"dreams_batch_36.json","O'zbek","legacy-uz","legacy","1"
"dreams_batch_36.json","Русский","уголок","legacy","1"
"dreams_batch_36.json","English","legacy-en","legacy","1"
"dreams_batch_36.json","O'zbek","legacy-uz","legacy","1"
"dreams_batch_36.json","Русский","уголь","legacy","1"
"dreams_batch_36.json","English","legacy-en","legacy","1"
"dreams_batch_36.json","O'zbek","legacy-uz","legacy","1"
"dreams_batch_36.json","Русский","угон","legacy","1"
"dreams_batch_36.json","English","legacy-en","legacy","1"
"dreams_batch_36.json","O'zbek","legacy-uz","legacy","1"
"dreams_batch_36.json","Русский","угощение","legacy","1"
"dreams_batch_36.json","English","legacy-en","legacy","1"
"dreams_batch_36.json","O'zbek","legacy-uz","legacy","1"
"dreams_batch_36.json","Русский","удавка","legacy","1"
"dreams_batch_36.json","English","legacy-en","legacy","1"
"dreams_batch_36.json","O'zbek","legacy-uz","legacy","1"
"dreams_batch_36.json","Русский","удар","legacy","1"
"dreams_batch_36.json","English","legacy-en","legacy","1"
"dreams_batch_36.json","O'zbek","legacy-uz","legacy","1"
"dreams_batch_36.json","Русский","удача","legacy","1"
"dreams_batch_36.json","English","legacy-en","legacy","1"
"dreams_batch_36.json","O'zbek","legacy-uz","legacy","1"
"dreams_batch_36.json","Русский","удел","legacy","1"
"dreams_batch_36.json","English","legacy-en","legacy","1"
"dreams_batch_36.json","O'zbek","legacy-uz","legacy","1"
"dreams_batch_36.json","Русский","удивление","legacy","1"
"dreams_batch_36.json","English","legacy-en","legacy","1"
"dreams_batch_36.json","O'zbek","legacy-uz","legacy","1"
"dreams_batch_36.json","Русский","удочка","legacy","1"
"dreams_batch_36.json","English","legacy-en","legacy","1"
"dreams_batch_36.json","O'zbek","legacy-uz","legacy","1"
"dreams_batch_36.json","Русский","удушье","legacy","1"
"dreams_batch_36.json","English","legacy-en","legacy","1"
"dreams_batch_36.json","O'zbek","legacy-uz","legacy","1"
"dreams_batch_36.json","Русский","ужас","legacy","1"
"dreams_batch_36.json","English","legacy-en","legacy","1"
"dreams_batch_36.json","O'zbek","legacy-uz","legacy","1"
"dreams_batch_36.json","Русский","ужин","legacy","1"
"dreams_batch_36.json","English","legacy-en","legacy","1"
"dreams_batch_36.json","O'zbek","legacy-uz","legacy","1"
"dreams_batch_36.json","Русский","узел","legacy","1"
"dreams_batch_36.json","English","legacy-en","legacy","1"
"dreams_batch_36.json","O'zbek","legacy-uz","legacy","1"
"dreams_batch_36.json","Русский","указ","legacy","1"
"dreams_batch_36.json","English","legacy-en","legacy","1"
"dreams_batch_36.json","O'zbek","legacy-uz","legacy","1"
"dreams_batch_36.json","Русский","укрытие","legacy","1"
"dreams_batch_36.json","English","legacy-en","legacy","1"
"dreams_batch_36.json","O'zbek","legacy-uz","legacy","1"
"dreams_batch_36.json","Русский","уксус","legacy","1"
"dreams_batch_36.json","English","legacy-en","legacy","1"
"dreams_batch_36.json","O'zbek","legacy-uz","legacy","1"
"dreams_batch_36.json","Русский","улей","legacy","1"
"dreams_batch_36.json","English","legacy-en","legacy","1"
"dreams_batch_36.json","O'zbek","legacy-uz","legacy","1"
"dreams_batch_36.json","Русский","улика","legacy","1"
"dreams_batch_36.json","English","legacy-en","legacy","1"
"dreams_batch_36.json","O'zbek","legacy-uz","legacy","1"
"dreams_batch_36.json","Русский","улитка","legacy","1"
"dreams_batch_36.json","English","legacy-en","legacy","1"
"dreams_batch_36.json","O'zbek","legacy-uz","legacy","1"
"dreams_batch_36.json","Русский","улица","legacy","1"
"dreams_batch_36.json","English","legacy-en","legacy","1"
"dreams_batch_36.json","O'zbek","legacy-uz","legacy","1"
"dreams_batch_36.json","Русский","улов","legacy","1"
"dreams_batch_36.json","English","legacy-en","legacy","1"
"dreams_batch_36.json","O'zbek","legacy-uz","legacy","1"
"dreams_batch_36.json","Русский","улыбка","legacy","1"
"dreams_batch_36.json","English","legacy-en","legacy","1"
"dreams_batch_36.json","O'zbek","legacy-uz","legacy","1"
"dreams_batch_36.json","Русский","улыбчивость","legacy","1"
"dreams_batch_36.json","English","legacy-en","legacy","1"
"dreams_batch_36.json","O'zbek","legacy-uz","legacy","1"
"dreams_batch_36.json","Русский","ультиматум","legacy","1"
"dreams_batch_36.json","English","legacy-en","legacy","1"
"dreams_batch_36.json","O'zbek","legacy-uz","legacy","1"
"dreams_batch_36.json","Русский","ультрафиолет","legacy","1"
"dreams_batch_36.json","English","legacy-en","legacy","1"
"dreams_batch_36.json","O'zbek","legacy-uz","legacy","1"
"dreams_batch_36.json","Русский","ум","legacy","1"
"dreams_batch_36.json","English","legacy-en","legacy","1"
"dreams_batch_36.json","O'zbek","legacy-uz","legacy","1"
"dreams_batch_36.json","Русский","умение","legacy","1"
"dreams_batch_36.json","English","legacy-en","legacy","1"
"dreams_batch_36.json","O'zbek","legacy-uz","legacy","1"
"dreams_batch_36.json","Русский","умывальник","legacy","1"
"dreams_batch_36.json","English","legacy-en","legacy","1"
"dreams_batch_36.json","O'zbek","legacy-uz","legacy","1"
"dreams_batch_36.json","Русский","уныние","legacy","1"
"dreams_batch_36.json","English","legacy-en","legacy","1"
"dreams_batch_36.json","O'zbek","legacy-uz","legacy","1"
"dreams_batch_36.json","Русский","уравнение","legacy","1"
"dreams_batch_36.json","English","legacy-en","legacy","1"
"dreams_batch_36.json","O'zbek","legacy-uz","legacy","1"
"dreams_batch_36.json","Русский","ураган","legacy","1"
"dreams_batch_36.json","English","legacy-en","legacy","1"
"dreams_batch_36.json","O'zbek","legacy-uz","legacy","1"
"dreams_batch_36.json","Русский","уран","legacy","1"
"dreams_batch_36.json","English","legacy-en","legacy","1"
"dreams_batch_36.json","O'zbek","legacy-uz","legacy","1"
"dreams_batch_36.json","Русский","урна","legacy","1"
"dreams_batch_36.json","English","legacy-en","legacy","1"
"dreams_batch_36.json","O'zbek","legacy-uz","legacy","1"
"dreams_batch_36.json","Русский","урожай","legacy","1"
"dreams_batch_36.json","English","legacy-en","legacy","1"
"dreams_batch_36.json","O'zbek","legacy-uz","legacy","1"
"dreams_batch_36.json","Русский","урок","legacy","1"
"dreams_batch_36.json","English","legacy-en","legacy","1"
"dreams_batch_36.json","O'zbek","legacy-uz","legacy","1"
"dreams_batch_36.json","Русский","усадьба","legacy","1"
"dreams_batch_36.json","English","legacy-en","legacy","1"
"dreams_batch_36.json","O'zbek","legacy-uz","legacy","1"
"dreams_batch_36.json","Русский","усердие","legacy","1"
"dreams_batch_36.json","English","legacy-en","legacy","1"
"dreams_batch_36.json","O'zbek","legacy-uz","legacy","1"
"dreams_batch_36.json","Русский","успех","legacy","1"
"dreams_batch_36.json","English","legacy-en","legacy","1"
"dreams_batch_36.json","O'zbek","legacy-uz","legacy","1"
"dreams_batch_36.json","Русский","устав","legacy","1"
"dreams_batch_36.json","English","legacy-en","legacy","1"
"dreams_batch_36.json","O'zbek","legacy-uz","legacy","1"
"dreams_batch_36.json","Русский","установка","legacy","1"
"dreams_batch_36.json","English","legacy-en","legacy","1"
"dreams_batch_36.json","O'zbek","legacy-uz","legacy","1"
"dreams_batch_36.json","Русский","устойчивость","legacy","1"
"dreams_batch_36.json","English","legacy-en","legacy","1"
"dreams_batch_36.json","O'zbek","legacy-uz","legacy","1"
"dreams_batch_36.json","Русский","устройство","legacy","1"
"dreams_batch_36.json","English","legacy-en","legacy","1"
"dreams_batch_36.json","O'zbek","legacy-uz","legacy","1"
"dreams_batch_36.json","Русский","уступка","legacy","1"
"dreams_batch_36.json","English","legacy-en","legacy","1"
"dreams_batch_36.json","O'zbek","legacy-uz","legacy","1"
"dreams_batch_36.json","Русский","устье","legacy","1"
"dreams_batch_36.json","English","legacy-en","legacy","1"
"dreams_batch_36.json","O'zbek","legacy-uz","legacy","1"
"dreams_batch_36.json","Русский","утешение","legacy","1"
"dreams_batch_36.json","English","legacy-en","legacy","1"
"dreams_batch_36.json","O'zbek","legacy-uz","legacy","1"
"dreams_batch_36.json","Русский","утка","legacy","1"
"dreams_batch_36.json","English","legacy-en","legacy","1"
"dreams_batch_36.json","O'zbek","legacy-uz","legacy","1"
"dreams_batch_36.json","Русский","утро","legacy","1"
"dreams_batch_36.json","English","legacy-en","legacy","1"
"dreams_batch_36.json","O'zbek","legacy-uz","legacy","1"
"dreams_batch_36.json","Русский","ухо","legacy","1"
"dreams_batch_36.json","English","legacy-en","legacy","1"
"dreams_batch_36.json","O'zbek","legacy-uz","legacy","1"
"dreams_batch_36.json","Русский","уход","legacy","1"
"dreams_batch_36.json","English","legacy-en","legacy","1"
"dreams_batch_36.json","O'zbek","legacy-uz","legacy","1"
"dreams_batch_36.json","Русский","учебник","legacy","1"
"dreams_batch_36.json","English","legacy-en","legacy","1"
"dreams_batch_36.json","O'zbek","legacy-uz","legacy","1"
"dreams_batch_36.json","Русский","учение","legacy","1"
"dreams_batch_36.json","English","legacy-en","legacy","1"
"dreams_batch_36.json","O'zbek","legacy-uz","legacy","1"
"dreams_batch_36.json","Русский","ученик","legacy","1"
"dreams_batch_36.json","English","legacy-en","legacy","1"
"dreams_batch_36.json","O'zbek","legacy-uz","legacy","1"
"dreams_batch_36.json","Русский","учитель","legacy","1"
"dreams_batch_36.json","English","legacy-en","legacy","1"
"dreams_batch_36.json","O'zbek","legacy-uz","legacy","1"
"dreams_batch_36.json","Русский","учреждение","legacy","1"
"dreams_batch_36.json","English","legacy-en","legacy","1"
"dreams_batch_36.json","O'zbek","legacy-uz","legacy","1"
"dreams_batch_36.json","Русский","ущелье","legacy","1"
"dreams_batch_36.json","English","legacy-en","legacy","1"
"dreams_batch_36.json","O'zbek","legacy-uz","legacy","1"
"dreams_batch_36.json","Русский","уют","legacy","1"
"dreams_batch_36.json","English","legacy-en","legacy","1"
"dreams_batch_36.json","O'zbek","legacy-uz","legacy","1"
"dreams_batch_36.json","Русский","фабрика","legacy","1"
"dreams_batch_36.json","English","legacy-en","legacy","1"
"dreams_batch_36.json","O'zbek","legacy-uz","legacy","1"
"dreams_batch_36.json","Русский","фаворит","legacy","1"
"dreams_batch_36.json","English","legacy-en","legacy","1"
"dreams_batch_36.json","O'zbek","legacy-uz","legacy","1"
"dreams_batch_36.json","Русский","фазан","legacy","1"
"dreams_batch_36.json","English","legacy-en","legacy","1"
"dreams_batch_36.json","O'zbek","legacy-uz","legacy","1"
"dreams_batch_36.json","Русский","фазенда","legacy","1"
"dreams_batch_36.json","English","legacy-en","legacy","1"
"dreams_batch_36.json","O'zbek","legacy-uz","legacy","1"
"dreams_batch_36.json","Русский","факел","legacy","1"
"dreams_batch_36.json","English","legacy-en","legacy","1"
"dreams_batch_36.json","O'zbek","legacy-uz","legacy","1"
"dreams_batch_36.json","Русский","факт","legacy","1"
"dreams_batch_36.json","English","legacy-en","legacy","1"
"dreams_batch_36.json","O'zbek","legacy-uz","legacy","1"
"dreams_batch_36.json","Русский","факультет","legacy","1"
"dreams_batch_36.json","English","legacy-en","legacy","1"
"dreams_batch_36.json","O'zbek","legacy-uz","legacy","1"
"dreams_batch_36.json","Русский","фальшь","legacy","1"
"dreams_batch_36.json","English","legacy-en","legacy","1"
"dreams_batch_36.json","O'zbek","legacy-uz","legacy","1"
"dreams_batch_36.json","Русский","фамилия","legacy","1"
"dreams_batch_36.json","English","legacy-en","legacy","1"
"dreams_batch_36.json","O'zbek","legacy-uz","legacy","1"
"dreams_batch_36.json","Русский","фанат","legacy","1"
"dreams_batch_36.json","English","legacy-en","legacy","1"
"dreams_batch_36.json","O'zbek","legacy-uz","legacy","1"
"dreams_batch_36.json","Русский","фанатизм","legacy","1"
"dreams_batch_36.json","English","legacy-en","legacy","1"
"dreams_batch_36.json","O'zbek","legacy-uz","legacy","1"
"dreams_batch_36.json","Русский","фантазия","legacy","1"
"dreams_batch_36.json","English","legacy-en","legacy","1"
"dreams_batch_36.json","O'zbek","legacy-uz","legacy","1"
"dreams_batch_36.json","Русский","фантик","legacy","1"
"dreams_batch_36.json","English","legacy-en","legacy","1"
"dreams_batch_36.json","O'zbek","legacy-uz","legacy","1"
"dreams_batch_36.json","Русский","фара","legacy","1"
"dreams_batch_36.json","English","legacy-en","legacy","1"
"dreams_batch_36.json","O'zbek","legacy-uz","legacy","1"
"dreams_batch_36.json","Русский","фараон","legacy","1"
"dreams_batch_36.json","English","legacy-en","legacy","1"
"dreams_batch_36.json","O'zbek","legacy-uz","legacy","1"
"dreams_batch_36.json","Русский","фартук","legacy","1"
"dreams_batch_36.json","English","legacy-en","legacy","1"
"dreams_batch_36.json","O'zbek","legacy-uz","legacy","1"
"dreams_batch_36.json","Русский","фарфор","legacy","1"
"dreams_batch_36.json","English","legacy-en","legacy","1"
"dreams_batch_36.json","O'zbek","legacy-uz","legacy","1"
"dreams_batch_36.json","Русский","фасад","legacy","1"
"dreams_batch_36.json","English","legacy-en","legacy","1"
"dreams_batch_36.json","O'zbek","legacy-uz","legacy","1"
"dreams_batch_36.json","Русский","фасоль","legacy","1"
"dreams_batch_36.json","English","legacy-en","legacy","1"
"dreams_batch_36.json","O'zbek","legacy-uz","legacy","1"
"dreams_batch_36.json","Русский","фасон","legacy","1"
"dreams_batch_36.json","English","legacy-en","legacy","1"
"dreams_batch_36.json","O'zbek","legacy-uz","legacy","1"
"dreams_batch_36.json","Русский","фата","legacy","1"
"dreams_batch_36.json","English","legacy-en","legacy","1"
"dreams_batch_36.json","O'zbek","legacy-uz","legacy","1"
"dreams_batch_36.json","Русский","фатализм","legacy","1"
"dreams_batch_36.json","English","legacy-en","legacy","1"
"dreams_batch_36.json","O'zbek","legacy-uz","legacy","1"
"dreams_batch_36.json","Русский","фауна","legacy","1"
"dreams_batch_36.json","English","legacy-en","legacy","1"
"dreams_batch_36.json","O'zbek","legacy-uz","legacy","1"
"dreams_batch_36.json","Русский","февраль","legacy","1"
"dreams_batch_36.json","English","legacy-en","legacy","1"
"dreams_batch_36.json","O'zbek","legacy-uz","legacy","1"
"dreams_batch_36.json","Русский","феерия","legacy","1"
"dreams_batch_36.json","English","legacy-en","legacy","1"
"dreams_batch_36.json","O'zbek","legacy-uz","legacy","1"
"dreams_batch_36.json","Русский","фельдшер","legacy","1"
"dreams_batch_36.json","English","legacy-en","legacy","1"
"dreams_batch_36.json","O'zbek","legacy-uz","legacy","1"
"dreams_batch_36.json","Русский","фельетон","legacy","1"
"dreams_batch_36.json","English","legacy-en","legacy","1"
"dreams_batch_36.json","O'zbek","legacy-uz","legacy","1"
"dreams_batch_36.json","Русский","ферма","legacy","1"
"dreams_batch_36.json","English","legacy-en","legacy","1"
"dreams_batch_36.json","O'zbek","legacy-uz","legacy","1"
"dreams_batch_36.json","Русский","фермер","legacy","1"
"dreams_batch_36.json","English","legacy-en","legacy","1"
"dreams_batch_36.json","O'zbek","legacy-uz","legacy","1"
"dreams_batch_36.json","Русский","фестиваль","legacy","1"
"dreams_batch_36.json","English","legacy-en","legacy","1"
"dreams_batch_36.json","O'zbek","legacy-uz","legacy","1"
"dreams_batch_36.json","Русский","фетиш","legacy","1"
"dreams_batch_36.json","English","legacy-en","legacy","1"
"dreams_batch_36.json","O'zbek","legacy-uz","legacy","1"
"dreams_batch_36.json","Русский","фея","legacy","1"
"dreams_batch_36.json","English","legacy-en","legacy","1"
"dreams_batch_36.json","O'zbek","legacy-uz","legacy","1"
"dreams_batch_36.json","Русский","фиалка","legacy","1"
"dreams_batch_36.json","English","legacy-en","legacy","1"
"dreams_batch_36.json","O'zbek","legacy-uz","legacy","1"
"dreams_batch_36.json","Русский","фигура","legacy","1"
"dreams_batch_36.json","English","legacy-en","legacy","1"
"dreams_batch_36.json","O'zbek","legacy-uz","legacy","1"
"dreams_batch_36.json","Русский","фикус","legacy","1"
"dreams_batch_36.json","English","legacy-en","legacy","1"
"dreams_batch_36.json","O'zbek","legacy-uz","legacy","1"
"dreams_batch_36.json","Русский","филиал","legacy","1"
"dreams_batch_36.json","English","legacy-en","legacy","1"
"dreams_batch_36.json","O'zbek","legacy-uz","legacy","1"
"dreams_batch_36.json","Русский","фильм","legacy","1"
"dreams_batch_36.json","English","legacy-en","legacy","1"
"dreams_batch_36.json","O'zbek","legacy-uz","legacy","1"
"dreams_batch_36.json","Русский","финал","legacy","1"
"dreams_batch_36.json","English","legacy-en","legacy","1"
"dreams_batch_36.json","O'zbek","legacy-uz","legacy","1"
"dreams_batch_37.json","Русский","финансы","legacy","1"
"dreams_batch_37.json","English","legacy-en","legacy","1"
"dreams_batch_37.json","O'zbek","legacy-uz","legacy","1"
"dreams_batch_37.json","Русский","финиш","legacy","1"
"dreams_batch_37.json","English","legacy-en","legacy","1"
"dreams_batch_37.json","O'zbek","legacy-uz","legacy","1"
"dreams_batch_37.json","Русский","фирма","legacy","1"
"dreams_batch_37.json","English","legacy-en","legacy","1"
"dreams_batch_37.json","O'zbek","legacy-uz","legacy","1"
"dreams_batch_37.json","Русский","фисташки","legacy","1"
"dreams_batch_37.json","English","legacy-en","legacy","1"
"dreams_batch_37.json","O'zbek","legacy-uz","legacy","1"
"dreams_batch_37.json","Русский","фитиль","legacy","1"
"dreams_batch_37.json","English","legacy-en","legacy","1"
"dreams_batch_37.json","O'zbek","legacy-uz","legacy","1"
"dreams_batch_37.json","Русский","флаг","legacy","1"
"dreams_batch_37.json","English","legacy-en","legacy","1"
"dreams_batch_37.json","O'zbek","legacy-uz","legacy","1"
"dreams_batch_37.json","Русский","флакон","legacy","1"
"dreams_batch_37.json","English","legacy-en","legacy","1"
"dreams_batch_37.json","O'zbek","legacy-uz","legacy","1"
"dreams_batch_37.json","Русский","фламинго","legacy","1"
"dreams_batch_37.json","English","legacy-en","legacy","1"
"dreams_batch_37.json","O'zbek","legacy-uz","legacy","1"
"dreams_batch_37.json","Русский","фланг","legacy","1"
"dreams_batch_37.json","English","legacy-en","legacy","1"
"dreams_batch_37.json","O'zbek","legacy-uz","legacy","1"
"dreams_batch_37.json","Русский","флейта","legacy","1"
"dreams_batch_37.json","English","legacy-en","legacy","1"
"dreams_batch_37.json","O'zbek","legacy-uz","legacy","1"
"dreams_batch_37.json","Русский","флот","legacy","1"
"dreams_batch_37.json","English","legacy-en","legacy","1"
"dreams_batch_37.json","O'zbek","legacy-uz","legacy","1"
"dreams_batch_37.json","Русский","фокус","legacy","1"
"dreams_batch_37.json","English","legacy-en","legacy","1"
"dreams_batch_37.json","O'zbek","legacy-uz","legacy","1"
"dreams_batch_37.json","Русский","фон","legacy","1"
"dreams_batch_37.json","English","legacy-en","legacy","1"
"dreams_batch_37.json","O'zbek","legacy-uz","legacy","1"
"dreams_batch_37.json","Русский","фонарь","legacy","1"
"dreams_batch_37.json","English","legacy-en","legacy","1"
"dreams_batch_37.json","O'zbek","legacy-uz","legacy","1"
"dreams_batch_37.json","Русский","фонд","legacy","1"
"dreams_batch_37.json","English","legacy-en","legacy","1"
"dreams_batch_37.json","O'zbek","legacy-uz","legacy","1"
"dreams_batch_37.json","Русский","фонтан","legacy","1"
"dreams_batch_37.json","English","legacy-en","legacy","1"
"dreams_batch_37.json","O'zbek","legacy-uz","legacy","1"
"dreams_batch_37.json","Русский","форма","legacy","1"
"dreams_batch_37.json","English","legacy-en","legacy","1"
"dreams_batch_37.json","O'zbek","legacy-uz","legacy","1"
"dreams_batch_37.json","Русский","формат","legacy","1"
"dreams_batch_37.json","English","legacy-en","legacy","1"
"dreams_batch_37.json","O'zbek","legacy-uz","legacy","1"
"dreams_batch_37.json","Русский","формула","legacy","1"
"dreams_batch_37.json","English","legacy-en","legacy","1"
"dreams_batch_37.json","O'zbek","legacy-uz","legacy","1"
"dreams_batch_37.json","Русский","форточка","legacy","1"
"dreams_batch_37.json","English","legacy-en","legacy","1"
"dreams_batch_37.json","O'zbek","legacy-uz","legacy","1"
"dreams_batch_37.json","Русский","фортуна","legacy","1"
"dreams_batch_37.json","English","legacy-en","legacy","1"
"dreams_batch_37.json","O'zbek","legacy-uz","legacy","1"
"dreams_batch_37.json","Русский","форум","legacy","1"
"dreams_batch_37.json","English","legacy-en","legacy","1"
"dreams_batch_37.json","O'zbek","legacy-uz","legacy","1"
"dreams_batch_37.json","Русский","фотограф","legacy","1"
"dreams_batch_37.json","English","legacy-en","legacy","1"
"dreams_batch_37.json","O'zbek","legacy-uz","legacy","1"
"dreams_batch_37.json","Русский","фотография","legacy","1"
"dreams_batch_37.json","English","legacy-en","legacy","1"
"dreams_batch_37.json","O'zbek","legacy-uz","legacy","1"
"dreams_batch_37.json","Русский","фрагмент","legacy","1"
"dreams_batch_37.json","English","legacy-en","legacy","1"
"dreams_batch_37.json","O'zbek","legacy-uz","legacy","1"
"dreams_batch_37.json","Русский","фраза","legacy","1"
"dreams_batch_37.json","English","legacy-en","legacy","1"
"dreams_batch_37.json","O'zbek","legacy-uz","legacy","1"
"dreams_batch_37.json","Русский","фрукт","legacy","1"
"dreams_batch_37.json","English","legacy-en","legacy","1"
"dreams_batch_37.json","O'zbek","legacy-uz","legacy","1"
"dreams_batch_37.json","Русский","фундамент","legacy","1"
"dreams_batch_37.json","English","legacy-en","legacy","1"
"dreams_batch_37.json","O'zbek","legacy-uz","legacy","1"
"dreams_batch_37.json","Русский","фура","legacy","1"
"dreams_batch_37.json","English","legacy-en","legacy","1"
"dreams_batch_37.json","O'zbek","legacy-uz","legacy","1"
"dreams_batch_37.json","Русский","фурор","legacy","1"
"dreams_batch_37.json","English","legacy-en","legacy","1"
"dreams_batch_37.json","O'zbek","legacy-uz","legacy","1"
"dreams_batch_37.json","Русский","футляр","legacy","1"
"dreams_batch_37.json","English","legacy-en","legacy","1"
"dreams_batch_37.json","O'zbek","legacy-uz","legacy","1"
"dreams_batch_37.json","Русский","халат","legacy","1"
"dreams_batch_37.json","English","legacy-en","legacy","1"
"dreams_batch_37.json","O'zbek","legacy-uz","legacy","1"
"dreams_batch_37.json","Русский","хамелеон","legacy","1"
"dreams_batch_37.json","English","legacy-en","legacy","1"
"dreams_batch_37.json","O'zbek","legacy-uz","legacy","1"
"dreams_batch_37.json","Русский","хаос","legacy","1"
"dreams_batch_37.json","English","legacy-en","legacy","1"
"dreams_batch_37.json","O'zbek","legacy-uz","legacy","1"
"dreams_batch_37.json","Русский","характер","legacy","1"
"dreams_batch_37.json","English","legacy-en","legacy","1"
"dreams_batch_37.json","O'zbek","legacy-uz","legacy","1"
"dreams_batch_37.json","Русский","харизма","legacy","1"
"dreams_batch_37.json","English","legacy-en","legacy","1"
"dreams_batch_37.json","O'zbek","legacy-uz","legacy","1"
"dreams_batch_37.json","Русский","хата","legacy","1"
"dreams_batch_37.json","English","legacy-en","legacy","1"
"dreams_batch_37.json","O'zbek","legacy-uz","legacy","1"
"dreams_batch_37.json","Русский","хвала","legacy","1"
"dreams_batch_37.json","English","legacy-en","legacy","1"
"dreams_batch_37.json","O'zbek","legacy-uz","legacy","1"
"dreams_batch_37.json","Русский","хвост","legacy","1"
"dreams_batch_37.json","English","legacy-en","legacy","1"
"dreams_batch_37.json","O'zbek","legacy-uz","legacy","1"
"dreams_batch_37.json","Русский","хвоя","legacy","1"
"dreams_batch_37.json","English","legacy-en","legacy","1"
"dreams_batch_37.json","O'zbek","legacy-uz","legacy","1"
"dreams_batch_37.json","Русский","хижина","legacy","1"
"dreams_batch_37.json","English","legacy-en","legacy","1"
"dreams_batch_37.json","O'zbek","legacy-uz","legacy","1"
"dreams_batch_37.json","Русский","хирург","legacy","1"
"dreams_batch_37.json","English","legacy-en","legacy","1"
"dreams_batch_37.json","O'zbek","legacy-uz","legacy","1"
"dreams_batch_37.json","Русский","хитрость","legacy","1"
"dreams_batch_37.json","English","legacy-en","legacy","1"
"dreams_batch_37.json","O'zbek","legacy-uz","legacy","1"
"dreams_batch_37.json","Русский","хищник","legacy","1"
"dreams_batch_37.json","English","legacy-en","legacy","1"
"dreams_batch_37.json","O'zbek","legacy-uz","legacy","1"
"dreams_batch_37.json","Русский","хлеб","legacy","1"
"dreams_batch_37.json","English","legacy-en","legacy","1"
"dreams_batch_37.json","O'zbek","legacy-uz","legacy","1"
"dreams_batch_37.json","Русский","хлев","legacy","1"
"dreams_batch_37.json","English","legacy-en","legacy","1"
"dreams_batch_37.json","O'zbek","legacy-uz","legacy","1"
"dreams_batch_37.json","Русский","хлопок","legacy","1"
"dreams_batch_37.json","English","legacy-en","legacy","1"
"dreams_batch_37.json","O'zbek","legacy-uz","legacy","1"
"dreams_batch_37.json","Русский","хлопоты","legacy","1"
"dreams_batch_37.json","English","legacy-en","legacy","1"
"dreams_batch_37.json","O'zbek","legacy-uz","legacy","1"
"dreams_batch_37.json","Русский","хлыст","legacy","1"
"dreams_batch_37.json","English","legacy-en","legacy","1"
"dreams_batch_37.json","O'zbek","legacy-uz","legacy","1"
"dreams_batch_37.json","Русский","хмель","legacy","1"
"dreams_batch_37.json","English","legacy-en","legacy","1"
"dreams_batch_37.json","O'zbek","legacy-uz","legacy","1"
"dreams_batch_37.json","Русский","хмурость","legacy","1"
"dreams_batch_37.json","English","legacy-en","legacy","1"
"dreams_batch_37.json","O'zbek","legacy-uz","legacy","1"
"dreams_batch_37.json","Русский","хозяин","legacy","1"
"dreams_batch_37.json","English","legacy-en","legacy","1"
"dreams_batch_37.json","O'zbek","legacy-uz","legacy","1"
"dreams_batch_37.json","Русский","хозяйство","legacy","1"
"dreams_batch_37.json","English","legacy-en","legacy","1"
"dreams_batch_37.json","O'zbek","legacy-uz","legacy","1"
"dreams_batch_37.json","Русский","холм","legacy","1"
"dreams_batch_37.json","English","legacy-en","legacy","1"
"dreams_batch_37.json","O'zbek","legacy-uz","legacy","1"
"dreams_batch_37.json","Русский","холод","legacy","1"
"dreams_batch_37.json","English","legacy-en","legacy","1"
"dreams_batch_37.json","O'zbek","legacy-uz","legacy","1"
"dreams_batch_37.json","Русский","холодильник","legacy","1"
"dreams_batch_37.json","English","legacy-en","legacy","1"
"dreams_batch_37.json","O'zbek","legacy-uz","legacy","1"
"dreams_batch_37.json","Русский","холст","legacy","1"
"dreams_batch_37.json","English","legacy-en","legacy","1"
"dreams_batch_37.json","O'zbek","legacy-uz","legacy","1"
"dreams_batch_37.json","Русский","хомут","legacy","1"
"dreams_batch_37.json","English","legacy-en","legacy","1"
"dreams_batch_37.json","O'zbek","legacy-uz","legacy","1"
"dreams_batch_37.json","Русский","хомяк","legacy","1"
"dreams_batch_37.json","English","legacy-en","legacy","1"
"dreams_batch_37.json","O'zbek","legacy-uz","legacy","1"
"dreams_batch_37.json","Русский","хор","legacy","1"
"dreams_batch_37.json","English","legacy-en","legacy","1"
"dreams_batch_37.json","O'zbek","legacy-uz","legacy","1"
"dreams_batch_37.json","Русский","хоровод","legacy","1"
"dreams_batch_37.json","English","legacy-en","legacy","1"
"dreams_batch_37.json","O'zbek","legacy-uz","legacy","1"
"dreams_batch_37.json","Русский","хохот","legacy","1"
"dreams_batch_37.json","English","legacy-en","legacy","1"
"dreams_batch_37.json","O'zbek","legacy-uz","legacy","1"
"dreams_batch_37.json","Русский","храбрость","legacy","1"
"dreams_batch_37.json","English","legacy-en","legacy","1"
"dreams_batch_37.json","O'zbek","legacy-uz","legacy","1"
"dreams_batch_37.json","Русский","храм","legacy","1"
"dreams_batch_37.json","English","legacy-en","legacy","1"
"dreams_batch_37.json","O'zbek","legacy-uz","legacy","1"
"dreams_batch_37.json","Русский","хранение","legacy","1"
"dreams_batch_37.json","English","legacy-en","legacy","1"
"dreams_batch_37.json","O'zbek","legacy-uz","legacy","1"
"dreams_batch_37.json","Русский","храп","legacy","1"
"dreams_batch_37.json","English","legacy-en","legacy","1"
"dreams_batch_37.json","O'zbek","legacy-uz","legacy","1"
"dreams_batch_37.json","Русский","хребет","legacy","1"
"dreams_batch_37.json","English","legacy-en","legacy","1"
"dreams_batch_37.json","O'zbek","legacy-uz","legacy","1"
"dreams_batch_37.json","Русский","хруст","legacy","1"
"dreams_batch_37.json","English","legacy-en","legacy","1"
"dreams_batch_37.json","O'zbek","legacy-uz","legacy","1"
"dreams_batch_37.json","Русский","хрусталь","legacy","1"
"dreams_batch_37.json","English","legacy-en","legacy","1"
"dreams_batch_37.json","O'zbek","legacy-uz","legacy","1"
"dreams_batch_37.json","Русский","хутор","legacy","1"
"dreams_batch_37.json","English","legacy-en","legacy","1"
"dreams_batch_37.json","O'zbek","legacy-uz","legacy","1"
"dreams_batch_37.json","Русский","цапля","legacy","1"
"dreams_batch_37.json","English","legacy-en","legacy","1"
"dreams_batch_37.json","O'zbek","legacy-uz","legacy","1"
"dreams_batch_37.json","Русский","царапина","legacy","1"
"dreams_batch_37.json","English","legacy-en","legacy","1"
"dreams_batch_37.json","O'zbek","legacy-uz","legacy","1"
"dreams_batch_37.json","Русский","царство","legacy","1"
"dreams_batch_37.json","English","legacy-en","legacy","1"
"dreams_batch_37.json","O'zbek","legacy-uz","legacy","1"
"dreams_batch_37.json","Русский","царь","legacy","1"
"dreams_batch_37.json","English","legacy-en","legacy","1"
"dreams_batch_37.json","O'zbek","legacy-uz","legacy","1"
"dreams_batch_37.json","Русский","цветение","legacy","1"
"dreams_batch_37.json","English","legacy-en","legacy","1"
"dreams_batch_37.json","O'zbek","legacy-uz","legacy","1"
"dreams_batch_37.json","Русский","цветок","legacy","1"
"dreams_batch_37.json","English","legacy-en","legacy","1"
"dreams_batch_37.json","O'zbek","legacy-uz","legacy","1"
"dreams_batch_37.json","Русский","целина","legacy","1"
"dreams_batch_37.json","English","legacy-en","legacy","1"
"dreams_batch_37.json","O'zbek","legacy-uz","legacy","1"
"dreams_batch_37.json","Русский","целитель","legacy","1"
"dreams_batch_37.json","English","legacy-en","legacy","1"
"dreams_batch_37.json","O'zbek","legacy-uz","legacy","1"
"dreams_batch_37.json","Русский","целостность","legacy","1"
"dreams_batch_37.json","English","legacy-en","legacy","1"
"dreams_batch_37.json","O'zbek","legacy-uz","legacy","1"
"dreams_batch_37.json","Русский","цель","legacy","1"
"dreams_batch_37.json","English","legacy-en","legacy","1"
"dreams_batch_37.json","O'zbek","legacy-uz","legacy","1"
"dreams_batch_37.json","Русский","цемент","legacy","1"
"dreams_batch_37.json","English","legacy-en","legacy","1"
"dreams_batch_37.json","O'zbek","legacy-uz","legacy","1"
"dreams_batch_37.json","Русский","цена","legacy","1"
"dreams_batch_37.json","English","legacy-en","legacy","1"
"dreams_batch_37.json","O'zbek","legacy-uz","legacy","1"
"dreams_batch_37.json","Русский","ценность","legacy","1"
"dreams_batch_37.json","English","legacy-en","legacy","1"
"dreams_batch_37.json","O'zbek","legacy-uz","legacy","1"
"dreams_batch_37.json","Русский","центр","legacy","1"
"dreams_batch_37.json","English","legacy-en","legacy","1"
"dreams_batch_37.json","O'zbek","legacy-uz","legacy","1"
"dreams_batch_37.json","Русский","цепь","legacy","1"
"dreams_batch_37.json","English","legacy-en","legacy","1"
"dreams_batch_37.json","O'zbek","legacy-uz","legacy","1"
"dreams_batch_37.json","Русский","церемония","legacy","1"
"dreams_batch_37.json","English","legacy-en","legacy","1"
"dreams_batch_37.json","O'zbek","legacy-uz","legacy","1"
"dreams_batch_37.json","Русский","церковь","legacy","1"
"dreams_batch_37.json","English","legacy-en","legacy","1"
"dreams_batch_37.json","O'zbek","legacy-uz","legacy","1"
"dreams_batch_37.json","Русский","цех","legacy","1"
"dreams_batch_37.json","English","legacy-en","legacy","1"
"dreams_batch_37.json","O'zbek","legacy-uz","legacy","1"
"dreams_batch_37.json","Русский","цивилизация","legacy","1"
"dreams_batch_37.json","English","legacy-en","legacy","1"
"dreams_batch_37.json","O'zbek","legacy-uz","legacy","1"
"dreams_batch_37.json","Русский","цикл","legacy","1"
"dreams_batch_37.json","English","legacy-en","legacy","1"
"dreams_batch_37.json","O'zbek","legacy-uz","legacy","1"
"dreams_batch_37.json","Русский","цирк","legacy","1"
"dreams_batch_37.json","English","legacy-en","legacy","1"
"dreams_batch_37.json","O'zbek","legacy-uz","legacy","1"
"dreams_batch_37.json","Русский","цитата","legacy","1"
"dreams_batch_37.json","English","legacy-en","legacy","1"
"dreams_batch_37.json","O'zbek","legacy-uz","legacy","1"
"dreams_batch_37.json","Русский","цифра","legacy","1"
"dreams_batch_37.json","English","legacy-en","legacy","1"
"dreams_batch_37.json","O'zbek","legacy-uz","legacy","1"
"dreams_batch_37.json","Русский","цыган","legacy","1"
"dreams_batch_37.json","English","legacy-en","legacy","1"
"dreams_batch_37.json","O'zbek","legacy-uz","legacy","1"
"dreams_batch_37.json","Русский","цыпленок","legacy","1"
"dreams_batch_37.json","English","legacy-en","legacy","1"
"dreams_batch_37.json","O'zbek","legacy-uz","legacy","1"
"dreams_batch_37.json","Русский","чай","legacy","1"
"dreams_batch_37.json","English","legacy-en","legacy","1"
"dreams_batch_37.json","O'zbek","legacy-uz","legacy","1"
"dreams_batch_37.json","Русский","час","legacy","1"
"dreams_batch_37.json","English","legacy-en","legacy","1"
"dreams_batch_37.json","O'zbek","legacy-uz","legacy","1"
"dreams_batch_37.json","Русский","частота","legacy","1"
"dreams_batch_37.json","English","legacy-en","legacy","1"
"dreams_batch_37.json","O'zbek","legacy-uz","legacy","1"
"dreams_batch_37.json","Русский","часы","legacy","1"
"dreams_batch_37.json","English","legacy-en","legacy","1"
"dreams_batch_37.json","O'zbek","legacy-uz","legacy","1"
"dreams_batch_37.json","Русский","чаша","legacy","1"
"dreams_batch_37.json","English","legacy-en","legacy","1"
"dreams_batch_37.json","O'zbek","legacy-uz","legacy","1"
"dreams_batch_38.json","Русский","чашка","legacy","1"
"dreams_batch_38.json","English","legacy-en","legacy","1"
"dreams_batch_38.json","O'zbek","legacy-uz","legacy","1"
"dreams_batch_38.json","Русский","чащоба","legacy","1"
"dreams_batch_38.json","English","legacy-en","legacy","1"
"dreams_batch_38.json","O'zbek","legacy-uz","legacy","1"
"dreams_batch_38.json","Русский","чек","legacy","1"
"dreams_batch_38.json","English","legacy-en","legacy","1"
"dreams_batch_38.json","O'zbek","legacy-uz","legacy","1"
"dreams_batch_38.json","Русский","человек","legacy","1"
"dreams_batch_38.json","English","legacy-en","legacy","1"
"dreams_batch_38.json","O'zbek","legacy-uz","legacy","1"
"dreams_batch_38.json","Русский","чемодан","legacy","1"
"dreams_batch_38.json","English","legacy-en","legacy","1"
"dreams_batch_38.json","O'zbek","legacy-uz","legacy","1"
"dreams_batch_38.json","Русский","чемпион","legacy","1"
"dreams_batch_38.json","English","legacy-en","legacy","1"
"dreams_batch_38.json","O'zbek","legacy-uz","legacy","1"
"dreams_batch_38.json","Русский","чердак","legacy","1"
"dreams_batch_38.json","English","legacy-en","legacy","1"
"dreams_batch_38.json","O'zbek","legacy-uz","legacy","1"
"dreams_batch_38.json","Русский","чернила","legacy","1"
"dreams_batch_38.json","English","legacy-en","legacy","1"
"dreams_batch_38.json","O'zbek","legacy-uz","legacy","1"
"dreams_batch_38.json","Русский","черта","legacy","1"
"dreams_batch_38.json","English","legacy-en","legacy","1"
"dreams_batch_38.json","O'zbek","legacy-uz","legacy","1"
"dreams_batch_38.json","Русский","чеснок","legacy","1"
"dreams_batch_38.json","English","legacy-en","legacy","1"
"dreams_batch_38.json","O'zbek","legacy-uz","legacy","1"
"dreams_batch_38.json","Русский","честь","legacy","1"
"dreams_batch_38.json","English","legacy-en","legacy","1"
"dreams_batch_38.json","O'zbek","legacy-uz","legacy","1"
"dreams_batch_38.json","Русский","четкость","legacy","1"
"dreams_batch_38.json","English","legacy-en","legacy","1"
"dreams_batch_38.json","O'zbek","legacy-uz","legacy","1"
"dreams_batch_38.json","Русский","число","legacy","1"
"dreams_batch_38.json","English","legacy-en","legacy","1"
"dreams_batch_38.json","O'zbek","legacy-uz","legacy","1"
"dreams_batch_38.json","Русский","чистота","legacy","1"
"dreams_batch_38.json","English","legacy-en","legacy","1"
"dreams_batch_38.json","O'zbek","legacy-uz","legacy","1"
"dreams_batch_38.json","Русский","чувство","legacy","1"
"dreams_batch_38.json","English","legacy-en","legacy","1"
"dreams_batch_38.json","O'zbek","legacy-uz","legacy","1"
"dreams_batch_38.json","Русский","чугунок","legacy","1"
"dreams_batch_38.json","English","legacy-en","legacy","1"
"dreams_batch_38.json","O'zbek","legacy-uz","legacy","1"
"dreams_batch_38.json","Русский","чудо","legacy","1"
"dreams_batch_38.json","English","legacy-en","legacy","1"
"dreams_batch_38.json","O'zbek","legacy-uz","legacy","1"
"dreams_batch_38.json","Русский","чудовище","legacy","1"
"dreams_batch_38.json","English","legacy-en","legacy","1"
"dreams_batch_38.json","O'zbek","legacy-uz","legacy","1"
"dreams_batch_38.json","Русский","чужбина","legacy","1"
"dreams_batch_38.json","English","legacy-en","legacy","1"
"dreams_batch_38.json","O'zbek","legacy-uz","legacy","1"
"dreams_batch_38.json","Русский","чулан","legacy","1"
"dreams_batch_38.json","English","legacy-en","legacy","1"
"dreams_batch_38.json","O'zbek","legacy-uz","legacy","1"
"dreams_batch_38.json","Русский","чулок","legacy","1"
"dreams_batch_38.json","English","legacy-en","legacy","1"
"dreams_batch_38.json","O'zbek","legacy-uz","legacy","1"
"dreams_batch_38.json","Русский","чуткость","legacy","1"
"dreams_batch_38.json","English","legacy-en","legacy","1"
"dreams_batch_38.json","O'zbek","legacy-uz","legacy","1"
"dreams_batch_38.json","Русский","чушь","legacy","1"
"dreams_batch_38.json","English","legacy-en","legacy","1"
"dreams_batch_38.json","O'zbek","legacy-uz","legacy","1"
"dreams_batch_38.json","Русский","шаг","legacy","1"
"dreams_batch_38.json","English","legacy-en","legacy","1"
"dreams_batch_38.json","O'zbek","legacy-uz","legacy","1"
"dreams_batch_38.json","Русский","шалаш","legacy","1"
"dreams_batch_38.json","English","legacy-en","legacy","1"
"dreams_batch_38.json","O'zbek","legacy-uz","legacy","1"
"dreams_batch_38.json","Русский","шалфей","legacy","1"
"dreams_batch_38.json","English","legacy-en","legacy","1"
"dreams_batch_38.json","O'zbek","legacy-uz","legacy","1"
"dreams_batch_38.json","Русский","шаман","legacy","1"
"dreams_batch_38.json","English","legacy-en","legacy","1"
"dreams_batch_38.json","O'zbek","legacy-uz","legacy","1"
"dreams_batch_38.json","Русский","шампанское","legacy","1"
"dreams_batch_38.json","English","legacy-en","legacy","1"
"dreams_batch_38.json","O'zbek","legacy-uz","legacy","1"
"dreams_batch_38.json","Русский","шампиньоны","legacy","1"
"dreams_batch_38.json","English","legacy-en","legacy","1"
"dreams_batch_38.json","O'zbek","legacy-uz","legacy","1"
"dreams_batch_38.json","Русский","шанс","legacy","1"
"dreams_batch_38.json","English","legacy-en","legacy","1"
"dreams_batch_38.json","O'zbek","legacy-uz","legacy","1"
"dreams_batch_38.json","Русский","шантаж","legacy","1"
"dreams_batch_38.json","English","legacy-en","legacy","1"
"dreams_batch_38.json","O'zbek","legacy-uz","legacy","1"
"dreams_batch_38.json","Русский","шапка","legacy","1"
"dreams_batch_38.json","English","legacy-en","legacy","1"
"dreams_batch_38.json","O'zbek","legacy-uz","legacy","1"
"dreams_batch_38.json","Русский","шар","legacy","1"
"dreams_batch_38.json","English","legacy-en","legacy","1"
"dreams_batch_38.json","O'zbek","legacy-uz","legacy","1"
"dreams_batch_38.json","Русский","шарлатан","legacy","1"
"dreams_batch_38.json","English","legacy-en","legacy","1"
"dreams_batch_38.json","O'zbek","legacy-uz","legacy","1"
"dreams_batch_38.json","Русский","шарф","legacy","1"
"dreams_batch_38.json","English","legacy-en","legacy","1"
"dreams_batch_38.json","O'zbek","legacy-uz","legacy","1"
"dreams_batch_38.json","Русский","шахматы","legacy","1"
"dreams_batch_38.json","English","legacy-en","legacy","1"
"dreams_batch_38.json","O'zbek","legacy-uz","legacy","1"
"dreams_batch_38.json","Русский","шахта","legacy","1"
"dreams_batch_38.json","English","legacy-en","legacy","1"
"dreams_batch_38.json","O'zbek","legacy-uz","legacy","1"
"dreams_batch_38.json","Русский","шашки","legacy","1"
"dreams_batch_38.json","English","legacy-en","legacy","1"
"dreams_batch_38.json","O'zbek","legacy-uz","legacy","1"
"dreams_batch_38.json","Русский","швейная машина","legacy","1"
"dreams_batch_38.json","English","legacy-en","legacy","1"
"dreams_batch_38.json","O'zbek","legacy-uz","legacy","1"
"dreams_batch_38.json","Русский","швейцар","legacy","1"
"dreams_batch_38.json","English","legacy-en","legacy","1"
"dreams_batch_38.json","O'zbek","legacy-uz","legacy","1"
"dreams_batch_38.json","Русский","шедевр","legacy","1"
"dreams_batch_38.json","English","legacy-en","legacy","1"
"dreams_batch_38.json","O'zbek","legacy-uz","legacy","1"
"dreams_batch_38.json","Русский","шелк","legacy","1"
"dreams_batch_38.json","English","legacy-en","legacy","1"
"dreams_batch_38.json","O'zbek","legacy-uz","legacy","1"
"dreams_batch_38.json","Русский","шепот","legacy","1"
"dreams_batch_38.json","English","legacy-en","legacy","1"
"dreams_batch_38.json","O'zbek","legacy-uz","legacy","1"
"dreams_batch_38.json","Русский","шерсть","legacy","1"
"dreams_batch_38.json","English","legacy-en","legacy","1"
"dreams_batch_38.json","O'zbek","legacy-uz","legacy","1"
"dreams_batch_38.json","Русский","шествие","legacy","1"
"dreams_batch_38.json","English","legacy-en","legacy","1"
"dreams_batch_38.json","O'zbek","legacy-uz","legacy","1"
"dreams_batch_38.json","Русский","шик","legacy","1"
"dreams_batch_38.json","English","legacy-en","legacy","1"
"dreams_batch_38.json","O'zbek","legacy-uz","legacy","1"
"dreams_batch_38.json","Русский","шина","legacy","1"
"dreams_batch_38.json","English","legacy-en","legacy","1"
"dreams_batch_38.json","O'zbek","legacy-uz","legacy","1"
"dreams_batch_38.json","Русский","шип","legacy","1"
"dreams_batch_38.json","English","legacy-en","legacy","1"
"dreams_batch_38.json","O'zbek","legacy-uz","legacy","1"
"dreams_batch_38.json","Русский","ширма","legacy","1"
"dreams_batch_38.json","English","legacy-en","legacy","1"
"dreams_batch_38.json","O'zbek","legacy-uz","legacy","1"
"dreams_batch_38.json","Русский","шишка","legacy","1"
"dreams_batch_38.json","English","legacy-en","legacy","1"
"dreams_batch_38.json","O'zbek","legacy-uz","legacy","1"
"dreams_batch_38.json","Русский","шкаф","legacy","1"
"dreams_batch_38.json","English","legacy-en","legacy","1"
"dreams_batch_38.json","O'zbek","legacy-uz","legacy","1"
"dreams_batch_38.json","Русский","школа","legacy","1"
"dreams_batch_38.json","English","legacy-en","legacy","1"
"dreams_batch_38.json","O'zbek","legacy-uz","legacy","1"
"dreams_batch_38.json","Русский","шкура","legacy","1"
"dreams_batch_38.json","English","legacy-en","legacy","1"
"dreams_batch_38.json","O'zbek","legacy-uz","legacy","1"
"dreams_batch_38.json","Русский","шлагбаум","legacy","1"
"dreams_batch_38.json","English","legacy-en","legacy","1"
"dreams_batch_38.json","O'zbek","legacy-uz","legacy","1"
"dreams_batch_38.json","Русский","шлейф","legacy","1"
"dreams_batch_38.json","English","legacy-en","legacy","1"
"dreams_batch_38.json","O'zbek","legacy-uz","legacy","1"
"dreams_batch_38.json","Русский","шлем","legacy","1"
"dreams_batch_38.json","English","legacy-en","legacy","1"
"dreams_batch_38.json","O'zbek","legacy-uz","legacy","1"
"dreams_batch_38.json","Русский","шляпа","legacy","1"
"dreams_batch_38.json","English","legacy-en","legacy","1"
"dreams_batch_38.json","O'zbek","legacy-uz","legacy","1"
"dreams_batch_38.json","Русский","шмель","legacy","1"
"dreams_batch_38.json","English","legacy-en","legacy","1"
"dreams_batch_38.json","O'zbek","legacy-uz","legacy","1"
"dreams_batch_38.json","Русский","шнурок","legacy","1"
"dreams_batch_38.json","English","legacy-en","legacy","1"
"dreams_batch_38.json","O'zbek","legacy-uz","legacy","1"
"dreams_batch_38.json","Русский","шоколад","legacy","1"
"dreams_batch_38.json","English","legacy-en","legacy","1"
"dreams_batch_38.json","O'zbek","legacy-uz","legacy","1"
"dreams_batch_38.json","Русский","шоссе","legacy","1"
"dreams_batch_38.json","English","legacy-en","legacy","1"
"dreams_batch_38.json","O'zbek","legacy-uz","legacy","1"
"dreams_batch_38.json","Русский","шпага","legacy","1"
"dreams_batch_38.json","English","legacy-en","legacy","1"
"dreams_batch_38.json","O'zbek","legacy-uz","legacy","1"
"dreams_batch_38.json","Русский","шпион","legacy","1"
"dreams_batch_38.json","English","legacy-en","legacy","1"
"dreams_batch_38.json","O'zbek","legacy-uz","legacy","1"
"dreams_batch_38.json","Русский","шприц","legacy","1"
"dreams_batch_38.json","English","legacy-en","legacy","1"
"dreams_batch_38.json","O'zbek","legacy-uz","legacy","1"
"dreams_batch_38.json","Русский","шрам","legacy","1"
"dreams_batch_38.json","English","legacy-en","legacy","1"
"dreams_batch_38.json","O'zbek","legacy-uz","legacy","1"
"dreams_batch_38.json","Русский","штамп","legacy","1"
"dreams_batch_38.json","English","legacy-en","legacy","1"
"dreams_batch_38.json","O'zbek","legacy-uz","legacy","1"
"dreams_batch_38.json","Русский","штаны","legacy","1"
"dreams_batch_38.json","English","legacy-en","legacy","1"
"dreams_batch_38.json","O'zbek","legacy-uz","legacy","1"
"dreams_batch_38.json","Русский","штора","legacy","1"
"dreams_batch_38.json","English","legacy-en","legacy","1"
"dreams_batch_38.json","O'zbek","legacy-uz","legacy","1"
"dreams_batch_38.json","Русский","шторм","legacy","1"
"dreams_batch_38.json","English","legacy-en","legacy","1"
"dreams_batch_38.json","O'zbek","legacy-uz","legacy","1"
"dreams_batch_38.json","Русский","шум","legacy","1"
"dreams_batch_38.json","English","legacy-en","legacy","1"
"dreams_batch_38.json","O'zbek","legacy-uz","legacy","1"
"dreams_batch_38.json","Русский","щебет","legacy","1"
"dreams_batch_38.json","English","legacy-en","legacy","1"
"dreams_batch_38.json","O'zbek","legacy-uz","legacy","1"
"dreams_batch_38.json","Русский","щеголь","legacy","1"
"dreams_batch_38.json","English","legacy-en","legacy","1"
"dreams_batch_38.json","O'zbek","legacy-uz","legacy","1"
"dreams_batch_38.json","Русский","щедрость","legacy","1"
"dreams_batch_38.json","English","legacy-en","legacy","1"
"dreams_batch_38.json","O'zbek","legacy-uz","legacy","1"
"dreams_batch_38.json","Русский","щека","legacy","1"
"dreams_batch_38.json","English","legacy-en","legacy","1"
"dreams_batch_38.json","O'zbek","legacy-uz","legacy","1"
"dreams_batch_38.json","Русский","щекотка","legacy","1"
"dreams_batch_38.json","English","legacy-en","legacy","1"
"dreams_batch_38.json","O'zbek","legacy-uz","legacy","1"
"dreams_batch_38.json","Русский","щелок","legacy","1"
"dreams_batch_38.json","English","legacy-en","legacy","1"
"dreams_batch_38.json","O'zbek","legacy-uz","legacy","1"
"dreams_batch_38.json","Русский","щель","legacy","1"
"dreams_batch_38.json","English","legacy-en","legacy","1"
"dreams_batch_38.json","O'zbek","legacy-uz","legacy","1"
"dreams_batch_38.json","Русский","щенок","legacy","1"
"dreams_batch_38.json","English","legacy-en","legacy","1"
"dreams_batch_38.json","O'zbek","legacy-uz","legacy","1"
"dreams_batch_38.json","Русский","щепка","legacy","1"
"dreams_batch_38.json","English","legacy-en","legacy","1"
"dreams_batch_38.json","O'zbek","legacy-uz","legacy","1"
"dreams_batch_38.json","Русский","щетина","legacy","1"
"dreams_batch_38.json","English","legacy-en","legacy","1"
"dreams_batch_38.json","O'zbek","legacy-uz","legacy","1"
"dreams_batch_38.json","Русский","щи","legacy","1"
"dreams_batch_38.json","English","legacy-en","legacy","1"
"dreams_batch_38.json","O'zbek","legacy-uz","legacy","1"
"dreams_batch_38.json","Русский","щит","legacy","1"
"dreams_batch_38.json","English","legacy-en","legacy","1"
"dreams_batch_38.json","O'zbek","legacy-uz","legacy","1"
"dreams_batch_38.json","Русский","щука","legacy","1"
"dreams_batch_38.json","English","legacy-en","legacy","1"
"dreams_batch_38.json","O'zbek","legacy-uz","legacy","1"
"dreams_batch_38.json","Русский","щупальце","legacy","1"
"dreams_batch_38.json","English","legacy-en","legacy","1"
"dreams_batch_38.json","O'zbek","legacy-uz","legacy","1"
"dreams_batch_38.json","Русский","эгоизм","legacy","1"
"dreams_batch_38.json","English","legacy-en","legacy","1"
"dreams_batch_38.json","O'zbek","legacy-uz","legacy","1"
"dreams_batch_38.json","Русский","эдем","legacy","1"
"dreams_batch_38.json","English","legacy-en","legacy","1"
"dreams_batch_38.json","O'zbek","legacy-uz","legacy","1"
"dreams_batch_38.json","Русский","эйфория","legacy","1"
"dreams_batch_38.json","English","legacy-en","legacy","1"
"dreams_batch_38.json","O'zbek","legacy-uz","legacy","1"
"dreams_batch_38.json","Русский","экзамен","legacy","1"
"dreams_batch_38.json","English","legacy-en","legacy","1"
"dreams_batch_38.json","O'zbek","legacy-uz","legacy","1"
"dreams_batch_38.json","Русский","экипаж","legacy","1"
"dreams_batch_38.json","English","legacy-en","legacy","1"
"dreams_batch_38.json","O'zbek","legacy-uz","legacy","1"
"dreams_batch_38.json","Русский","экран","legacy","1"
"dreams_batch_38.json","English","legacy-en","legacy","1"
"dreams_batch_38.json","O'zbek","legacy-uz","legacy","1"
"dreams_batch_38.json","Русский","экспедиция","legacy","1"
"dreams_batch_38.json","English","legacy-en","legacy","1"
"dreams_batch_38.json","O'zbek","legacy-uz","legacy","1"
"dreams_batch_38.json","Русский","эксперимент","legacy","1"
"dreams_batch_38.json","English","legacy-en","legacy","1"
"dreams_batch_38.json","O'zbek","legacy-uz","legacy","1"
"dreams_batch_38.json","Русский","эксперт","legacy","1"
"dreams_batch_38.json","English","legacy-en","legacy","1"
"dreams_batch_38.json","O'zbek","legacy-uz","legacy","1"
"dreams_batch_38.json","Русский","экспонат","legacy","1"
"dreams_batch_38.json","English","legacy-en","legacy","1"
"dreams_batch_38.json","O'zbek","legacy-uz","legacy","1"
"dreams_batch_38.json","Русский","экспресс","legacy","1"
"dreams_batch_38.json","English","legacy-en","legacy","1"
"dreams_batch_38.json","O'zbek","legacy-uz","legacy","1"
"dreams_batch_38.json","Русский","экстаз","legacy","1"
"dreams_batch_38.json","English","legacy-en","legacy","1"
"dreams_batch_38.json","O'zbek","legacy-uz","legacy","1"
"dreams_batch_38.json","Русский","элеватор","legacy","1"
"dreams_batch_38.json","English","legacy-en","legacy","1"
"dreams_batch_38.json","O'zbek","legacy-uz","legacy","1"
"dreams_batch_38.json","Русский","элегантность","legacy","1"
"dreams_batch_38.json","English","legacy-en","legacy","1"
"dreams_batch_38.json","O'zbek","legacy-uz","legacy","1"
"dreams_batch_38.json","Русский","элемент","legacy","1"
"dreams_batch_38.json","English","legacy-en","legacy","1"
"dreams_batch_38.json","O'zbek","legacy-uz","legacy","1"
"dreams_batch_38.json","Русский","эликсир","legacy","1"
"dreams_batch_38.json","English","legacy-en","legacy","1"
"dreams_batch_38.json","O'zbek","legacy-uz","legacy","1"
"dreams_batch_39.json","Русский","элита","legacy","1"
"dreams_batch_39.json","English","legacy-en","legacy","1"
"dreams_batch_39.json","O'zbek","legacy-uz","legacy","1"
"dreams_batch_39.json","Русский","эллипс","legacy","1"
"dreams_batch_39.json","English","legacy-en","legacy","1"
"dreams_batch_39.json","O'zbek","legacy-uz","legacy","1"
"dreams_batch_39.json","Русский","эмблема","legacy","1"
"dreams_batch_39.json","English","legacy-en","legacy","1"
"dreams_batch_39.json","O'zbek","legacy-uz","legacy","1"
"dreams_batch_39.json","Русский","эмоция","legacy","1"
"dreams_batch_39.json","English","legacy-en","legacy","1"
"dreams_batch_39.json","O'zbek","legacy-uz","legacy","1"
"dreams_batch_39.json","Русский","энергия","legacy","1"
"dreams_batch_39.json","English","legacy-en","legacy","1"
"dreams_batch_39.json","O'zbek","legacy-uz","legacy","1"
"dreams_batch_39.json","Русский","энтузиазм","legacy","1"
"dreams_batch_39.json","English","legacy-en","legacy","1"
"dreams_batch_39.json","O'zbek","legacy-uz","legacy","1"
"dreams_batch_39.json","Русский","эпидемия","legacy","1"
"dreams_batch_39.json","English","legacy-en","legacy","1"
"dreams_batch_39.json","O'zbek","legacy-uz","legacy","1"
"dreams_batch_39.json","Русский","эпизод","legacy","1"
"dreams_batch_39.json","English","legacy-en","legacy","1"
"dreams_batch_39.json","O'zbek","legacy-uz","legacy","1"
"dreams_batch_39.json","Русский","эпилог","legacy","1"
"dreams_batch_39.json","English","legacy-en","legacy","1"
"dreams_batch_39.json","O'zbek","legacy-uz","legacy","1"
"dreams_batch_39.json","Русский","эпоха","legacy","1"
"dreams_batch_39.json","English","legacy-en","legacy","1"
"dreams_batch_39.json","O'zbek","legacy-uz","legacy","1"
"dreams_batch_39.json","Русский","эрудиция","legacy","1"
"dreams_batch_39.json","English","legacy-en","legacy","1"
"dreams_batch_39.json","O'zbek","legacy-uz","legacy","1"
"dreams_batch_39.json","Русский","эскиз","legacy","1"
"dreams_batch_39.json","English","legacy-en","legacy","1"
"dreams_batch_39.json","O'zbek","legacy-uz","legacy","1"
"dreams_batch_39.json","Русский","эстафета","legacy","1"
"dreams_batch_39.json","English","legacy-en","legacy","1"
"dreams_batch_39.json","O'zbek","legacy-uz","legacy","1"
"dreams_batch_39.json","Русский","этика","legacy","1"
"dreams_batch_39.json","English","legacy-en","legacy","1"
"dreams_batch_39.json","O'zbek","legacy-uz","legacy","1"
"dreams_batch_39.json","Русский","этикетка","legacy","1"
"dreams_batch_39.json","English","legacy-en","legacy","1"
"dreams_batch_39.json","O'zbek","legacy-uz","legacy","1"
"dreams_batch_39.json","Русский","эффект","legacy","1"
"dreams_batch_39.json","English","legacy-en","legacy","1"
"dreams_batch_39.json","O'zbek","legacy-uz","legacy","1"
"dreams_batch_39.json","Русский","эхо","legacy","1"
"dreams_batch_39.json","English","legacy-en","legacy","1"
"dreams_batch_39.json","O'zbek","legacy-uz","legacy","1"
"dreams_batch_39.json","Русский","юбилей","legacy","1"
"dreams_batch_39.json","English","legacy-en","legacy","1"
"dreams_batch_39.json","O'zbek","legacy-uz","legacy","1"
"dreams_batch_39.json","Русский","юбка","legacy","1"
"dreams_batch_39.json","English","legacy-en","legacy","1"
"dreams_batch_39.json","O'zbek","legacy-uz","legacy","1"
"dreams_batch_39.json","Русский","ювелир","legacy","1"
"dreams_batch_39.json","English","legacy-en","legacy","1"
"dreams_batch_39.json","O'zbek","legacy-uz","legacy","1"
"dreams_batch_39.json","Русский","юг","legacy","1"
"dreams_batch_39.json","English","legacy-en","legacy","1"
"dreams_batch_39.json","O'zbek","legacy-uz","legacy","1"
"dreams_batch_39.json","Русский","юмор","legacy","1"
"dreams_batch_39.json","English","legacy-en","legacy","1"
"dreams_batch_39.json","O'zbek","legacy-uz","legacy","1"
"dreams_batch_39.json","Русский","юнга","legacy","1"
"dreams_batch_39.json","English","legacy-en","legacy","1"
"dreams_batch_39.json","O'zbek","legacy-uz","legacy","1"
"dreams_batch_39.json","Русский","юность","legacy","1"
"dreams_batch_39.json","English","legacy-en","legacy","1"
"dreams_batch_39.json","O'zbek","legacy-uz","legacy","1"
"dreams_batch_39.json","Русский","юпитер","legacy","1"
"dreams_batch_39.json","English","legacy-en","legacy","1"
"dreams_batch_39.json","O'zbek","legacy-uz","legacy","1"
"dreams_batch_39.json","Русский","юрист","legacy","1"
"dreams_batch_39.json","English","legacy-en","legacy","1"
"dreams_batch_39.json","O'zbek","legacy-uz","legacy","1"
"dreams_batch_39.json","Русский","юрта","legacy","1"
"dreams_batch_39.json","English","legacy-en","legacy","1"
"dreams_batch_39.json","O'zbek","legacy-uz","legacy","1"
"dreams_batch_39.json","Русский","юстиция","legacy","1"
"dreams_batch_39.json","English","legacy-en","legacy","1"
"dreams_batch_39.json","O'zbek","legacy-uz","legacy","1"
"dreams_batch_39.json","Русский","яблоко","legacy","1"
"dreams_batch_39.json","English","legacy-en","legacy","1"
"dreams_batch_39.json","O'zbek","legacy-uz","legacy","1"
"dreams_batch_39.json","Русский","явление","legacy","1"
"dreams_batch_39.json","English","legacy-en","legacy","1"
"dreams_batch_39.json","O'zbek","legacy-uz","legacy","1"
"dreams_batch_39.json","Русский","явь","legacy","1"
"dreams_batch_39.json","English","legacy-en","legacy","1"
"dreams_batch_39.json","O'zbek","legacy-uz","legacy","1"
"dreams_batch_39.json","Русский","ягнёнок","legacy","1"
"dreams_batch_39.json","English","legacy-en","legacy","1"
"dreams_batch_39.json","O'zbek","legacy-uz","legacy","1"
"dreams_batch_39.json","Русский","ягода","legacy","1"
"dreams_batch_39.json","English","legacy-en","legacy","1"
"dreams_batch_39.json","O'zbek","legacy-uz","legacy","1"
"dreams_batch_39.json","Русский","яд","legacy","1"
"dreams_batch_39.json","English","legacy-en","legacy","1"
"dreams_batch_39.json","O'zbek","legacy-uz","legacy","1"
"dreams_batch_39.json","Русский","ядро","legacy","1"
"dreams_batch_39.json","English","legacy-en","legacy","1"
"dreams_batch_39.json","O'zbek","legacy-uz","legacy","1"
"dreams_batch_39.json","Русский","язва","legacy","1"
"dreams_batch_39.json","English","legacy-en","legacy","1"
"dreams_batch_39.json","O'zbek","legacy-uz","legacy","1"
"dreams_batch_39.json","Русский","язык","legacy","1"
"dreams_batch_39.json","English","legacy-en","legacy","1"
"dreams_batch_39.json","O'zbek","legacy-uz","legacy","1"
"dreams_batch_39.json","Русский","яйцо","legacy","1"
"dreams_batch_39.json","English","legacy-en","legacy","1"
"dreams_batch_39.json","O'zbek","legacy-uz","legacy","1"
"dreams_batch_39.json","Русский","якорь","legacy","1"
"dreams_batch_39.json","English","legacy-en","legacy","1"
"dreams_batch_39.json","O'zbek","legacy-uz","legacy","1"
"dreams_batch_39.json","Русский","яма","legacy","1"
"dreams_batch_39.json","English","legacy-en","legacy","1"
"dreams_batch_39.json","O'zbek","legacy-uz","legacy","1"
"dreams_batch_39.json","Русский","январь","legacy","1"
"dreams_batch_39.json","English","legacy-en","legacy","1"
"dreams_batch_39.json","O'zbek","legacy-uz","legacy","1"
"dreams_batch_39.json","Русский","янтарь","legacy","1"
"dreams_batch_39.json","English","legacy-en","legacy","1"
"dreams_batch_39.json","O'zbek","legacy-uz","legacy","1"
"dreams_batch_39.json","Русский","ярлык","legacy","1"
"dreams_batch_39.json","English","legacy-en","legacy","1"
"dreams_batch_39.json","O'zbek","legacy-uz","legacy","1"
"dreams_batch_39.json","Русский","ярмарка","legacy","1"
"dreams_batch_39.json","English","legacy-en","legacy","1"
"dreams_batch_39.json","O'zbek","legacy-uz","legacy","1"
"dreams_batch_39.json","Русский","ярмо","legacy","1"
"dreams_batch_39.json","English","legacy-en","legacy","1"
"dreams_batch_39.json","O'zbek","legacy-uz","legacy","1"
"dreams_batch_39.json","Русский","ярость","legacy","1"
"dreams_batch_39.json","English","legacy-en","legacy","1"
"dreams_batch_39.json","O'zbek","legacy-uz","legacy","1"
"dreams_batch_39.json","Русский","ясли","legacy","1"
"dreams_batch_39.json","English","legacy-en","legacy","1"
"dreams_batch_39.json","O'zbek","legacy-uz","legacy","1"
"dreams_batch_39.json","Русский","ясность","legacy","1"
"dreams_batch_39.json","English","legacy-en","legacy","1"
"dreams_batch_39.json","O'zbek","legacy-uz","legacy","1"
"dreams_batch_39.json","Русский","яства","legacy","1"
"dreams_batch_39.json","English","legacy-en","legacy","1"
"dreams_batch_39.json","O'zbek","legacy-uz","legacy","1"
"dreams_batch_39.json","Русский","ястреб","legacy","1"
"dreams_batch_39.json","English","legacy-en","legacy","1"
"dreams_batch_39.json","O'zbek","legacy-uz","legacy","1"
"dreams_batch_39.json","Русский","яхонт","legacy","1"
"dreams_batch_39.json","English","legacy-en","legacy","1"
"dreams_batch_39.json","O'zbek","legacy-uz","legacy","1"
"dreams_batch_39.json","Русский","яхта","legacy","1"
"dreams_batch_39.json","English","legacy-en","legacy","1"
"dreams_batch_39.json","O'zbek","legacy-uz","legacy","1"
"dreams_batch_39.json","Русский","ячейка","legacy","1"
"dreams_batch_39.json","English","legacy-en","legacy","1"
"dreams_batch_39.json","O'zbek","legacy-uz","legacy","1"
"dreams_batch_39.json","Русский","ячмень","legacy","1"
"dreams_batch_39.json","English","legacy-en","legacy","1"
"dreams_batch_39.json","O'zbek","legacy-uz","legacy","1"
"dreams_batch_39.json","Русский","ящерица","legacy","1"
"dreams_batch_39.json","English","legacy-en","legacy","1"
"dreams_batch_39.json","O'zbek","legacy-uz","legacy","1"
"dreams_batch_39.json","Русский","ящик","legacy","1"
"dreams_batch_39.json","English","legacy-en","legacy","1"
"dreams_batch_39.json","O'zbek","legacy-uz","legacy","1"
"dreams_batch_39.json","Русский","яйца","legacy","1"
"dreams_batch_39.json","English","legacy-en","legacy","1"
"dreams_batch_39.json","O'zbek","legacy-uz","legacy","1"
"dreams_batch_4.json","Русский","вакуум","legacy","1"
"dreams_batch_4.json","English","legacy-en","legacy","1"
"dreams_batch_4.json","O'zbek","legacy-uz","legacy","1"
"dreams_batch_4.json","Русский","вал","legacy","1"
"dreams_batch_4.json","English","legacy-en","legacy","1"
"dreams_batch_4.json","O'zbek","legacy-uz","legacy","1"
"dreams_batch_4.json","Русский","валенки","legacy","1"
"dreams_batch_4.json","English","legacy-en","legacy","1"
"dreams_batch_4.json","O'zbek","legacy-uz","legacy","1"
"dreams_batch_4.json","Русский","валерьяна","legacy","1"
"dreams_batch_4.json","English","legacy-en","legacy","1"
"dreams_batch_4.json","O'zbek","legacy-uz","legacy","1"
"dreams_batch_4.json","Русский","вальс","legacy","1"
"dreams_batch_4.json","English","legacy-en","legacy","1"
"dreams_batch_4.json","O'zbek","legacy-uz","legacy","1"
"dreams_batch_4.json","Русский","валюта","legacy","1"
"dreams_batch_4.json","English","legacy-en","legacy","1"
"dreams_batch_4.json","O'zbek","legacy-uz","legacy","1"
"dreams_batch_4.json","Русский","вампир","legacy","1"
"dreams_batch_4.json","English","legacy-en","legacy","1"
"dreams_batch_4.json","O'zbek","legacy-uz","legacy","1"
"dreams_batch_4.json","Русский","ванна","legacy","1"
"dreams_batch_4.json","English","legacy-en","legacy","1"
"dreams_batch_4.json","O'zbek","legacy-uz","legacy","1"
"dreams_batch_4.json","Русский","варенье","legacy","1"
"dreams_batch_4.json","English","legacy-en","legacy","1"
"dreams_batch_4.json","O'zbek","legacy-uz","legacy","1"
"dreams_batch_4.json","Русский","вариант","legacy","1"
"dreams_batch_4.json","English","legacy-en","legacy","1"
"dreams_batch_4.json","O'zbek","legacy-uz","legacy","1"
"dreams_batch_4.json","Русский","варить","legacy","1"
"dreams_batch_4.json","English","legacy-en","legacy","1"
"dreams_batch_4.json","O'zbek","legacy-uz","legacy","1"
"dreams_batch_4.json","Русский","вата","legacy","1"
"dreams_batch_4.json","English","legacy-en","legacy","1"
"dreams_batch_4.json","O'zbek","legacy-uz","legacy","1"
"dreams_batch_4.json","Русский","вахта","legacy","1"
"dreams_batch_4.json","English","legacy-en","legacy","1"
"dreams_batch_4.json","O'zbek","legacy-uz","legacy","1"
"dreams_batch_4.json","Русский","ведро","legacy","1"
"dreams_batch_4.json","English","legacy-en","legacy","1"
"dreams_batch_4.json","O'zbek","legacy-uz","legacy","1"
"dreams_batch_4.json","Русский","ведьма","legacy","1"
"dreams_batch_4.json","English","legacy-en","legacy","1"
"dreams_batch_4.json","O'zbek","legacy-uz","legacy","1"
"dreams_batch_4.json","Русский","веер","legacy","1"
"dreams_batch_4.json","English","legacy-en","legacy","1"
"dreams_batch_4.json","O'zbek","legacy-uz","legacy","1"
"dreams_batch_4.json","Русский","вежливость","legacy","1"
"dreams_batch_4.json","English","legacy-en","legacy","1"
"dreams_batch_4.json","O'zbek","legacy-uz","legacy","1"
"dreams_batch_4.json","Русский","везение","legacy","1"
"dreams_batch_4.json","English","legacy-en","legacy","1"
"dreams_batch_4.json","O'zbek","legacy-uz","legacy","1"
"dreams_batch_4.json","Русский","век","legacy","1"
"dreams_batch_4.json","English","legacy-en","legacy","1"
"dreams_batch_4.json","O'zbek","legacy-uz","legacy","1"
"dreams_batch_4.json","Русский","вектор","legacy","1"
"dreams_batch_4.json","English","legacy-en","legacy","1"
"dreams_batch_4.json","O'zbek","legacy-uz","legacy","1"
"dreams_batch_4.json","Русский","великан","legacy","1"
"dreams_batch_4.json","English","legacy-en","legacy","1"
"dreams_batch_4.json","O'zbek","legacy-uz","legacy","1"
"dreams_batch_4.json","Русский","великолепие","legacy","1"
"dreams_batch_4.json","English","legacy-en","legacy","1"
"dreams_batch_4.json","O'zbek","legacy-uz","legacy","1"
"dreams_batch_4.json","Русский","величина","legacy","1"
"dreams_batch_4.json","English","legacy-en","legacy","1"
"dreams_batch_4.json","O'zbek","legacy-uz","legacy","1"
"dreams_batch_4.json","Русский","велосипед","legacy","1"
"dreams_batch_4.json","English","legacy-en","legacy","1"
"dreams_batch_4.json","O'zbek","legacy-uz","legacy","1"
"dreams_batch_4.json","Русский","венец","legacy","1"
"dreams_batch_4.json","English","legacy-en","legacy","1"
"dreams_batch_4.json","O'zbek","legacy-uz","legacy","1"
"dreams_batch_4.json","Русский","веник","legacy","1"
"dreams_batch_4.json","English","legacy-en","legacy","1"
"dreams_batch_4.json","O'zbek","legacy-uz","legacy","1"
"dreams_batch_4.json","Русский","венок","legacy","1"
"dreams_batch_4.json","English","legacy-en","legacy","1"
"dreams_batch_4.json","O'zbek","legacy-uz","legacy","1"
"dreams_batch_4.json","Русский","вентиляция","legacy","1"
"dreams_batch_4.json","English","legacy-en","legacy","1"
"dreams_batch_4.json","O'zbek","legacy-uz","legacy","1"
"dreams_batch_4.json","Русский","венчание","legacy","1"
"dreams_batch_4.json","English","legacy-en","legacy","1"
"dreams_batch_4.json","O'zbek","legacy-uz","legacy","1"
"dreams_batch_4.json","Русский","вера","legacy","1"
"dreams_batch_4.json","English","legacy-en","legacy","1"
"dreams_batch_4.json","O'zbek","legacy-uz","legacy","1"
"dreams_batch_4.json","Русский","верба","legacy","1"
"dreams_batch_4.json","English","legacy-en","legacy","1"
"dreams_batch_4.json","O'zbek","legacy-uz","legacy","1"
"dreams_batch_4.json","Русский","верблюд","legacy","1"
"dreams_batch_4.json","English","legacy-en","legacy","1"
"dreams_batch_4.json","O'zbek","legacy-uz","legacy","1"
"dreams_batch_4.json","Русский","вердикт","legacy","1"
"dreams_batch_4.json","English","legacy-en","legacy","1"
"dreams_batch_4.json","O'zbek","legacy-uz","legacy","1"
"dreams_batch_4.json","Русский","веревка","legacy","1"
"dreams_batch_4.json","English","legacy-en","legacy","1"
"dreams_batch_4.json","O'zbek","legacy-uz","legacy","1"
"dreams_batch_4.json","Русский","вереск","legacy","1"
"dreams_batch_4.json","English","legacy-en","legacy","1"
"dreams_batch_4.json","O'zbek","legacy-uz","legacy","1"
"dreams_batch_4.json","Русский","верность","legacy","1"
"dreams_batch_4.json","English","legacy-en","legacy","1"
"dreams_batch_4.json","O'zbek","legacy-uz","legacy","1"
"dreams_batch_4.json","Русский","версия","legacy","1"
"dreams_batch_4.json","English","legacy-en","legacy","1"
"dreams_batch_4.json","O'zbek","legacy-uz","legacy","1"
"dreams_batch_4.json","Русский","верстак","legacy","1"
"dreams_batch_4.json","English","legacy-en","legacy","1"
"dreams_batch_4.json","O'zbek","legacy-uz","legacy","1"
"dreams_batch_4.json","Русский","вертолет","legacy","1"
"dreams_batch_4.json","English","legacy-en","legacy","1"
"dreams_batch_4.json","O'zbek","legacy-uz","legacy","1"
"dreams_batch_4.json","Русский","верфь","legacy","1"
"dreams_batch_4.json","English","legacy-en","legacy","1"
"dreams_batch_4.json","O'zbek","legacy-uz","legacy","1"
"dreams_batch_4.json","Русский","вершина","legacy","1"
"dreams_batch_4.json","English","legacy-en","legacy","1"
"dreams_batch_4.json","O'zbek","legacy-uz","legacy","1"
"dreams_batch_4.json","Русский","вес","legacy","1"
"dreams_batch_4.json","English","legacy-en","legacy","1"
"dreams_batch_4.json","O'zbek","legacy-uz","legacy","1"
"dreams_batch_4.json","Русский","веселье","legacy","1"
"dreams_batch_4.json","English","legacy-en","legacy","1"
"dreams_batch_4.json","O'zbek","legacy-uz","legacy","1"
"dreams_batch_4.json","Русский","весна","legacy","1"
"dreams_batch_4.json","English","legacy-en","legacy","1"
"dreams_batch_4.json","O'zbek","legacy-uz","legacy","1"
"dreams_batch_4.json","Русский","весть","legacy","1"
"dreams_batch_4.json","English","legacy-en","legacy","1"
"dreams_batch_4.json","O'zbek","legacy-uz","legacy","1"
"dreams_batch_4.json","Русский","весы","legacy","1"
"dreams_batch_4.json","English","legacy-en","legacy","1"
"dreams_batch_4.json","O'zbek","legacy-uz","legacy","1"
"dreams_batch_4.json","Русский","ветер","legacy","1"
"dreams_batch_4.json","English","legacy-en","legacy","1"
"dreams_batch_4.json","O'zbek","legacy-uz","legacy","1"
"dreams_batch_4.json","Русский","ветка","legacy","1"
"dreams_batch_4.json","English","legacy-en","legacy","1"
"dreams_batch_4.json","O'zbek","legacy-uz","legacy","1"
"dreams_batch_4.json","Русский","вечер","legacy","1"
"dreams_batch_4.json","English","legacy-en","legacy","1"
"dreams_batch_4.json","O'zbek","legacy-uz","legacy","1"
"dreams_batch_4.json","Русский","вечность","legacy","1"
"dreams_batch_4.json","English","legacy-en","legacy","1"
"dreams_batch_4.json","O'zbek","legacy-uz","legacy","1"
"dreams_batch_4.json","Русский","вешалка","legacy","1"
"dreams_batch_4.json","English","legacy-en","legacy","1"
"dreams_batch_4.json","O'zbek","legacy-uz","legacy","1"
"dreams_batch_4.json","Русский","вещи","legacy","1"
"dreams_batch_4.json","English","legacy-en","legacy","1"
"dreams_batch_4.json","O'zbek","legacy-uz","legacy","1"
"dreams_batch_4.json","Русский","взаимность","legacy","1"
"dreams_batch_4.json","English","legacy-en","legacy","1"
"dreams_batch_4.json","O'zbek","legacy-uz","legacy","1"
"dreams_batch_4.json","Русский","взгляд","legacy","1"
"dreams_batch_4.json","English","legacy-en","legacy","1"
"dreams_batch_4.json","O'zbek","legacy-uz","legacy","1"
"dreams_batch_4.json","Русский","вздор","legacy","1"
"dreams_batch_4.json","English","legacy-en","legacy","1"
"dreams_batch_4.json","O'zbek","legacy-uz","legacy","1"
"dreams_batch_4.json","Русский","вздох","legacy","1"
"dreams_batch_4.json","English","legacy-en","legacy","1"
"dreams_batch_4.json","O'zbek","legacy-uz","legacy","1"
"dreams_batch_4.json","Русский","взлет","legacy","1"
"dreams_batch_4.json","English","legacy-en","legacy","1"
"dreams_batch_4.json","O'zbek","legacy-uz","legacy","1"
"dreams_batch_4.json","Русский","взлом","legacy","1"
"dreams_batch_4.json","English","legacy-en","legacy","1"
"dreams_batch_4.json","O'zbek","legacy-uz","legacy","1"
"dreams_batch_4.json","Русский","взнос","legacy","1"
"dreams_batch_4.json","English","legacy-en","legacy","1"
"dreams_batch_4.json","O'zbek","legacy-uz","legacy","1"
"dreams_batch_4.json","Русский","взрыв","legacy","1"
"dreams_batch_4.json","English","legacy-en","legacy","1"
"dreams_batch_4.json","O'zbek","legacy-uz","legacy","1"
"dreams_batch_4.json","Русский","виадук","legacy","1"
"dreams_batch_4.json","English","legacy-en","legacy","1"
"dreams_batch_4.json","O'zbek","legacy-uz","legacy","1"
"dreams_batch_4.json","Русский","вибрация","legacy","1"
"dreams_batch_4.json","English","legacy-en","legacy","1"
"dreams_batch_4.json","O'zbek","legacy-uz","legacy","1"
"dreams_batch_4.json","Русский","виза","legacy","1"
"dreams_batch_4.json","English","legacy-en","legacy","1"
"dreams_batch_4.json","O'zbek","legacy-uz","legacy","1"
"dreams_batch_4.json","Русский","визит","legacy","1"
"dreams_batch_4.json","English","legacy-en","legacy","1"
"dreams_batch_4.json","O'zbek","legacy-uz","legacy","1"
"dreams_batch_4.json","Русский","визитка","legacy","1"
"dreams_batch_4.json","English","legacy-en","legacy","1"
"dreams_batch_4.json","O'zbek","legacy-uz","legacy","1"
"dreams_batch_4.json","Русский","викторина","legacy","1"
"dreams_batch_4.json","English","legacy-en","legacy","1"
"dreams_batch_4.json","O'zbek","legacy-uz","legacy","1"
"dreams_batch_4.json","Русский","вилка","legacy","1"
"dreams_batch_4.json","English","legacy-en","legacy","1"
"dreams_batch_4.json","O'zbek","legacy-uz","legacy","1"
"dreams_batch_4.json","Русский","вилла","legacy","1"
"dreams_batch_4.json","English","legacy-en","legacy","1"
"dreams_batch_4.json","O'zbek","legacy-uz","legacy","1"
"dreams_batch_4.json","Русский","вина","legacy","1"
"dreams_batch_4.json","English","legacy-en","legacy","1"
"dreams_batch_4.json","O'zbek","legacy-uz","legacy","1"
"dreams_batch_4.json","Русский","винегрет","legacy","1"
"dreams_batch_4.json","English","legacy-en","legacy","1"
"dreams_batch_4.json","O'zbek","legacy-uz","legacy","1"
"dreams_batch_4.json","Русский","вино","legacy","1"
"dreams_batch_4.json","English","legacy-en","legacy","1"
"dreams_batch_4.json","O'zbek","legacy-uz","legacy","1"
"dreams_batch_4.json","Русский","виноград","legacy","1"
"dreams_batch_4.json","English","legacy-en","legacy","1"
"dreams_batch_4.json","O'zbek","legacy-uz","legacy","1"
"dreams_batch_4.json","Русский","винт","legacy","1"
"dreams_batch_4.json","English","legacy-en","legacy","1"
"dreams_batch_4.json","O'zbek","legacy-uz","legacy","1"
"dreams_batch_4.json","Русский","виртуоз","legacy","1"
"dreams_batch_4.json","English","legacy-en","legacy","1"
"dreams_batch_4.json","O'zbek","legacy-uz","legacy","1"
"dreams_batch_4.json","Русский","виселица","legacy","1"
"dreams_batch_4.json","English","legacy-en","legacy","1"
"dreams_batch_4.json","O'zbek","legacy-uz","legacy","1"
"dreams_batch_4.json","Русский","витрина","legacy","1"
"dreams_batch_4.json","English","legacy-en","legacy","1"
"dreams_batch_4.json","O'zbek","legacy-uz","legacy","1"
"dreams_batch_4.json","Русский","вихрь","legacy","1"
"dreams_batch_4.json","English","legacy-en","legacy","1"
"dreams_batch_4.json","O'zbek","legacy-uz","legacy","1"
"dreams_batch_4.json","Русский","вишня","legacy","1"
"dreams_batch_4.json","English","legacy-en","legacy","1"
"dreams_batch_4.json","O'zbek","legacy-uz","legacy","1"
"dreams_batch_4.json","Русский","вклад","legacy","1"
"dreams_batch_4.json","English","legacy-en","legacy","1"
"dreams_batch_4.json","O'zbek","legacy-uz","legacy","1"
"dreams_batch_4.json","Русский","вкус","legacy","1"
"dreams_batch_4.json","English","legacy-en","legacy","1"
"dreams_batch_4.json","O'zbek","legacy-uz","legacy","1"
"dreams_batch_4.json","Русский","влага","legacy","1"
"dreams_batch_4.json","English","legacy-en","legacy","1"
"dreams_batch_4.json","O'zbek","legacy-uz","legacy","1"
"dreams_batch_4.json","Русский","владение","legacy","1"
"dreams_batch_4.json","English","legacy-en","legacy","1"
"dreams_batch_4.json","O'zbek","legacy-uz","legacy","1"
"dreams_batch_4.json","Русский","власть","legacy","1"
"dreams_batch_4.json","English","legacy-en","legacy","1"
"dreams_batch_4.json","O'zbek","legacy-uz","legacy","1"
"dreams_batch_4.json","Русский","влечение","legacy","1"
"dreams_batch_4.json","English","legacy-en","legacy","1"
"dreams_batch_4.json","O'zbek","legacy-uz","legacy","1"
"dreams_batch_4.json","Русский","влияние","legacy","1"
"dreams_batch_4.json","English","legacy-en","legacy","1"
"dreams_batch_4.json","O'zbek","legacy-uz","legacy","1"
"dreams_batch_4.json","Русский","вложение","legacy","1"
"dreams_batch_4.json","English","legacy-en","legacy","1"
"dreams_batch_4.json","O'zbek","legacy-uz","legacy","1"
"dreams_batch_4.json","Русский","влюбленность","legacy","1"
"dreams_batch_4.json","English","legacy-en","legacy","1"
"dreams_batch_4.json","O'zbek","legacy-uz","legacy","1"
"dreams_batch_4.json","Русский","вмешательство","legacy","1"
"dreams_batch_4.json","English","legacy-en","legacy","1"
"dreams_batch_4.json","O'zbek","legacy-uz","legacy","1"
"dreams_batch_4.json","Русский","вмятина","legacy","1"
"dreams_batch_4.json","English","legacy-en","legacy","1"
"dreams_batch_4.json","O'zbek","legacy-uz","legacy","1"
"dreams_batch_4.json","Русский","внезапность","legacy","1"
"dreams_batch_4.json","English","legacy-en","legacy","1"
"dreams_batch_4.json","O'zbek","legacy-uz","legacy","1"
"dreams_batch_4.json","Русский","внуки","legacy","1"
"dreams_batch_4.json","English","legacy-en","legacy","1"
"dreams_batch_4.json","O'zbek","legacy-uz","legacy","1"
"dreams_batch_4.json","Русский","вода","legacy","1"
"dreams_batch_4.json","English","legacy-en","legacy","1"
"dreams_batch_4.json","O'zbek","legacy-uz","legacy","1"
"dreams_batch_4.json","Русский","водитель","legacy","1"
"dreams_batch_4.json","English","legacy-en","legacy","1"
"dreams_batch_4.json","O'zbek","legacy-uz","legacy","1"
"dreams_batch_4.json","Русский","водка","legacy","1"
"dreams_batch_4.json","English","legacy-en","legacy","1"
"dreams_batch_4.json","O'zbek","legacy-uz","legacy","1"
"dreams_batch_4.json","Русский","водопад","legacy","1"
"dreams_batch_4.json","English","legacy-en","legacy","1"
"dreams_batch_4.json","O'zbek","legacy-uz","legacy","1"
"dreams_batch_4.json","Русский","военачальник","legacy","1"
"dreams_batch_4.json","English","legacy-en","legacy","1"
"dreams_batch_4.json","O'zbek","legacy-uz","legacy","1"
"dreams_batch_4.json","Русский","возвращение","legacy","1"
"dreams_batch_4.json","English","legacy-en","legacy","1"
"dreams_batch_4.json","O'zbek","legacy-uz","legacy","1"
"dreams_batch_4.json","Русский","воздух","legacy","1"
"dreams_batch_4.json","English","legacy-en","legacy","1"
"dreams_batch_4.json","O'zbek","legacy-uz","legacy","1"
"dreams_batch_4.json","Русский","возле","legacy","1"
"dreams_batch_4.json","English","legacy-en","legacy","1"
"dreams_batch_4.json","O'zbek","legacy-uz","legacy","1"
"dreams_batch_4.json","Русский","возмущение","legacy","1"
"dreams_batch_4.json","English","legacy-en","legacy","1"
"dreams_batch_4.json","O'zbek","legacy-uz","legacy","1"
"dreams_batch_40.json","Русский","СЃРјР°СЂС‚С„РѕРЅ","legacy","1"
"dreams_batch_40.json","English","legacy-en","legacy","1"
"dreams_batch_40.json","O'zbek","legacy-uz","legacy","1"
"dreams_batch_40.json","Русский","РєСЂРёРїС‚РѕРІР°Р»СЋС‚Р°","legacy","1"
"dreams_batch_40.json","English","legacy-en","legacy","1"
"dreams_batch_40.json","O'zbek","legacy-uz","legacy","1"
"dreams_batch_40.json","Русский","СЂРѕР±РѕС‚","legacy","1"
"dreams_batch_40.json","English","legacy-en","legacy","1"
"dreams_batch_40.json","O'zbek","legacy-uz","legacy","1"
"dreams_batch_40.json","Русский","Р·РѕРјР±Рё","legacy","1"
"dreams_batch_40.json","English","legacy-en","legacy","1"
"dreams_batch_40.json","O'zbek","legacy-uz","legacy","1"
"dreams_batch_40.json","Русский","РЅР»Рѕ","legacy","1"
"dreams_batch_40.json","English","legacy-en","legacy","1"
"dreams_batch_40.json","O'zbek","legacy-uz","legacy","1"
"dreams_batch_40.json","Русский","СЃРµР»С„Рё","legacy","1"
"dreams_batch_40.json","English","legacy-en","legacy","1"
"dreams_batch_40.json","O'zbek","legacy-uz","legacy","1"
"dreams_batch_40.json","Русский","РґСЂРѕРЅ","legacy","1"
"dreams_batch_40.json","English","legacy-en","legacy","1"
"dreams_batch_40.json","O'zbek","legacy-uz","legacy","1"
"dreams_batch_40.json","Русский","РІРёСЂС‚СѓР°Р»СЊРЅР°СЏ СЂРµР°Р»СЊРЅРѕСЃС‚СЊ","legacy","1"
"dreams_batch_40.json","English","legacy-en","legacy","1"
"dreams_batch_40.json","O'zbek","legacy-uz","legacy","1"
"dreams_batch_40.json","Русский","Р±Р»РѕРіРµСЂ","legacy","1"
"dreams_batch_40.json","English","legacy-en","legacy","1"
"dreams_batch_40.json","O'zbek","legacy-uz","legacy","1"
"dreams_batch_40.json","Русский","РІРёРґРµРѕРёРіСЂР°","legacy","1"
"dreams_batch_40.json","English","legacy-en","legacy","1"
"dreams_batch_40.json","O'zbek","legacy-uz","legacy","1"
"dreams_batch_40.json","Русский","РёРЅС‚РµСЂРЅРµС‚","legacy","1"
"dreams_batch_40.json","English","legacy-en","legacy","1"
"dreams_batch_40.json","O'zbek","legacy-uz","legacy","1"
"dreams_batch_40.json","Русский","РїР°СЂРѕР»СЊ","legacy","1"
"dreams_batch_40.json","English","legacy-en","legacy","1"
"dreams_batch_40.json","O'zbek","legacy-uz","legacy","1"
"dreams_batch_40.json","Русский","Р±РёС‚РєРѕРёРЅ","legacy","1"
"dreams_batch_40.json","English","legacy-en","legacy","1"
"dreams_batch_40.json","O'zbek","legacy-uz","legacy","1"
"dreams_batch_40.json","Русский","РІР°РјРїРёСЂ","legacy","1"
"dreams_batch_40.json","English","legacy-en","legacy","1"
"dreams_batch_40.json","O'zbek","legacy-uz","legacy","1"
"dreams_batch_40.json","Русский","РїСЂРёС€РµР»РµС†","legacy","1"
"dreams_batch_40.json","English","legacy-en","legacy","1"
"dreams_batch_40.json","O'zbek","legacy-uz","legacy","1"
"dreams_batch_40.json","Русский","СЃРѕС†СЃРµС‚СЊ","legacy","1"
"dreams_batch_40.json","English","legacy-en","legacy","1"
"dreams_batch_40.json","O'zbek","legacy-uz","legacy","1"
"dreams_batch_40.json","Русский","С„Р»РµС€РєР°","legacy","1"
"dreams_batch_40.json","English","legacy-en","legacy","1"
"dreams_batch_40.json","O'zbek","legacy-uz","legacy","1"
"dreams_batch_40.json","Русский","РЅР°СѓС€РЅРёРєРё","legacy","1"
"dreams_batch_40.json","English","legacy-en","legacy","1"
"dreams_batch_40.json","O'zbek","legacy-uz","legacy","1"
"dreams_batch_40.json","Русский","РєРёР±РѕСЂРі","legacy","1"
"dreams_batch_40.json","English","legacy-en","legacy","1"
"dreams_batch_40.json","O'zbek","legacy-uz","legacy","1"
"dreams_batch_40.json","Русский","СЃСѓРїРµСЂРіРµСЂРѕР№","legacy","1"
"dreams_batch_40.json","English","legacy-en","legacy","1"
"dreams_batch_40.json","O'zbek","legacy-uz","legacy","1"
"dreams_batch_40.json","Русский","РєРѕСЃРјРѕРЅР°РІС‚","legacy","1"
"dreams_batch_40.json","English","legacy-en","legacy","1"
"dreams_batch_40.json","O'zbek","legacy-uz","legacy","1"
"dreams_batch_40.json","Русский","СЂР°РєРµС‚Р°","legacy","1"
"dreams_batch_40.json","English","legacy-en","legacy","1"
"dreams_batch_40.json","O'zbek","legacy-uz","legacy","1"
"dreams_batch_40.json","Русский","СЃРїСѓС‚РЅРёРє","legacy","1"
"dreams_batch_40.json","English","legacy-en","legacy","1"
"dreams_batch_40.json","O'zbek","legacy-uz","legacy","1"
"dreams_batch_40.json","Русский","С‡РµСЂРЅР°СЏ РґС‹СЂР°","legacy","1"
"dreams_batch_40.json","English","legacy-en","legacy","1"
"dreams_batch_40.json","O'zbek","legacy-uz","legacy","1"
"dreams_batch_40.json","Русский","РіР°Р»Р°РєС‚РёРєР°","legacy","1"
"dreams_batch_40.json","English","legacy-en","legacy","1"
"dreams_batch_40.json","O'zbek","legacy-uz","legacy","1"
"dreams_batch_40.json","Русский","С‚РµР»РµРїРѕСЂС‚","legacy","1"
"dreams_batch_40.json","English","legacy-en","legacy","1"
"dreams_batch_40.json","O'zbek","legacy-uz","legacy","1"
"dreams_batch_40.json","Русский","РјР°С€РёРЅР° РІСЂРµРјРµРЅРё","legacy","1"
"dreams_batch_40.json","English","legacy-en","legacy","1"
"dreams_batch_40.json","O'zbek","legacy-uz","legacy","1"
"dreams_batch_40.json","Русский","РєР»РѕРЅ","legacy","1"
"dreams_batch_40.json","English","legacy-en","legacy","1"
"dreams_batch_40.json","O'zbek","legacy-uz","legacy","1"
"dreams_batch_40.json","Русский","РјСѓС‚Р°С†РёСЏ","legacy","1"
"dreams_batch_40.json","English","legacy-en","legacy","1"
"dreams_batch_40.json","O'zbek","legacy-uz","legacy","1"
"dreams_batch_40.json","Русский","РјРёРєСЂРѕСЃРєРѕРї","legacy","1"
"dreams_batch_40.json","English","legacy-en","legacy","1"
"dreams_batch_40.json","O'zbek","legacy-uz","legacy","1"
"dreams_batch_40.json","Русский","С‚РµР»РµСЃРєРѕРї","legacy","1"
"dreams_batch_40.json","English","legacy-en","legacy","1"
"dreams_batch_40.json","O'zbek","legacy-uz","legacy","1"
"dreams_batch_40.json","Русский","СЂРµРЅС‚РіРµРЅ","legacy","1"
"dreams_batch_40.json","English","legacy-en","legacy","1"
"dreams_batch_40.json","O'zbek","legacy-uz","legacy","1"
"dreams_batch_40.json","Русский","Р»Р°Р·РµСЂ","legacy","1"
"dreams_batch_40.json","English","legacy-en","legacy","1"
"dreams_batch_40.json","O'zbek","legacy-uz","legacy","1"
"dreams_batch_40.json","Русский","РіРѕР»РѕРіСЂР°РјРјР°","legacy","1"
"dreams_batch_40.json","English","legacy-en","legacy","1"
"dreams_batch_40.json","O'zbek","legacy-uz","legacy","1"
"dreams_batch_40.json","Русский","С‡РёРї","legacy","1"
"dreams_batch_40.json","English","legacy-en","legacy","1"
"dreams_batch_40.json","O'zbek","legacy-uz","legacy","1"
"dreams_batch_40.json","Русский","РёРјРїР»Р°РЅС‚","legacy","1"
"dreams_batch_40.json","English","legacy-en","legacy","1"
"dreams_batch_40.json","O'zbek","legacy-uz","legacy","1"
"dreams_batch_40.json","Русский","С…Р°РєРµСЂ","legacy","1"
"dreams_batch_40.json","English","legacy-en","legacy","1"
"dreams_batch_40.json","O'zbek","legacy-uz","legacy","1"
"dreams_batch_40.json","Русский","РІРёСЂСѓСЃ","legacy","1"
"dreams_batch_40.json","English","legacy-en","legacy","1"
"dreams_batch_40.json","O'zbek","legacy-uz","legacy","1"
"dreams_batch_40.json","Русский","Р°РІР°С‚Р°СЂ","legacy","1"
"dreams_batch_40.json","English","legacy-en","legacy","1"
"dreams_batch_40.json","O'zbek","legacy-uz","legacy","1"
"dreams_batch_40.json","Русский","РјРµСЃСЃРµРЅРґР¶РµСЂ","legacy","1"
"dreams_batch_40.json","English","legacy-en","legacy","1"
"dreams_batch_40.json","O'zbek","legacy-uz","legacy","1"
"dreams_batch_40.json","Русский","СЌР»РµРєС‚СЂРѕСЃР°РјРѕРєР°С‚","legacy","1"
"dreams_batch_40.json","English","legacy-en","legacy","1"
"dreams_batch_40.json","O'zbek","legacy-uz","legacy","1"
"dreams_batch_40.json","Русский","РєРІР°РґСЂРѕРєРѕРїС‚РµСЂ","legacy","1"
"dreams_batch_40.json","English","legacy-en","legacy","1"
"dreams_batch_40.json","O'zbek","legacy-uz","legacy","1"
"dreams_batch_40.json","Русский","СѓРјРЅС‹Рµ С‡Р°СЃС‹","legacy","1"
"dreams_batch_40.json","English","legacy-en","legacy","1"
"dreams_batch_40.json","O'zbek","legacy-uz","legacy","1"
"dreams_batch_40.json","Русский","СЃС‚СЂРёРј","legacy","1"
"dreams_batch_40.json","English","legacy-en","legacy","1"
"dreams_batch_40.json","O'zbek","legacy-uz","legacy","1"
"dreams_batch_40.json","Русский","РїРѕРґРєР°СЃС‚","legacy","1"
"dreams_batch_40.json","English","legacy-en","legacy","1"
"dreams_batch_40.json","O'zbek","legacy-uz","legacy","1"
"dreams_batch_40.json","Русский","СЌР»РµРєС‚СЂРѕРЅРЅР°СЏ РїРѕС‡С‚Р°","legacy","1"
"dreams_batch_40.json","English","legacy-en","legacy","1"
"dreams_batch_40.json","O'zbek","legacy-uz","legacy","1"
"dreams_batch_40.json","Русский","СЌР»РµРєС‚СЂРѕРјРѕР±РёР»СЊ","legacy","1"
"dreams_batch_40.json","English","legacy-en","legacy","1"
"dreams_batch_40.json","O'zbek","legacy-uz","legacy","1"
"dreams_batch_40.json","Русский","РЅРµР№СЂРѕСЃРµС‚СЊ","legacy","1"
"dreams_batch_40.json","English","legacy-en","legacy","1"
"dreams_batch_40.json","O'zbek","legacy-uz","legacy","1"
"dreams_batch_40.json","Русский","СЃС‚Р°СЂС‚Р°Рї","legacy","1"
"dreams_batch_40.json","English","legacy-en","legacy","1"
"dreams_batch_40.json","O'zbek","legacy-uz","legacy","1"
"dreams_batch_40.json","Русский","РІР°Р№-С„Р°Р№","legacy","1"
"dreams_batch_40.json","English","legacy-en","legacy","1"
"dreams_batch_40.json","O'zbek","legacy-uz","legacy","1"
"dreams_batch_41.json","Русский","РїСЂРѕРіСЂР°РјРјРёСЃС‚","legacy","1"
"dreams_batch_41.json","English","legacy-en","legacy","1"
"dreams_batch_41.json","O'zbek","legacy-uz","legacy","1"
"dreams_batch_41.json","Русский","РґРёР·Р°Р№РЅРµСЂ","legacy","1"
"dreams_batch_41.json","English","legacy-en","legacy","1"
"dreams_batch_41.json","O'zbek","legacy-uz","legacy","1"
"dreams_batch_41.json","Русский","РєРѕРІРѕСЂРєРёРЅРі","legacy","1"
"dreams_batch_41.json","English","legacy-en","legacy","1"
"dreams_batch_41.json","O'zbek","legacy-uz","legacy","1"
"dreams_batch_41.json","Русский","РґРµРґР»Р°Р№РЅ","legacy","1"
"dreams_batch_41.json","English","legacy-en","legacy","1"
"dreams_batch_41.json","O'zbek","legacy-uz","legacy","1"
"dreams_batch_41.json","Русский","РІРµР±РёРЅР°СЂ","legacy","1"
"dreams_batch_41.json","English","legacy-en","legacy","1"
"dreams_batch_41.json","O'zbek","legacy-uz","legacy","1"
"dreams_batch_41.json","Русский","Р№РѕРіР°","legacy","1"
"dreams_batch_41.json","English","legacy-en","legacy","1"
"dreams_batch_41.json","O'zbek","legacy-uz","legacy","1"
"dreams_batch_41.json","Русский","С„РёС‚РЅРµСЃ","legacy","1"
"dreams_batch_41.json","English","legacy-en","legacy","1"
"dreams_batch_41.json","O'zbek","legacy-uz","legacy","1"
"dreams_batch_41.json","Русский","РґРёРµС‚Р°","legacy","1"
"dreams_batch_41.json","English","legacy-en","legacy","1"
"dreams_batch_41.json","O'zbek","legacy-uz","legacy","1"
"dreams_batch_41.json","Русский","РєРѕСѓС‡","legacy","1"
"dreams_batch_41.json","English","legacy-en","legacy","1"
"dreams_batch_41.json","O'zbek","legacy-uz","legacy","1"
"dreams_batch_41.json","Русский","РІРѕР»РѕРЅС‚РµСЂ","legacy","1"
"dreams_batch_41.json","English","legacy-en","legacy","1"
"dreams_batch_41.json","O'zbek","legacy-uz","legacy","1"
"dreams_batch_41.json","Русский","СЃС‚РѕСЂРёСЃ","legacy","1"
"dreams_batch_41.json","English","legacy-en","legacy","1"
"dreams_batch_41.json","O'zbek","legacy-uz","legacy","1"
"dreams_batch_41.json","Русский","Р»Р°Р№Рє","legacy","1"
"dreams_batch_41.json","English","legacy-en","legacy","1"
"dreams_batch_41.json","O'zbek","legacy-uz","legacy","1"
"dreams_batch_41.json","Русский","С‡Р°С‚","legacy","1"
"dreams_batch_41.json","English","legacy-en","legacy","1"
"dreams_batch_41.json","O'zbek","legacy-uz","legacy","1"
"dreams_batch_41.json","Русский","СЂРµРїРѕСЃС‚","legacy","1"
"dreams_batch_41.json","English","legacy-en","legacy","1"
"dreams_batch_41.json","O'zbek","legacy-uz","legacy","1"
"dreams_batch_41.json","Русский","РєРѕРјРјРµРЅС‚Р°СЂРёР№","legacy","1"
"dreams_batch_41.json","English","legacy-en","legacy","1"
"dreams_batch_41.json","O'zbek","legacy-uz","legacy","1"
"dreams_batch_41.json","Русский","РїСЃРёС…РѕС‚РµСЂР°РїРµРІС‚","legacy","1"
"dreams_batch_41.json","English","legacy-en","legacy","1"
"dreams_batch_41.json","O'zbek","legacy-uz","legacy","1"
"dreams_batch_41.json","Русский","РјРµРґРёС‚Р°С†РёСЏ","legacy","1"
"dreams_batch_41.json","English","legacy-en","legacy","1"
"dreams_batch_41.json","O'zbek","legacy-uz","legacy","1"
"dreams_batch_41.json","Русский","СЃС‚Р°С‚СѓСЃ","legacy","1"
"dreams_batch_41.json","English","legacy-en","legacy","1"
"dreams_batch_41.json","O'zbek","legacy-uz","legacy","1"
"dreams_batch_41.json","Русский","СѓРґР°Р»РµРЅРєР°","legacy","1"
"dreams_batch_41.json","English","legacy-en","legacy","1"
"dreams_batch_41.json","O'zbek","legacy-uz","legacy","1"
"dreams_batch_42.json","Русский","Р»РѕСѓРєРѕСЃС‚РµСЂ","legacy","1"
"dreams_batch_42.json","English","legacy-en","legacy","1"
"dreams_batch_42.json","O'zbek","legacy-uz","legacy","1"
"dreams_batch_42.json","Русский","РЅР°РІРёРіР°С‚РѕСЂ","legacy","1"
"dreams_batch_42.json","English","legacy-en","legacy","1"
"dreams_batch_42.json","O'zbek","legacy-uz","legacy","1"
"dreams_batch_42.json","Русский","СЌРєРѕС‚СѓСЂ","legacy","1"
"dreams_batch_42.json","English","legacy-en","legacy","1"
"dreams_batch_42.json","O'zbek","legacy-uz","legacy","1"
"dreams_batch_42.json","Русский","РїРµСЂРµСЃР°РґРєР°","legacy","1"
"dreams_batch_42.json","English","legacy-en","legacy","1"
"dreams_batch_42.json","O'zbek","legacy-uz","legacy","1"
"dreams_batch_42.json","Русский","РґР¶РµС‚Р»Р°Рі","legacy","1"
"dreams_batch_42.json","English","legacy-en","legacy","1"
"dreams_batch_42.json","O'zbek","legacy-uz","legacy","1"
"dreams_batch_42.json","Русский","РєСЂСѓРёР·","legacy","1"
"dreams_batch_42.json","English","legacy-en","legacy","1"
"dreams_batch_42.json","O'zbek","legacy-uz","legacy","1"
"dreams_batch_42.json","Русский","РІРёР·Р°","legacy","1"
"dreams_batch_42.json","English","legacy-en","legacy","1"
"dreams_batch_42.json","O'zbek","legacy-uz","legacy","1"
"dreams_batch_42.json","Русский","СЃС‚СЋР°СЂРґРµСЃСЃР°","legacy","1"
"dreams_batch_42.json","English","legacy-en","legacy","1"
"dreams_batch_42.json","O'zbek","legacy-uz","legacy","1"
"dreams_batch_42.json","Русский","Р±РёР·РЅРµСЃ-РєР»Р°СЃСЃ","legacy","1"
"dreams_batch_42.json","English","legacy-en","legacy","1"
"dreams_batch_42.json","O'zbek","legacy-uz","legacy","1"
"dreams_batch_42.json","Русский","С‡РµРјРѕРґР°РЅ","legacy","1"
"dreams_batch_42.json","English","legacy-en","legacy","1"
"dreams_batch_42.json","O'zbek","legacy-uz","legacy","1"
"dreams_batch_42.json","Русский","РїР°СЃРїРѕСЂС‚РЅС‹Р№ РєРѕРЅС‚СЂРѕР»СЊ","legacy","1"
"dreams_batch_42.json","English","legacy-en","legacy","1"
"dreams_batch_42.json","O'zbek","legacy-uz","legacy","1"
"dreams_batch_42.json","Русский","РґСЊСЋС‚Рё-С„СЂРё","legacy","1"
"dreams_batch_42.json","English","legacy-en","legacy","1"
"dreams_batch_42.json","O'zbek","legacy-uz","legacy","1"
"dreams_batch_42.json","Русский","С‚СѓСЂР±СѓР»РµРЅС‚РЅРѕСЃС‚СЊ","legacy","1"
"dreams_batch_42.json","English","legacy-en","legacy","1"
"dreams_batch_42.json","O'zbek","legacy-uz","legacy","1"
"dreams_batch_42.json","Русский","Р°РІС‚РѕСЃС‚РѕРї","legacy","1"
"dreams_batch_42.json","English","legacy-en","legacy","1"
"dreams_batch_42.json","O'zbek","legacy-uz","legacy","1"
"dreams_batch_42.json","Русский","С„СѓРЅРёРєСѓР»РµСЂ","legacy","1"
"dreams_batch_42.json","English","legacy-en","legacy","1"
"dreams_batch_42.json","O'zbek","legacy-uz","legacy","1"
"dreams_batch_42.json","Русский","СЏС…С‚-РєР»СѓР±","legacy","1"
"dreams_batch_42.json","English","legacy-en","legacy","1"
"dreams_batch_42.json","O'zbek","legacy-uz","legacy","1"
"dreams_batch_42.json","Русский","РјРµС‚СЂРѕРїРѕР»РёС‚РµРЅ","legacy","1"
"dreams_batch_42.json","English","legacy-en","legacy","1"
"dreams_batch_42.json","O'zbek","legacy-uz","legacy","1"
"dreams_batch_42.json","Русский","СЌСЃРєР°Р»Р°С‚РѕСЂ","legacy","1"
"dreams_batch_42.json","English","legacy-en","legacy","1"
"dreams_batch_42.json","O'zbek","legacy-uz","legacy","1"
"dreams_batch_42.json","Русский","РїР°СЂРѕРј","legacy","1"
"dreams_batch_42.json","English","legacy-en","legacy","1"
"dreams_batch_42.json","O'zbek","legacy-uz","legacy","1"
"dreams_batch_42.json","Русский","С‚РµСЂРјРёРЅР°Р»","legacy","1"
"dreams_batch_42.json","English","legacy-en","legacy","1"
"dreams_batch_42.json","O'zbek","legacy-uz","legacy","1"
"dreams_batch_43.json","Русский","Р°РІРѕРєР°РґРѕ","legacy","1"
"dreams_batch_43.json","English","legacy-en","legacy","1"
"dreams_batch_43.json","O'zbek","legacy-uz","legacy","1"
"dreams_batch_43.json","Русский","СЃРјСѓР·Рё","legacy","1"
"dreams_batch_43.json","English","legacy-en","legacy","1"
"dreams_batch_43.json","O'zbek","legacy-uz","legacy","1"
"dreams_batch_43.json","Русский","СЃСѓС€Рё","legacy","1"
"dreams_batch_43.json","English","legacy-en","legacy","1"
"dreams_batch_43.json","O'zbek","legacy-uz","legacy","1"
"dreams_batch_43.json","Русский","Р±СѓСЂРіРµСЂ","legacy","1"
"dreams_batch_43.json","English","legacy-en","legacy","1"
"dreams_batch_43.json","O'zbek","legacy-uz","legacy","1"
"dreams_batch_43.json","Русский","РєР°РїСѓС‡РёРЅРѕ","legacy","1"
"dreams_batch_43.json","English","legacy-en","legacy","1"
"dreams_batch_43.json","O'zbek","legacy-uz","legacy","1"
"dreams_batch_43.json","Русский","РјР°С‚С‡Р°","legacy","1"
"dreams_batch_43.json","English","legacy-en","legacy","1"
"dreams_batch_43.json","O'zbek","legacy-uz","legacy","1"
"dreams_batch_43.json","Русский","СЃС‚РµР№Рє","legacy","1"
"dreams_batch_43.json","English","legacy-en","legacy","1"
"dreams_batch_43.json","O'zbek","legacy-uz","legacy","1"
"dreams_batch_43.json","Русский","РїРёС†С†Р°","legacy","1"
"dreams_batch_43.json","English","legacy-en","legacy","1"
"dreams_batch_43.json","O'zbek","legacy-uz","legacy","1"
"dreams_batch_43.json","Русский","РІРµРіР°РЅ","legacy","1"
"dreams_batch_43.json","English","legacy-en","legacy","1"
"dreams_batch_43.json","O'zbek","legacy-uz","legacy","1"
"dreams_batch_43.json","Русский","РґРµРіСѓСЃС‚Р°С†РёСЏ","legacy","1"
"dreams_batch_43.json","English","legacy-en","legacy","1"
"dreams_batch_43.json","O'zbek","legacy-uz","legacy","1"
"dreams_batch_43.json","Русский","С€РµС„-РїРѕРІР°СЂ","legacy","1"
"dreams_batch_43.json","English","legacy-en","legacy","1"
"dreams_batch_43.json","O'zbek","legacy-uz","legacy","1"
"dreams_batch_43.json","Русский","Р±Р°РЅРєРµС‚","legacy","1"
"dreams_batch_43.json","English","legacy-en","legacy","1"
"dreams_batch_43.json","O'zbek","legacy-uz","legacy","1"
"dreams_batch_43.json","Русский","РїРёРєРЅРёРє","legacy","1"
"dreams_batch_43.json","English","legacy-en","legacy","1"
"dreams_batch_43.json","O'zbek","legacy-uz","legacy","1"
"dreams_batch_43.json","Русский","СЃСѓРїРµСЂРјР°СЂРєРµС‚","legacy","1"
"dreams_batch_43.json","English","legacy-en","legacy","1"
"dreams_batch_43.json","O'zbek","legacy-uz","legacy","1"
"dreams_batch_43.json","Русский","РґРµР»РёРєР°С‚РµСЃ","legacy","1"
"dreams_batch_43.json","English","legacy-en","legacy","1"
"dreams_batch_43.json","O'zbek","legacy-uz","legacy","1"
"dreams_batch_43.json","Русский","С„Р°СЃС‚С„СѓРґ","legacy","1"
"dreams_batch_43.json","English","legacy-en","legacy","1"
"dreams_batch_43.json","O'zbek","legacy-uz","legacy","1"
"dreams_batch_43.json","Русский","РґРµСЃРµСЂС‚","legacy","1"
"dreams_batch_43.json","English","legacy-en","legacy","1"
"dreams_batch_43.json","O'zbek","legacy-uz","legacy","1"
"dreams_batch_43.json","Русский","РєРѕРєС‚РµР№Р»СЊ","legacy","1"
"dreams_batch_43.json","English","legacy-en","legacy","1"
"dreams_batch_43.json","O'zbek","legacy-uz","legacy","1"
"dreams_batch_43.json","Русский","РјРµРЅСЋ","legacy","1"
"dreams_batch_43.json","English","legacy-en","legacy","1"
"dreams_batch_43.json","O'zbek","legacy-uz","legacy","1"
"dreams_batch_43.json","Русский","СЃРїРµС†РёРё","legacy","1"
"dreams_batch_43.json","English","legacy-en","legacy","1"
"dreams_batch_43.json","O'zbek","legacy-uz","legacy","1"
"dreams_batch_44.json","Русский","СЂРѕР±РѕС‚-РїС‹Р»РµСЃРѕСЃ","legacy","1"
"dreams_batch_44.json","English","legacy-en","legacy","1"
"dreams_batch_44.json","O'zbek","legacy-uz","legacy","1"
"dreams_batch_44.json","Русский","СѓРјРЅС‹Р№ РґРѕРј","legacy","1"
"dreams_batch_44.json","English","legacy-en","legacy","1"
"dreams_batch_44.json","O'zbek","legacy-uz","legacy","1"
"dreams_batch_44.json","Русский","СЃРјР°СЂС‚-С‚РІ","legacy","1"
"dreams_batch_44.json","English","legacy-en","legacy","1"
"dreams_batch_44.json","O'zbek","legacy-uz","legacy","1"
"dreams_batch_44.json","Русский","РєСѓСЂСЊРµСЂ","legacy","1"
"dreams_batch_44.json","English","legacy-en","legacy","1"
"dreams_batch_44.json","O'zbek","legacy-uz","legacy","1"
"dreams_batch_44.json","Русский","РґРѕСЃС‚Р°РІРєР° РµРґС‹","legacy","1"
"dreams_batch_44.json","English","legacy-en","legacy","1"
"dreams_batch_44.json","O'zbek","legacy-uz","legacy","1"
"dreams_batch_44.json","Русский","РѕРЅР»Р°Р№РЅ-С€РѕРїРёРЅРі","legacy","1"
"dreams_batch_44.json","English","legacy-en","legacy","1"
"dreams_batch_44.json","O'zbek","legacy-uz","legacy","1"
"dreams_batch_44.json","Русский","РІРёРґРµРѕРЅР°Р±Р»СЋРґРµРЅРёРµ","legacy","1"
"dreams_batch_44.json","English","legacy-en","legacy","1"
"dreams_batch_44.json","O'zbek","legacy-uz","legacy","1"
"dreams_batch_44.json","Русский","РґРѕРјРѕС„РѕРЅ","legacy","1"
"dreams_batch_44.json","English","legacy-en","legacy","1"
"dreams_batch_44.json","O'zbek","legacy-uz","legacy","1"
"dreams_batch_44.json","Русский","РєР»РёРЅРёРЅРі","legacy","1"
"dreams_batch_44.json","English","legacy-en","legacy","1"
"dreams_batch_44.json","O'zbek","legacy-uz","legacy","1"
"dreams_batch_44.json","Русский","СЃРѕР»РЅРµС‡РЅС‹Рµ Р±Р°С‚Р°СЂРµРё","legacy","1"
"dreams_batch_44.json","English","legacy-en","legacy","1"
"dreams_batch_44.json","O'zbek","legacy-uz","legacy","1"
"dreams_batch_44.json","Русский","РјРёРЅРёРјР°Р»РёР·Рј","legacy","1"
"dreams_batch_44.json","English","legacy-en","legacy","1"
"dreams_batch_44.json","O'zbek","legacy-uz","legacy","1"
"dreams_batch_44.json","Русский","РіР°СЂРґРµСЂРѕР±РЅР°СЏ","legacy","1"
"dreams_batch_44.json","English","legacy-en","legacy","1"
"dreams_batch_44.json","O'zbek","legacy-uz","legacy","1"
"dreams_batch_44.json","Русский","РєРѕРЅРґРёС†РёРѕРЅРµСЂ","legacy","1"
"dreams_batch_44.json","English","legacy-en","legacy","1"
"dreams_batch_44.json","O'zbek","legacy-uz","legacy","1"
"dreams_batch_44.json","Русский","СѓРІР»Р°Р¶РЅРёС‚РµР»СЊ РІРѕР·РґСѓС…Р°","legacy","1"
"dreams_batch_44.json","English","legacy-en","legacy","1"
"dreams_batch_44.json","O'zbek","legacy-uz","legacy","1"
"dreams_batch_44.json","Русский","РїРѕСЃСѓРґРѕРјРѕР№РєР°","legacy","1"
"dreams_batch_44.json","English","legacy-en","legacy","1"
"dreams_batch_44.json","O'zbek","legacy-uz","legacy","1"
"dreams_batch_44.json","Русский","РєРѕС„РµРјР°С€РёРЅР°","legacy","1"
"dreams_batch_44.json","English","legacy-en","legacy","1"
"dreams_batch_44.json","O'zbek","legacy-uz","legacy","1"
"dreams_batch_44.json","Русский","РёРїРѕС‚РµРєР°","legacy","1"
"dreams_batch_44.json","English","legacy-en","legacy","1"
"dreams_batch_44.json","O'zbek","legacy-uz","legacy","1"
"dreams_batch_44.json","Русский","Р°РїР°СЂС‚Р°РјРµРЅС‚С‹","legacy","1"
"dreams_batch_44.json","English","legacy-en","legacy","1"
"dreams_batch_44.json","O'zbek","legacy-uz","legacy","1"
"dreams_batch_44.json","Русский","РїРµРЅС‚С…Р°СѓСЃ","legacy","1"
"dreams_batch_44.json","English","legacy-en","legacy","1"
"dreams_batch_44.json","O'zbek","legacy-uz","legacy","1"
"dreams_batch_44.json","Русский","РєРѕРЅСЃСЊРµСЂР¶","legacy","1"
"dreams_batch_44.json","English","legacy-en","legacy","1"
"dreams_batch_44.json","O'zbek","legacy-uz","legacy","1"
"dreams_batch_5.json","Русский","возраст","legacy","1"
"dreams_batch_5.json","English","legacy-en","legacy","1"
"dreams_batch_5.json","O'zbek","legacy-uz","legacy","1"
"dreams_batch_5.json","Русский","воин","legacy","1"
"dreams_batch_5.json","English","legacy-en","legacy","1"
"dreams_batch_5.json","O'zbek","legacy-uz","legacy","1"
"dreams_batch_5.json","Русский","война","legacy","1"
"dreams_batch_5.json","English","legacy-en","legacy","1"
"dreams_batch_5.json","O'zbek","legacy-uz","legacy","1"
"dreams_batch_5.json","Русский","войско","legacy","1"
"dreams_batch_5.json","English","legacy-en","legacy","1"
"dreams_batch_5.json","O'zbek","legacy-uz","legacy","1"
"dreams_batch_5.json","Русский","вокал","legacy","1"
"dreams_batch_5.json","English","legacy-en","legacy","1"
"dreams_batch_5.json","O'zbek","legacy-uz","legacy","1"
"dreams_batch_5.json","Русский","вокзал","legacy","1"
"dreams_batch_5.json","English","legacy-en","legacy","1"
"dreams_batch_5.json","O'zbek","legacy-uz","legacy","1"
"dreams_batch_5.json","Русский","волан","legacy","1"
"dreams_batch_5.json","English","legacy-en","legacy","1"
"dreams_batch_5.json","O'zbek","legacy-uz","legacy","1"
"dreams_batch_5.json","Русский","волк","legacy","1"
"dreams_batch_5.json","English","legacy-en","legacy","1"
"dreams_batch_5.json","O'zbek","legacy-uz","legacy","1"
"dreams_batch_5.json","Русский","волна","legacy","1"
"dreams_batch_5.json","English","legacy-en","legacy","1"
"dreams_batch_5.json","O'zbek","legacy-uz","legacy","1"
"dreams_batch_5.json","Русский","волосы","legacy","1"
"dreams_batch_5.json","English","legacy-en","legacy","1"
"dreams_batch_5.json","O'zbek","legacy-uz","legacy","1"
"dreams_batch_5.json","Русский","воплощение","legacy","1"
"dreams_batch_5.json","English","legacy-en","legacy","1"
"dreams_batch_5.json","O'zbek","legacy-uz","legacy","1"
"dreams_batch_5.json","Русский","вопль","legacy","1"
"dreams_batch_5.json","English","legacy-en","legacy","1"
"dreams_batch_5.json","O'zbek","legacy-uz","legacy","1"
"dreams_batch_5.json","Русский","воробей","legacy","1"
"dreams_batch_5.json","English","legacy-en","legacy","1"
"dreams_batch_5.json","O'zbek","legacy-uz","legacy","1"
"dreams_batch_5.json","Русский","ворон","legacy","1"
"dreams_batch_5.json","English","legacy-en","legacy","1"
"dreams_batch_5.json","O'zbek","legacy-uz","legacy","1"
"dreams_batch_5.json","Русский","ворона","legacy","1"
"dreams_batch_5.json","English","legacy-en","legacy","1"
"dreams_batch_5.json","O'zbek","legacy-uz","legacy","1"
"dreams_batch_5.json","Русский","воронка","legacy","1"
"dreams_batch_5.json","English","legacy-en","legacy","1"
"dreams_batch_5.json","O'zbek","legacy-uz","legacy","1"
"dreams_batch_5.json","Русский","ворота","legacy","1"
"dreams_batch_5.json","English","legacy-en","legacy","1"
"dreams_batch_5.json","O'zbek","legacy-uz","legacy","1"
"dreams_batch_5.json","Русский","ворс","legacy","1"
"dreams_batch_5.json","English","legacy-en","legacy","1"
"dreams_batch_5.json","O'zbek","legacy-uz","legacy","1"
"dreams_batch_5.json","Русский","воск","legacy","1"
"dreams_batch_5.json","English","legacy-en","legacy","1"
"dreams_batch_5.json","O'zbek","legacy-uz","legacy","1"
"dreams_batch_5.json","Русский","воскресенье","legacy","1"
"dreams_batch_5.json","English","legacy-en","legacy","1"
"dreams_batch_5.json","O'zbek","legacy-uz","legacy","1"
"dreams_batch_5.json","Русский","восток","legacy","1"
"dreams_batch_5.json","English","legacy-en","legacy","1"
"dreams_batch_5.json","O'zbek","legacy-uz","legacy","1"
"dreams_batch_5.json","Русский","восход","legacy","1"
"dreams_batch_5.json","English","legacy-en","legacy","1"
"dreams_batch_5.json","O'zbek","legacy-uz","legacy","1"
"dreams_batch_5.json","Русский","восхождение","legacy","1"
"dreams_batch_5.json","English","legacy-en","legacy","1"
"dreams_batch_5.json","O'zbek","legacy-uz","legacy","1"
"dreams_batch_5.json","Русский","враг","legacy","1"
"dreams_batch_5.json","English","legacy-en","legacy","1"
"dreams_batch_5.json","O'zbek","legacy-uz","legacy","1"
"dreams_batch_5.json","Русский","вражда","legacy","1"
"dreams_batch_5.json","English","legacy-en","legacy","1"
"dreams_batch_5.json","O'zbek","legacy-uz","legacy","1"
"dreams_batch_5.json","Русский","вранье","legacy","1"
"dreams_batch_5.json","English","legacy-en","legacy","1"
"dreams_batch_5.json","O'zbek","legacy-uz","legacy","1"
"dreams_batch_5.json","Русский","врач","legacy","1"
"dreams_batch_5.json","English","legacy-en","legacy","1"
"dreams_batch_5.json","O'zbek","legacy-uz","legacy","1"
"dreams_batch_5.json","Русский","вред","legacy","1"
"dreams_batch_5.json","English","legacy-en","legacy","1"
"dreams_batch_5.json","O'zbek","legacy-uz","legacy","1"
"dreams_batch_5.json","Русский","время","legacy","1"
"dreams_batch_5.json","English","legacy-en","legacy","1"
"dreams_batch_5.json","O'zbek","legacy-uz","legacy","1"
"dreams_batch_5.json","Русский","всадник","legacy","1"
"dreams_batch_5.json","English","legacy-en","legacy","1"
"dreams_batch_5.json","O'zbek","legacy-uz","legacy","1"
"dreams_batch_5.json","Русский","вселенная","legacy","1"
"dreams_batch_5.json","English","legacy-en","legacy","1"
"dreams_batch_5.json","O'zbek","legacy-uz","legacy","1"
"dreams_batch_5.json","Русский","вспышка","legacy","1"
"dreams_batch_5.json","English","legacy-en","legacy","1"
"dreams_batch_5.json","O'zbek","legacy-uz","legacy","1"
"dreams_batch_5.json","Русский","встреча","legacy","1"
"dreams_batch_5.json","English","legacy-en","legacy","1"
"dreams_batch_5.json","O'zbek","legacy-uz","legacy","1"
"dreams_batch_5.json","Русский","вторжение","legacy","1"
"dreams_batch_5.json","English","legacy-en","legacy","1"
"dreams_batch_5.json","O'zbek","legacy-uz","legacy","1"
"dreams_batch_5.json","Русский","вторник","legacy","1"
"dreams_batch_5.json","English","legacy-en","legacy","1"
"dreams_batch_5.json","O'zbek","legacy-uz","legacy","1"
"dreams_batch_5.json","Русский","вулкан","legacy","1"
"dreams_batch_5.json","English","legacy-en","legacy","1"
"dreams_batch_5.json","O'zbek","legacy-uz","legacy","1"
"dreams_batch_5.json","Русский","вход","legacy","1"
"dreams_batch_5.json","English","legacy-en","legacy","1"
"dreams_batch_5.json","O'zbek","legacy-uz","legacy","1"
"dreams_batch_5.json","Русский","вчера","legacy","1"
"dreams_batch_5.json","English","legacy-en","legacy","1"
"dreams_batch_5.json","O'zbek","legacy-uz","legacy","1"
"dreams_batch_5.json","Русский","вчерашний","legacy","1"
"dreams_batch_5.json","English","legacy-en","legacy","1"
"dreams_batch_5.json","O'zbek","legacy-uz","legacy","1"
"dreams_batch_5.json","Русский","выбор","legacy","1"
"dreams_batch_5.json","English","legacy-en","legacy","1"
"dreams_batch_5.json","O'zbek","legacy-uz","legacy","1"
"dreams_batch_5.json","Русский","вывод","legacy","1"
"dreams_batch_5.json","English","legacy-en","legacy","1"
"dreams_batch_5.json","O'zbek","legacy-uz","legacy","1"
"dreams_batch_5.json","Русский","выгода","legacy","1"
"dreams_batch_5.json","English","legacy-en","legacy","1"
"dreams_batch_5.json","O'zbek","legacy-uz","legacy","1"
"dreams_batch_5.json","Русский","выезд","legacy","1"
"dreams_batch_5.json","English","legacy-en","legacy","1"
"dreams_batch_5.json","O'zbek","legacy-uz","legacy","1"
"dreams_batch_5.json","Русский","вызов","legacy","1"
"dreams_batch_5.json","English","legacy-en","legacy","1"
"dreams_batch_5.json","O'zbek","legacy-uz","legacy","1"
"dreams_batch_5.json","Русский","выигрыш","legacy","1"
"dreams_batch_5.json","English","legacy-en","legacy","1"
"dreams_batch_5.json","O'zbek","legacy-uz","legacy","1"
"dreams_batch_5.json","Русский","выкуп","legacy","1"
"dreams_batch_5.json","English","legacy-en","legacy","1"
"dreams_batch_5.json","O'zbek","legacy-uz","legacy","1"
"dreams_batch_5.json","Русский","выносливость","legacy","1"
"dreams_batch_5.json","English","legacy-en","legacy","1"
"dreams_batch_5.json","O'zbek","legacy-uz","legacy","1"
"dreams_batch_5.json","Русский","выпечка","legacy","1"
"dreams_batch_5.json","English","legacy-en","legacy","1"
"dreams_batch_5.json","O'zbek","legacy-uz","legacy","1"
"dreams_batch_5.json","Русский","выплата","legacy","1"
"dreams_batch_5.json","English","legacy-en","legacy","1"
"dreams_batch_5.json","O'zbek","legacy-uz","legacy","1"
"dreams_batch_5.json","Русский","выпуск","legacy","1"
"dreams_batch_5.json","English","legacy-en","legacy","1"
"dreams_batch_5.json","O'zbek","legacy-uz","legacy","1"
"dreams_batch_5.json","Русский","выработка","legacy","1"
"dreams_batch_5.json","English","legacy-en","legacy","1"
"dreams_batch_5.json","O'zbek","legacy-uz","legacy","1"
"dreams_batch_5.json","Русский","выскочка","legacy","1"
"dreams_batch_5.json","English","legacy-en","legacy","1"
"dreams_batch_5.json","O'zbek","legacy-uz","legacy","1"
"dreams_batch_5.json","Русский","высота","legacy","1"
"dreams_batch_5.json","English","legacy-en","legacy","1"
"dreams_batch_5.json","O'zbek","legacy-uz","legacy","1"
"dreams_batch_5.json","Русский","выстрел","legacy","1"
"dreams_batch_5.json","English","legacy-en","legacy","1"
"dreams_batch_5.json","O'zbek","legacy-uz","legacy","1"
"dreams_batch_5.json","Русский","выход","legacy","1"
"dreams_batch_5.json","English","legacy-en","legacy","1"
"dreams_batch_5.json","O'zbek","legacy-uz","legacy","1"
"dreams_batch_5.json","Русский","выходка","legacy","1"
"dreams_batch_5.json","English","legacy-en","legacy","1"
"dreams_batch_5.json","O'zbek","legacy-uz","legacy","1"
"dreams_batch_5.json","Русский","вышка","legacy","1"
"dreams_batch_5.json","English","legacy-en","legacy","1"
"dreams_batch_5.json","O'zbek","legacy-uz","legacy","1"
"dreams_batch_5.json","Русский","вьюга","legacy","1"
"dreams_batch_5.json","English","legacy-en","legacy","1"
"dreams_batch_5.json","O'zbek","legacy-uz","legacy","1"
"dreams_batch_5.json","Русский","вязание","legacy","1"
"dreams_batch_5.json","English","legacy-en","legacy","1"
"dreams_batch_5.json","O'zbek","legacy-uz","legacy","1"
"dreams_batch_5.json","Русский","вялость","legacy","1"
"dreams_batch_5.json","English","legacy-en","legacy","1"
"dreams_batch_5.json","O'zbek","legacy-uz","legacy","1"
"dreams_batch_5.json","Русский","гавань","legacy","1"
"dreams_batch_5.json","English","legacy-en","legacy","1"
"dreams_batch_5.json","O'zbek","legacy-uz","legacy","1"
"dreams_batch_5.json","Русский","гадалка","legacy","1"
"dreams_batch_5.json","English","legacy-en","legacy","1"
"dreams_batch_5.json","O'zbek","legacy-uz","legacy","1"
"dreams_batch_5.json","Русский","гадание","legacy","1"
"dreams_batch_5.json","English","legacy-en","legacy","1"
"dreams_batch_5.json","O'zbek","legacy-uz","legacy","1"
"dreams_batch_5.json","Русский","гадюка","legacy","1"
"dreams_batch_5.json","English","legacy-en","legacy","1"
"dreams_batch_5.json","O'zbek","legacy-uz","legacy","1"
"dreams_batch_5.json","Русский","газета","legacy","1"
"dreams_batch_5.json","English","legacy-en","legacy","1"
"dreams_batch_5.json","O'zbek","legacy-uz","legacy","1"
"dreams_batch_5.json","Русский","газон","legacy","1"
"dreams_batch_5.json","English","legacy-en","legacy","1"
"dreams_batch_5.json","O'zbek","legacy-uz","legacy","1"
"dreams_batch_5.json","Русский","гайка","legacy","1"
"dreams_batch_5.json","English","legacy-en","legacy","1"
"dreams_batch_5.json","O'zbek","legacy-uz","legacy","1"
"dreams_batch_5.json","Русский","галерея","legacy","1"
"dreams_batch_5.json","English","legacy-en","legacy","1"
"dreams_batch_5.json","O'zbek","legacy-uz","legacy","1"
"dreams_batch_5.json","Русский","галлюцинация","legacy","1"
"dreams_batch_5.json","English","legacy-en","legacy","1"
"dreams_batch_5.json","O'zbek","legacy-uz","legacy","1"
"dreams_batch_5.json","Русский","галоп","legacy","1"
"dreams_batch_5.json","English","legacy-en","legacy","1"
"dreams_batch_5.json","O'zbek","legacy-uz","legacy","1"
"dreams_batch_5.json","Русский","галстук","legacy","1"
"dreams_batch_5.json","English","legacy-en","legacy","1"
"dreams_batch_5.json","O'zbek","legacy-uz","legacy","1"
"dreams_batch_5.json","Русский","галька","legacy","1"
"dreams_batch_5.json","English","legacy-en","legacy","1"
"dreams_batch_5.json","O'zbek","legacy-uz","legacy","1"
"dreams_batch_5.json","Русский","гамак","legacy","1"
"dreams_batch_5.json","English","legacy-en","legacy","1"
"dreams_batch_5.json","O'zbek","legacy-uz","legacy","1"
"dreams_batch_5.json","Русский","гамма","legacy","1"
"dreams_batch_5.json","English","legacy-en","legacy","1"
"dreams_batch_5.json","O'zbek","legacy-uz","legacy","1"
"dreams_batch_5.json","Русский","гантель","legacy","1"
"dreams_batch_5.json","English","legacy-en","legacy","1"
"dreams_batch_5.json","O'zbek","legacy-uz","legacy","1"
"dreams_batch_5.json","Русский","гараж","legacy","1"
"dreams_batch_5.json","English","legacy-en","legacy","1"
"dreams_batch_5.json","O'zbek","legacy-uz","legacy","1"
"dreams_batch_5.json","Русский","гарантия","legacy","1"
"dreams_batch_5.json","English","legacy-en","legacy","1"
"dreams_batch_5.json","O'zbek","legacy-uz","legacy","1"
"dreams_batch_5.json","Русский","гардероб","legacy","1"
"dreams_batch_5.json","English","legacy-en","legacy","1"
"dreams_batch_5.json","O'zbek","legacy-uz","legacy","1"
"dreams_batch_5.json","Русский","гармония","legacy","1"
"dreams_batch_5.json","English","legacy-en","legacy","1"
"dreams_batch_5.json","O'zbek","legacy-uz","legacy","1"
"dreams_batch_5.json","Русский","гарнир","legacy","1"
"dreams_batch_5.json","English","legacy-en","legacy","1"
"dreams_batch_5.json","O'zbek","legacy-uz","legacy","1"
"dreams_batch_5.json","Русский","гастроли","legacy","1"
"dreams_batch_5.json","English","legacy-en","legacy","1"
"dreams_batch_5.json","O'zbek","legacy-uz","legacy","1"
"dreams_batch_5.json","Русский","гвоздика","legacy","1"
"dreams_batch_5.json","English","legacy-en","legacy","1"
"dreams_batch_5.json","O'zbek","legacy-uz","legacy","1"
"dreams_batch_5.json","Русский","гвоздь","legacy","1"
"dreams_batch_5.json","English","legacy-en","legacy","1"
"dreams_batch_5.json","O'zbek","legacy-uz","legacy","1"
"dreams_batch_5.json","Русский","гейзер","legacy","1"
"dreams_batch_5.json","English","legacy-en","legacy","1"
"dreams_batch_5.json","O'zbek","legacy-uz","legacy","1"
"dreams_batch_5.json","Русский","география","legacy","1"
"dreams_batch_5.json","English","legacy-en","legacy","1"
"dreams_batch_5.json","O'zbek","legacy-uz","legacy","1"
"dreams_batch_5.json","Русский","герб","legacy","1"
"dreams_batch_5.json","English","legacy-en","legacy","1"
"dreams_batch_5.json","O'zbek","legacy-uz","legacy","1"
"dreams_batch_5.json","Русский","герой","legacy","1"
"dreams_batch_5.json","English","legacy-en","legacy","1"
"dreams_batch_5.json","O'zbek","legacy-uz","legacy","1"
"dreams_batch_5.json","Русский","гибель","legacy","1"
"dreams_batch_5.json","English","legacy-en","legacy","1"
"dreams_batch_5.json","O'zbek","legacy-uz","legacy","1"
"dreams_batch_5.json","Русский","гигант","legacy","1"
"dreams_batch_5.json","English","legacy-en","legacy","1"
"dreams_batch_5.json","O'zbek","legacy-uz","legacy","1"
"dreams_batch_5.json","Русский","гимн","legacy","1"
"dreams_batch_5.json","English","legacy-en","legacy","1"
"dreams_batch_5.json","O'zbek","legacy-uz","legacy","1"
"dreams_batch_5.json","Русский","гипс","legacy","1"
"dreams_batch_5.json","English","legacy-en","legacy","1"
"dreams_batch_5.json","O'zbek","legacy-uz","legacy","1"
"dreams_batch_5.json","Русский","гирлянда","legacy","1"
"dreams_batch_5.json","English","legacy-en","legacy","1"
"dreams_batch_5.json","O'zbek","legacy-uz","legacy","1"
"dreams_batch_5.json","Русский","гиря","legacy","1"
"dreams_batch_5.json","English","legacy-en","legacy","1"
"dreams_batch_5.json","O'zbek","legacy-uz","legacy","1"
"dreams_batch_5.json","Русский","гитара","legacy","1"
"dreams_batch_5.json","English","legacy-en","legacy","1"
"dreams_batch_5.json","O'zbek","legacy-uz","legacy","1"
"dreams_batch_5.json","Русский","глаз","legacy","1"
"dreams_batch_5.json","English","legacy-en","legacy","1"
"dreams_batch_5.json","O'zbek","legacy-uz","legacy","1"
"dreams_batch_5.json","Русский","глаза","legacy","1"
"dreams_batch_5.json","English","legacy-en","legacy","1"
"dreams_batch_5.json","O'zbek","legacy-uz","legacy","1"
"dreams_batch_5.json","Русский","глазурь","legacy","1"
"dreams_batch_5.json","English","legacy-en","legacy","1"
"dreams_batch_5.json","O'zbek","legacy-uz","legacy","1"
"dreams_batch_5.json","Русский","глина","legacy","1"
"dreams_batch_5.json","English","legacy-en","legacy","1"
"dreams_batch_5.json","O'zbek","legacy-uz","legacy","1"
"dreams_batch_5.json","Русский","глобус","legacy","1"
"dreams_batch_5.json","English","legacy-en","legacy","1"
"dreams_batch_5.json","O'zbek","legacy-uz","legacy","1"
"dreams_batch_5.json","Русский","глыба","legacy","1"
"dreams_batch_5.json","English","legacy-en","legacy","1"
"dreams_batch_5.json","O'zbek","legacy-uz","legacy","1"
"dreams_batch_6.json","Русский","глянец","legacy","1"
"dreams_batch_6.json","English","legacy-en","legacy","1"
"dreams_batch_6.json","O'zbek","legacy-uz","legacy","1"
"dreams_batch_6.json","Русский","гнев","legacy","1"
"dreams_batch_6.json","English","legacy-en","legacy","1"
"dreams_batch_6.json","O'zbek","legacy-uz","legacy","1"
"dreams_batch_6.json","Русский","гнездо","legacy","1"
"dreams_batch_6.json","English","legacy-en","legacy","1"
"dreams_batch_6.json","O'zbek","legacy-uz","legacy","1"
"dreams_batch_6.json","Русский","гном","legacy","1"
"dreams_batch_6.json","English","legacy-en","legacy","1"
"dreams_batch_6.json","O'zbek","legacy-uz","legacy","1"
"dreams_batch_6.json","Русский","гобелен","legacy","1"
"dreams_batch_6.json","English","legacy-en","legacy","1"
"dreams_batch_6.json","O'zbek","legacy-uz","legacy","1"
"dreams_batch_6.json","Русский","говор","legacy","1"
"dreams_batch_6.json","English","legacy-en","legacy","1"
"dreams_batch_6.json","O'zbek","legacy-uz","legacy","1"
"dreams_batch_6.json","Русский","говорить","legacy","1"
"dreams_batch_6.json","English","legacy-en","legacy","1"
"dreams_batch_6.json","O'zbek","legacy-uz","legacy","1"
"dreams_batch_6.json","Русский","год","legacy","1"
"dreams_batch_6.json","English","legacy-en","legacy","1"
"dreams_batch_6.json","O'zbek","legacy-uz","legacy","1"
"dreams_batch_6.json","Русский","годовщина","legacy","1"
"dreams_batch_6.json","English","legacy-en","legacy","1"
"dreams_batch_6.json","O'zbek","legacy-uz","legacy","1"
"dreams_batch_6.json","Русский","гол","legacy","1"
"dreams_batch_6.json","English","legacy-en","legacy","1"
"dreams_batch_6.json","O'zbek","legacy-uz","legacy","1"
"dreams_batch_6.json","Русский","голова","legacy","1"
"dreams_batch_6.json","English","legacy-en","legacy","1"
"dreams_batch_6.json","O'zbek","legacy-uz","legacy","1"
"dreams_batch_6.json","Русский","головоломка","legacy","1"
"dreams_batch_6.json","English","legacy-en","legacy","1"
"dreams_batch_6.json","O'zbek","legacy-uz","legacy","1"
"dreams_batch_6.json","Русский","голод","legacy","1"
"dreams_batch_6.json","English","legacy-en","legacy","1"
"dreams_batch_6.json","O'zbek","legacy-uz","legacy","1"
"dreams_batch_6.json","Русский","голос","legacy","1"
"dreams_batch_6.json","English","legacy-en","legacy","1"
"dreams_batch_6.json","O'zbek","legacy-uz","legacy","1"
"dreams_batch_6.json","Русский","голубь","legacy","1"
"dreams_batch_6.json","English","legacy-en","legacy","1"
"dreams_batch_6.json","O'zbek","legacy-uz","legacy","1"
"dreams_batch_6.json","Русский","гольф","legacy","1"
"dreams_batch_6.json","English","legacy-en","legacy","1"
"dreams_batch_6.json","O'zbek","legacy-uz","legacy","1"
"dreams_batch_6.json","Русский","гонг","legacy","1"
"dreams_batch_6.json","English","legacy-en","legacy","1"
"dreams_batch_6.json","O'zbek","legacy-uz","legacy","1"
"dreams_batch_6.json","Русский","гора","legacy","1"
"dreams_batch_6.json","English","legacy-en","legacy","1"
"dreams_batch_6.json","O'zbek","legacy-uz","legacy","1"
"dreams_batch_6.json","Русский","гордость","legacy","1"
"dreams_batch_6.json","English","legacy-en","legacy","1"
"dreams_batch_6.json","O'zbek","legacy-uz","legacy","1"
"dreams_batch_6.json","Русский","горе","legacy","1"
"dreams_batch_6.json","English","legacy-en","legacy","1"
"dreams_batch_6.json","O'zbek","legacy-uz","legacy","1"
"dreams_batch_6.json","Русский","горизонт","legacy","1"
"dreams_batch_6.json","English","legacy-en","legacy","1"
"dreams_batch_6.json","O'zbek","legacy-uz","legacy","1"
"dreams_batch_6.json","Русский","горло","legacy","1"
"dreams_batch_6.json","English","legacy-en","legacy","1"
"dreams_batch_6.json","O'zbek","legacy-uz","legacy","1"
"dreams_batch_6.json","Русский","горничная","legacy","1"
"dreams_batch_6.json","English","legacy-en","legacy","1"
"dreams_batch_6.json","O'zbek","legacy-uz","legacy","1"
"dreams_batch_6.json","Русский","город","legacy","1"
"dreams_batch_6.json","English","legacy-en","legacy","1"
"dreams_batch_6.json","O'zbek","legacy-uz","legacy","1"
"dreams_batch_6.json","Русский","горшок","legacy","1"
"dreams_batch_6.json","English","legacy-en","legacy","1"
"dreams_batch_6.json","O'zbek","legacy-uz","legacy","1"
"dreams_batch_6.json","Русский","госпиталь","legacy","1"
"dreams_batch_6.json","English","legacy-en","legacy","1"
"dreams_batch_6.json","O'zbek","legacy-uz","legacy","1"
"dreams_batch_6.json","Русский","господин","legacy","1"
"dreams_batch_6.json","English","legacy-en","legacy","1"
"dreams_batch_6.json","O'zbek","legacy-uz","legacy","1"
"dreams_batch_6.json","Русский","гость","legacy","1"
"dreams_batch_6.json","English","legacy-en","legacy","1"
"dreams_batch_6.json","O'zbek","legacy-uz","legacy","1"
"dreams_batch_6.json","Русский","гостьба","legacy","1"
"dreams_batch_6.json","English","legacy-en","legacy","1"
"dreams_batch_6.json","O'zbek","legacy-uz","legacy","1"
"dreams_batch_6.json","Русский","гостья","legacy","1"
"dreams_batch_6.json","English","legacy-en","legacy","1"
"dreams_batch_6.json","O'zbek","legacy-uz","legacy","1"
"dreams_batch_6.json","Русский","государство","legacy","1"
"dreams_batch_6.json","English","legacy-en","legacy","1"
"dreams_batch_6.json","O'zbek","legacy-uz","legacy","1"
"dreams_batch_6.json","Русский","государь","legacy","1"
"dreams_batch_6.json","English","legacy-en","legacy","1"
"dreams_batch_6.json","O'zbek","legacy-uz","legacy","1"
"dreams_batch_6.json","Русский","готовиться","legacy","1"
"dreams_batch_6.json","English","legacy-en","legacy","1"
"dreams_batch_6.json","O'zbek","legacy-uz","legacy","1"
"dreams_batch_6.json","Русский","грабеж","legacy","1"
"dreams_batch_6.json","English","legacy-en","legacy","1"
"dreams_batch_6.json","O'zbek","legacy-uz","legacy","1"
"dreams_batch_6.json","Русский","гравий","legacy","1"
"dreams_batch_6.json","English","legacy-en","legacy","1"
"dreams_batch_6.json","O'zbek","legacy-uz","legacy","1"
"dreams_batch_6.json","Русский","град","legacy","1"
"dreams_batch_6.json","English","legacy-en","legacy","1"
"dreams_batch_6.json","O'zbek","legacy-uz","legacy","1"
"dreams_batch_6.json","Русский","градусник","legacy","1"
"dreams_batch_6.json","English","legacy-en","legacy","1"
"dreams_batch_6.json","O'zbek","legacy-uz","legacy","1"
"dreams_batch_6.json","Русский","гражданин","legacy","1"
"dreams_batch_6.json","English","legacy-en","legacy","1"
"dreams_batch_6.json","O'zbek","legacy-uz","legacy","1"
"dreams_batch_6.json","Русский","гранат","legacy","1"
"dreams_batch_6.json","English","legacy-en","legacy","1"
"dreams_batch_6.json","O'zbek","legacy-uz","legacy","1"
"dreams_batch_6.json","Русский","граната","legacy","1"
"dreams_batch_6.json","English","legacy-en","legacy","1"
"dreams_batch_6.json","O'zbek","legacy-uz","legacy","1"
"dreams_batch_6.json","Русский","грандиозность","legacy","1"
"dreams_batch_6.json","English","legacy-en","legacy","1"
"dreams_batch_6.json","O'zbek","legacy-uz","legacy","1"
"dreams_batch_6.json","Русский","граница","legacy","1"
"dreams_batch_6.json","English","legacy-en","legacy","1"
"dreams_batch_6.json","O'zbek","legacy-uz","legacy","1"
"dreams_batch_6.json","Русский","грань","legacy","1"
"dreams_batch_6.json","English","legacy-en","legacy","1"
"dreams_batch_6.json","O'zbek","legacy-uz","legacy","1"
"dreams_batch_6.json","Русский","грация","legacy","1"
"dreams_batch_6.json","English","legacy-en","legacy","1"
"dreams_batch_6.json","O'zbek","legacy-uz","legacy","1"
"dreams_batch_6.json","Русский","гребень","legacy","1"
"dreams_batch_6.json","English","legacy-en","legacy","1"
"dreams_batch_6.json","O'zbek","legacy-uz","legacy","1"
"dreams_batch_6.json","Русский","греза","legacy","1"
"dreams_batch_6.json","English","legacy-en","legacy","1"
"dreams_batch_6.json","O'zbek","legacy-uz","legacy","1"
"dreams_batch_6.json","Русский","грех","legacy","1"
"dreams_batch_6.json","English","legacy-en","legacy","1"
"dreams_batch_6.json","O'zbek","legacy-uz","legacy","1"
"dreams_batch_6.json","Русский","гриб","legacy","1"
"dreams_batch_6.json","English","legacy-en","legacy","1"
"dreams_batch_6.json","O'zbek","legacy-uz","legacy","1"
"dreams_batch_6.json","Русский","грим","legacy","1"
"dreams_batch_6.json","English","legacy-en","legacy","1"
"dreams_batch_6.json","O'zbek","legacy-uz","legacy","1"
"dreams_batch_6.json","Русский","гриф","legacy","1"
"dreams_batch_6.json","English","legacy-en","legacy","1"
"dreams_batch_6.json","O'zbek","legacy-uz","legacy","1"
"dreams_batch_6.json","Русский","гроб","legacy","1"
"dreams_batch_6.json","English","legacy-en","legacy","1"
"dreams_batch_6.json","O'zbek","legacy-uz","legacy","1"
"dreams_batch_6.json","Русский","гроза","legacy","1"
"dreams_batch_6.json","English","legacy-en","legacy","1"
"dreams_batch_6.json","O'zbek","legacy-uz","legacy","1"
"dreams_batch_6.json","Русский","гром","legacy","1"
"dreams_batch_6.json","English","legacy-en","legacy","1"
"dreams_batch_6.json","O'zbek","legacy-uz","legacy","1"
"dreams_batch_6.json","Русский","грот","legacy","1"
"dreams_batch_6.json","English","legacy-en","legacy","1"
"dreams_batch_6.json","O'zbek","legacy-uz","legacy","1"
"dreams_batch_6.json","Русский","грудь","legacy","1"
"dreams_batch_6.json","English","legacy-en","legacy","1"
"dreams_batch_6.json","O'zbek","legacy-uz","legacy","1"
"dreams_batch_6.json","Русский","груз","legacy","1"
"dreams_batch_6.json","English","legacy-en","legacy","1"
"dreams_batch_6.json","O'zbek","legacy-uz","legacy","1"
"dreams_batch_6.json","Русский","грузовик","legacy","1"
"dreams_batch_6.json","English","legacy-en","legacy","1"
"dreams_batch_6.json","O'zbek","legacy-uz","legacy","1"
"dreams_batch_6.json","Русский","грунт","legacy","1"
"dreams_batch_6.json","English","legacy-en","legacy","1"
"dreams_batch_6.json","O'zbek","legacy-uz","legacy","1"
"dreams_batch_6.json","Русский","группа","legacy","1"
"dreams_batch_6.json","English","legacy-en","legacy","1"
"dreams_batch_6.json","O'zbek","legacy-uz","legacy","1"
"dreams_batch_6.json","Русский","грусть","legacy","1"
"dreams_batch_6.json","English","legacy-en","legacy","1"
"dreams_batch_6.json","O'zbek","legacy-uz","legacy","1"
"dreams_batch_6.json","Русский","груша","legacy","1"
"dreams_batch_6.json","English","legacy-en","legacy","1"
"dreams_batch_6.json","O'zbek","legacy-uz","legacy","1"
"dreams_batch_6.json","Русский","грызть","legacy","1"
"dreams_batch_6.json","English","legacy-en","legacy","1"
"dreams_batch_6.json","O'zbek","legacy-uz","legacy","1"
"dreams_batch_6.json","Русский","гряда","legacy","1"
"dreams_batch_6.json","English","legacy-en","legacy","1"
"dreams_batch_6.json","O'zbek","legacy-uz","legacy","1"
"dreams_batch_6.json","Русский","грядка","legacy","1"
"dreams_batch_6.json","English","legacy-en","legacy","1"
"dreams_batch_6.json","O'zbek","legacy-uz","legacy","1"
"dreams_batch_6.json","Русский","грязь","legacy","1"
"dreams_batch_6.json","English","legacy-en","legacy","1"
"dreams_batch_6.json","O'zbek","legacy-uz","legacy","1"
"dreams_batch_6.json","Русский","губы","legacy","1"
"dreams_batch_6.json","English","legacy-en","legacy","1"
"dreams_batch_6.json","O'zbek","legacy-uz","legacy","1"
"dreams_batch_6.json","Русский","гул","legacy","1"
"dreams_batch_6.json","English","legacy-en","legacy","1"
"dreams_batch_6.json","O'zbek","legacy-uz","legacy","1"
"dreams_batch_6.json","Русский","гуляка","legacy","1"
"dreams_batch_6.json","English","legacy-en","legacy","1"
"dreams_batch_6.json","O'zbek","legacy-uz","legacy","1"
"dreams_batch_6.json","Русский","гулянье","legacy","1"
"dreams_batch_6.json","English","legacy-en","legacy","1"
"dreams_batch_6.json","O'zbek","legacy-uz","legacy","1"
"dreams_batch_6.json","Русский","гуманизм","legacy","1"
"dreams_batch_6.json","English","legacy-en","legacy","1"
"dreams_batch_6.json","O'zbek","legacy-uz","legacy","1"
"dreams_batch_6.json","Русский","гурман","legacy","1"
"dreams_batch_6.json","English","legacy-en","legacy","1"
"dreams_batch_6.json","O'zbek","legacy-uz","legacy","1"
"dreams_batch_6.json","Русский","гусар","legacy","1"
"dreams_batch_6.json","English","legacy-en","legacy","1"
"dreams_batch_6.json","O'zbek","legacy-uz","legacy","1"
"dreams_batch_6.json","Русский","гусеница","legacy","1"
"dreams_batch_6.json","English","legacy-en","legacy","1"
"dreams_batch_6.json","O'zbek","legacy-uz","legacy","1"
"dreams_batch_6.json","Русский","гусь","legacy","1"
"dreams_batch_6.json","English","legacy-en","legacy","1"
"dreams_batch_6.json","O'zbek","legacy-uz","legacy","1"
"dreams_batch_6.json","Русский","гуталин","legacy","1"
"dreams_batch_6.json","English","legacy-en","legacy","1"
"dreams_batch_6.json","O'zbek","legacy-uz","legacy","1"
"dreams_batch_6.json","Русский","гуща","legacy","1"
"dreams_batch_6.json","English","legacy-en","legacy","1"
"dreams_batch_6.json","O'zbek","legacy-uz","legacy","1"
"dreams_batch_6.json","Русский","давка","legacy","1"
"dreams_batch_6.json","English","legacy-en","legacy","1"
"dreams_batch_6.json","O'zbek","legacy-uz","legacy","1"
"dreams_batch_6.json","Русский","давление","legacy","1"
"dreams_batch_6.json","English","legacy-en","legacy","1"
"dreams_batch_6.json","O'zbek","legacy-uz","legacy","1"
"dreams_batch_6.json","Русский","дама","legacy","1"
"dreams_batch_6.json","English","legacy-en","legacy","1"
"dreams_batch_6.json","O'zbek","legacy-uz","legacy","1"
"dreams_batch_6.json","Русский","дар","legacy","1"
"dreams_batch_6.json","English","legacy-en","legacy","1"
"dreams_batch_6.json","O'zbek","legacy-uz","legacy","1"
"dreams_batch_6.json","Русский","дармоед","legacy","1"
"dreams_batch_6.json","English","legacy-en","legacy","1"
"dreams_batch_6.json","O'zbek","legacy-uz","legacy","1"
"dreams_batch_6.json","Русский","дарование","legacy","1"
"dreams_batch_6.json","English","legacy-en","legacy","1"
"dreams_batch_6.json","O'zbek","legacy-uz","legacy","1"
"dreams_batch_6.json","Русский","дата","legacy","1"
"dreams_batch_6.json","English","legacy-en","legacy","1"
"dreams_batch_6.json","O'zbek","legacy-uz","legacy","1"
"dreams_batch_6.json","Русский","дача","legacy","1"
"dreams_batch_6.json","English","legacy-en","legacy","1"
"dreams_batch_6.json","O'zbek","legacy-uz","legacy","1"
"dreams_batch_6.json","Русский","дверь","legacy","1"
"dreams_batch_6.json","English","legacy-en","legacy","1"
"dreams_batch_6.json","O'zbek","legacy-uz","legacy","1"
"dreams_batch_6.json","Русский","движение","legacy","1"
"dreams_batch_6.json","English","legacy-en","legacy","1"
"dreams_batch_6.json","O'zbek","legacy-uz","legacy","1"
"dreams_batch_6.json","Русский","двое","legacy","1"
"dreams_batch_6.json","English","legacy-en","legacy","1"
"dreams_batch_6.json","O'zbek","legacy-uz","legacy","1"
"dreams_batch_6.json","Русский","двойка","legacy","1"
"dreams_batch_6.json","English","legacy-en","legacy","1"
"dreams_batch_6.json","O'zbek","legacy-uz","legacy","1"
"dreams_batch_6.json","Русский","двойник","legacy","1"
"dreams_batch_6.json","English","legacy-en","legacy","1"
"dreams_batch_6.json","O'zbek","legacy-uz","legacy","1"
"dreams_batch_6.json","Русский","двор","legacy","1"
"dreams_batch_6.json","English","legacy-en","legacy","1"
"dreams_batch_6.json","O'zbek","legacy-uz","legacy","1"
"dreams_batch_6.json","Русский","дворец","legacy","1"
"dreams_batch_6.json","English","legacy-en","legacy","1"
"dreams_batch_6.json","O'zbek","legacy-uz","legacy","1"
"dreams_batch_6.json","Русский","дворник","legacy","1"
"dreams_batch_6.json","English","legacy-en","legacy","1"
"dreams_batch_6.json","O'zbek","legacy-uz","legacy","1"
"dreams_batch_6.json","Русский","двуличный","legacy","1"
"dreams_batch_6.json","English","legacy-en","legacy","1"
"dreams_batch_6.json","O'zbek","legacy-uz","legacy","1"
"dreams_batch_6.json","Русский","дебаты","legacy","1"
"dreams_batch_6.json","English","legacy-en","legacy","1"
"dreams_batch_6.json","O'zbek","legacy-uz","legacy","1"
"dreams_batch_6.json","Русский","дебют","legacy","1"
"dreams_batch_6.json","English","legacy-en","legacy","1"
"dreams_batch_6.json","O'zbek","legacy-uz","legacy","1"
"dreams_batch_6.json","Русский","девиз","legacy","1"
"dreams_batch_6.json","English","legacy-en","legacy","1"
"dreams_batch_6.json","O'zbek","legacy-uz","legacy","1"
"dreams_batch_6.json","Русский","девочка","legacy","1"
"dreams_batch_6.json","English","legacy-en","legacy","1"
"dreams_batch_6.json","O'zbek","legacy-uz","legacy","1"
"dreams_batch_6.json","Русский","девушка","legacy","1"
"dreams_batch_6.json","English","legacy-en","legacy","1"
"dreams_batch_6.json","O'zbek","legacy-uz","legacy","1"
"dreams_batch_6.json","Русский","деготь","legacy","1"
"dreams_batch_6.json","English","legacy-en","legacy","1"
"dreams_batch_6.json","O'zbek","legacy-uz","legacy","1"
"dreams_batch_6.json","Русский","дедукция","legacy","1"
"dreams_batch_6.json","English","legacy-en","legacy","1"
"dreams_batch_6.json","O'zbek","legacy-uz","legacy","1"
"dreams_batch_7.json","Русский","дедушка","legacy","1"
"dreams_batch_7.json","English","legacy-en","legacy","1"
"dreams_batch_7.json","O'zbek","legacy-uz","legacy","1"
"dreams_batch_7.json","Русский","дежурство","legacy","1"
"dreams_batch_7.json","English","legacy-en","legacy","1"
"dreams_batch_7.json","O'zbek","legacy-uz","legacy","1"
"dreams_batch_7.json","Русский","дезертир","legacy","1"
"dreams_batch_7.json","English","legacy-en","legacy","1"
"dreams_batch_7.json","O'zbek","legacy-uz","legacy","1"
"dreams_batch_7.json","Русский","декабрь","legacy","1"
"dreams_batch_7.json","English","legacy-en","legacy","1"
"dreams_batch_7.json","O'zbek","legacy-uz","legacy","1"
"dreams_batch_7.json","Русский","декор","legacy","1"
"dreams_batch_7.json","English","legacy-en","legacy","1"
"dreams_batch_7.json","O'zbek","legacy-uz","legacy","1"
"dreams_batch_7.json","Русский","декорация","legacy","1"
"dreams_batch_7.json","English","legacy-en","legacy","1"
"dreams_batch_7.json","O'zbek","legacy-uz","legacy","1"
"dreams_batch_7.json","Русский","дележ","legacy","1"
"dreams_batch_7.json","English","legacy-en","legacy","1"
"dreams_batch_7.json","O'zbek","legacy-uz","legacy","1"
"dreams_batch_7.json","Русский","деликатес","legacy","1"
"dreams_batch_7.json","English","legacy-en","legacy","1"
"dreams_batch_7.json","O'zbek","legacy-uz","legacy","1"
"dreams_batch_7.json","Русский","деликатность","legacy","1"
"dreams_batch_7.json","English","legacy-en","legacy","1"
"dreams_batch_7.json","O'zbek","legacy-uz","legacy","1"
"dreams_batch_7.json","Русский","дело","legacy","1"
"dreams_batch_7.json","English","legacy-en","legacy","1"
"dreams_batch_7.json","O'zbek","legacy-uz","legacy","1"
"dreams_batch_7.json","Русский","деловитость","legacy","1"
"dreams_batch_7.json","English","legacy-en","legacy","1"
"dreams_batch_7.json","O'zbek","legacy-uz","legacy","1"
"dreams_batch_7.json","Русский","дельфин","legacy","1"
"dreams_batch_7.json","English","legacy-en","legacy","1"
"dreams_batch_7.json","O'zbek","legacy-uz","legacy","1"
"dreams_batch_7.json","Русский","демократия","legacy","1"
"dreams_batch_7.json","English","legacy-en","legacy","1"
"dreams_batch_7.json","O'zbek","legacy-uz","legacy","1"
"dreams_batch_7.json","Русский","демон","legacy","1"
"dreams_batch_7.json","English","legacy-en","legacy","1"
"dreams_batch_7.json","O'zbek","legacy-uz","legacy","1"
"dreams_batch_7.json","Русский","демонтаж","legacy","1"
"dreams_batch_7.json","English","legacy-en","legacy","1"
"dreams_batch_7.json","O'zbek","legacy-uz","legacy","1"
"dreams_batch_7.json","Русский","дендрарий","legacy","1"
"dreams_batch_7.json","English","legacy-en","legacy","1"
"dreams_batch_7.json","O'zbek","legacy-uz","legacy","1"
"dreams_batch_7.json","Русский","день","legacy","1"
"dreams_batch_7.json","English","legacy-en","legacy","1"
"dreams_batch_7.json","O'zbek","legacy-uz","legacy","1"
"dreams_batch_7.json","Русский","деньги","legacy","1"
"dreams_batch_7.json","English","legacy-en","legacy","1"
"dreams_batch_7.json","O'zbek","legacy-uz","legacy","1"
"dreams_batch_7.json","Русский","депутат","legacy","1"
"dreams_batch_7.json","English","legacy-en","legacy","1"
"dreams_batch_7.json","O'zbek","legacy-uz","legacy","1"
"dreams_batch_7.json","Русский","деревня","legacy","1"
"dreams_batch_7.json","English","legacy-en","legacy","1"
"dreams_batch_7.json","O'zbek","legacy-uz","legacy","1"
"dreams_batch_7.json","Русский","дерево","legacy","1"
"dreams_batch_7.json","English","legacy-en","legacy","1"
"dreams_batch_7.json","O'zbek","legacy-uz","legacy","1"
"dreams_batch_7.json","Русский","держава","legacy","1"
"dreams_batch_7.json","English","legacy-en","legacy","1"
"dreams_batch_7.json","O'zbek","legacy-uz","legacy","1"
"dreams_batch_7.json","Русский","десант","legacy","1"
"dreams_batch_7.json","English","legacy-en","legacy","1"
"dreams_batch_7.json","O'zbek","legacy-uz","legacy","1"
"dreams_batch_7.json","Русский","десерт","legacy","1"
"dreams_batch_7.json","English","legacy-en","legacy","1"
"dreams_batch_7.json","O'zbek","legacy-uz","legacy","1"
"dreams_batch_7.json","Русский","десна","legacy","1"
"dreams_batch_7.json","English","legacy-en","legacy","1"
"dreams_batch_7.json","O'zbek","legacy-uz","legacy","1"
"dreams_batch_7.json","Русский","деспот","legacy","1"
"dreams_batch_7.json","English","legacy-en","legacy","1"
"dreams_batch_7.json","O'zbek","legacy-uz","legacy","1"
"dreams_batch_7.json","Русский","деталь","legacy","1"
"dreams_batch_7.json","English","legacy-en","legacy","1"
"dreams_batch_7.json","O'zbek","legacy-uz","legacy","1"
"dreams_batch_7.json","Русский","детектив","legacy","1"
"dreams_batch_7.json","English","legacy-en","legacy","1"
"dreams_batch_7.json","O'zbek","legacy-uz","legacy","1"
"dreams_batch_7.json","Русский","дети","legacy","1"
"dreams_batch_7.json","English","legacy-en","legacy","1"
"dreams_batch_7.json","O'zbek","legacy-uz","legacy","1"
"dreams_batch_7.json","Русский","детонатор","legacy","1"
"dreams_batch_7.json","English","legacy-en","legacy","1"
"dreams_batch_7.json","O'zbek","legacy-uz","legacy","1"
"dreams_batch_7.json","Русский","детонация","legacy","1"
"dreams_batch_7.json","English","legacy-en","legacy","1"
"dreams_batch_7.json","O'zbek","legacy-uz","legacy","1"
"dreams_batch_7.json","Русский","детство","legacy","1"
"dreams_batch_7.json","English","legacy-en","legacy","1"
"dreams_batch_7.json","O'zbek","legacy-uz","legacy","1"
"dreams_batch_7.json","Русский","дефиле","legacy","1"
"dreams_batch_7.json","English","legacy-en","legacy","1"
"dreams_batch_7.json","O'zbek","legacy-uz","legacy","1"
"dreams_batch_7.json","Русский","дефицит","legacy","1"
"dreams_batch_7.json","English","legacy-en","legacy","1"
"dreams_batch_7.json","O'zbek","legacy-uz","legacy","1"
"dreams_batch_7.json","Русский","дефолт","legacy","1"
"dreams_batch_7.json","English","legacy-en","legacy","1"
"dreams_batch_7.json","O'zbek","legacy-uz","legacy","1"
"dreams_batch_7.json","Русский","деформация","legacy","1"
"dreams_batch_7.json","English","legacy-en","legacy","1"
"dreams_batch_7.json","O'zbek","legacy-uz","legacy","1"
"dreams_batch_7.json","Русский","дешевизна","legacy","1"
"dreams_batch_7.json","English","legacy-en","legacy","1"
"dreams_batch_7.json","O'zbek","legacy-uz","legacy","1"
"dreams_batch_7.json","Русский","деятельность","legacy","1"
"dreams_batch_7.json","English","legacy-en","legacy","1"
"dreams_batch_7.json","O'zbek","legacy-uz","legacy","1"
"dreams_batch_7.json","Русский","диагноз","legacy","1"
"dreams_batch_7.json","English","legacy-en","legacy","1"
"dreams_batch_7.json","O'zbek","legacy-uz","legacy","1"
"dreams_batch_7.json","Русский","диадема","legacy","1"
"dreams_batch_7.json","English","legacy-en","legacy","1"
"dreams_batch_7.json","O'zbek","legacy-uz","legacy","1"
"dreams_batch_7.json","Русский","диалог","legacy","1"
"dreams_batch_7.json","English","legacy-en","legacy","1"
"dreams_batch_7.json","O'zbek","legacy-uz","legacy","1"
"dreams_batch_7.json","Русский","диапазон","legacy","1"
"dreams_batch_7.json","English","legacy-en","legacy","1"
"dreams_batch_7.json","O'zbek","legacy-uz","legacy","1"
"dreams_batch_7.json","Русский","диаспора","legacy","1"
"dreams_batch_7.json","English","legacy-en","legacy","1"
"dreams_batch_7.json","O'zbek","legacy-uz","legacy","1"
"dreams_batch_7.json","Русский","диван","legacy","1"
"dreams_batch_7.json","English","legacy-en","legacy","1"
"dreams_batch_7.json","O'zbek","legacy-uz","legacy","1"
"dreams_batch_7.json","Русский","диверсия","legacy","1"
"dreams_batch_7.json","English","legacy-en","legacy","1"
"dreams_batch_7.json","O'zbek","legacy-uz","legacy","1"
"dreams_batch_7.json","Русский","дивиденд","legacy","1"
"dreams_batch_7.json","English","legacy-en","legacy","1"
"dreams_batch_7.json","O'zbek","legacy-uz","legacy","1"
"dreams_batch_7.json","Русский","диета","legacy","1"
"dreams_batch_7.json","English","legacy-en","legacy","1"
"dreams_batch_7.json","O'zbek","legacy-uz","legacy","1"
"dreams_batch_7.json","Русский","дизайн","legacy","1"
"dreams_batch_7.json","English","legacy-en","legacy","1"
"dreams_batch_7.json","O'zbek","legacy-uz","legacy","1"
"dreams_batch_7.json","Русский","дикарь","legacy","1"
"dreams_batch_7.json","English","legacy-en","legacy","1"
"dreams_batch_7.json","O'zbek","legacy-uz","legacy","1"
"dreams_batch_7.json","Русский","диктант","legacy","1"
"dreams_batch_7.json","English","legacy-en","legacy","1"
"dreams_batch_7.json","O'zbek","legacy-uz","legacy","1"
"dreams_batch_7.json","Русский","диктатор","legacy","1"
"dreams_batch_7.json","English","legacy-en","legacy","1"
"dreams_batch_7.json","O'zbek","legacy-uz","legacy","1"
"dreams_batch_7.json","Русский","диктатура","legacy","1"
"dreams_batch_7.json","English","legacy-en","legacy","1"
"dreams_batch_7.json","O'zbek","legacy-uz","legacy","1"
"dreams_batch_7.json","Русский","диктор","legacy","1"
"dreams_batch_7.json","English","legacy-en","legacy","1"
"dreams_batch_7.json","O'zbek","legacy-uz","legacy","1"
"dreams_batch_7.json","Русский","диктофон","legacy","1"
"dreams_batch_7.json","English","legacy-en","legacy","1"
"dreams_batch_7.json","O'zbek","legacy-uz","legacy","1"
"dreams_batch_7.json","Русский","дикция","legacy","1"
"dreams_batch_7.json","English","legacy-en","legacy","1"
"dreams_batch_7.json","O'zbek","legacy-uz","legacy","1"
"dreams_batch_7.json","Русский","дилемма","legacy","1"
"dreams_batch_7.json","English","legacy-en","legacy","1"
"dreams_batch_7.json","O'zbek","legacy-uz","legacy","1"
"dreams_batch_7.json","Русский","дилетант","legacy","1"
"dreams_batch_7.json","English","legacy-en","legacy","1"
"dreams_batch_7.json","O'zbek","legacy-uz","legacy","1"
"dreams_batch_7.json","Русский","динамика","legacy","1"
"dreams_batch_7.json","English","legacy-en","legacy","1"
"dreams_batch_7.json","O'zbek","legacy-uz","legacy","1"
"dreams_batch_7.json","Русский","динамит","legacy","1"
"dreams_batch_7.json","English","legacy-en","legacy","1"
"dreams_batch_7.json","O'zbek","legacy-uz","legacy","1"
"dreams_batch_7.json","Русский","динар","legacy","1"
"dreams_batch_7.json","English","legacy-en","legacy","1"
"dreams_batch_7.json","O'zbek","legacy-uz","legacy","1"
"dreams_batch_7.json","Русский","династия","legacy","1"
"dreams_batch_7.json","English","legacy-en","legacy","1"
"dreams_batch_7.json","O'zbek","legacy-uz","legacy","1"
"dreams_batch_7.json","Русский","диплом","legacy","1"
"dreams_batch_7.json","English","legacy-en","legacy","1"
"dreams_batch_7.json","O'zbek","legacy-uz","legacy","1"
"dreams_batch_7.json","Русский","дипломат","legacy","1"
"dreams_batch_7.json","English","legacy-en","legacy","1"
"dreams_batch_7.json","O'zbek","legacy-uz","legacy","1"
"dreams_batch_7.json","Русский","директор","legacy","1"
"dreams_batch_7.json","English","legacy-en","legacy","1"
"dreams_batch_7.json","O'zbek","legacy-uz","legacy","1"
"dreams_batch_7.json","Русский","дирижабль","legacy","1"
"dreams_batch_7.json","English","legacy-en","legacy","1"
"dreams_batch_7.json","O'zbek","legacy-uz","legacy","1"
"dreams_batch_7.json","Русский","дирижер","legacy","1"
"dreams_batch_7.json","English","legacy-en","legacy","1"
"dreams_batch_7.json","O'zbek","legacy-uz","legacy","1"
"dreams_batch_7.json","Русский","дискуссия","legacy","1"
"dreams_batch_7.json","English","legacy-en","legacy","1"
"dreams_batch_7.json","O'zbek","legacy-uz","legacy","1"
"dreams_batch_7.json","Русский","диссонанс","legacy","1"
"dreams_batch_7.json","English","legacy-en","legacy","1"
"dreams_batch_7.json","O'zbek","legacy-uz","legacy","1"
"dreams_batch_7.json","Русский","дистанция","legacy","1"
"dreams_batch_7.json","English","legacy-en","legacy","1"
"dreams_batch_7.json","O'zbek","legacy-uz","legacy","1"
"dreams_batch_7.json","Русский","дистрофия","legacy","1"
"dreams_batch_7.json","English","legacy-en","legacy","1"
"dreams_batch_7.json","O'zbek","legacy-uz","legacy","1"
"dreams_batch_7.json","Русский","дисциплина","legacy","1"
"dreams_batch_7.json","English","legacy-en","legacy","1"
"dreams_batch_7.json","O'zbek","legacy-uz","legacy","1"
"dreams_batch_7.json","Русский","доблесть","legacy","1"
"dreams_batch_7.json","English","legacy-en","legacy","1"
"dreams_batch_7.json","O'zbek","legacy-uz","legacy","1"
"dreams_batch_7.json","Русский","добыча","legacy","1"
"dreams_batch_7.json","English","legacy-en","legacy","1"
"dreams_batch_7.json","O'zbek","legacy-uz","legacy","1"
"dreams_batch_7.json","Русский","доверенность","legacy","1"
"dreams_batch_7.json","English","legacy-en","legacy","1"
"dreams_batch_7.json","O'zbek","legacy-uz","legacy","1"
"dreams_batch_7.json","Русский","доверие","legacy","1"
"dreams_batch_7.json","English","legacy-en","legacy","1"
"dreams_batch_7.json","O'zbek","legacy-uz","legacy","1"
"dreams_batch_7.json","Русский","догадка","legacy","1"
"dreams_batch_7.json","English","legacy-en","legacy","1"
"dreams_batch_7.json","O'zbek","legacy-uz","legacy","1"
"dreams_batch_7.json","Русский","догма","legacy","1"
"dreams_batch_7.json","English","legacy-en","legacy","1"
"dreams_batch_7.json","O'zbek","legacy-uz","legacy","1"
"dreams_batch_7.json","Русский","договор","legacy","1"
"dreams_batch_7.json","English","legacy-en","legacy","1"
"dreams_batch_7.json","O'zbek","legacy-uz","legacy","1"
"dreams_batch_7.json","Русский","дождь","legacy","1"
"dreams_batch_7.json","English","legacy-en","legacy","1"
"dreams_batch_7.json","O'zbek","legacy-uz","legacy","1"
"dreams_batch_7.json","Русский","доказательство","legacy","1"
"dreams_batch_7.json","English","legacy-en","legacy","1"
"dreams_batch_7.json","O'zbek","legacy-uz","legacy","1"
"dreams_batch_7.json","Русский","документ","legacy","1"
"dreams_batch_7.json","English","legacy-en","legacy","1"
"dreams_batch_7.json","O'zbek","legacy-uz","legacy","1"
"dreams_batch_7.json","Русский","долг","legacy","1"
"dreams_batch_7.json","English","legacy-en","legacy","1"
"dreams_batch_7.json","O'zbek","legacy-uz","legacy","1"
"dreams_batch_7.json","Русский","долина","legacy","1"
"dreams_batch_7.json","English","legacy-en","legacy","1"
"dreams_batch_7.json","O'zbek","legacy-uz","legacy","1"
"dreams_batch_7.json","Русский","доля","legacy","1"
"dreams_batch_7.json","English","legacy-en","legacy","1"
"dreams_batch_7.json","O'zbek","legacy-uz","legacy","1"
"dreams_batch_7.json","Русский","дом","legacy","1"
"dreams_batch_7.json","English","legacy-en","legacy","1"
"dreams_batch_7.json","O'zbek","legacy-uz","legacy","1"
"dreams_batch_7.json","Русский","допрос","legacy","1"
"dreams_batch_7.json","English","legacy-en","legacy","1"
"dreams_batch_7.json","O'zbek","legacy-uz","legacy","1"
"dreams_batch_7.json","Русский","дорога","legacy","1"
"dreams_batch_7.json","English","legacy-en","legacy","1"
"dreams_batch_7.json","O'zbek","legacy-uz","legacy","1"
"dreams_batch_7.json","Русский","дорожка","legacy","1"
"dreams_batch_7.json","English","legacy-en","legacy","1"
"dreams_batch_7.json","O'zbek","legacy-uz","legacy","1"
"dreams_batch_7.json","Русский","досада","legacy","1"
"dreams_batch_7.json","English","legacy-en","legacy","1"
"dreams_batch_7.json","O'zbek","legacy-uz","legacy","1"
"dreams_batch_7.json","Русский","достоинство","legacy","1"
"dreams_batch_7.json","English","legacy-en","legacy","1"
"dreams_batch_7.json","O'zbek","legacy-uz","legacy","1"
"dreams_batch_7.json","Русский","достояние","legacy","1"
"dreams_batch_7.json","English","legacy-en","legacy","1"
"dreams_batch_7.json","O'zbek","legacy-uz","legacy","1"
"dreams_batch_7.json","Русский","драгоценность","legacy","1"
"dreams_batch_7.json","English","legacy-en","legacy","1"
"dreams_batch_7.json","O'zbek","legacy-uz","legacy","1"
"dreams_batch_7.json","Русский","дракон","legacy","1"
"dreams_batch_7.json","English","legacy-en","legacy","1"
"dreams_batch_7.json","O'zbek","legacy-uz","legacy","1"
"dreams_batch_7.json","Русский","драма","legacy","1"
"dreams_batch_7.json","English","legacy-en","legacy","1"
"dreams_batch_7.json","O'zbek","legacy-uz","legacy","1"
"dreams_batch_7.json","Русский","дрель","legacy","1"
"dreams_batch_7.json","English","legacy-en","legacy","1"
"dreams_batch_7.json","O'zbek","legacy-uz","legacy","1"
"dreams_batch_7.json","Русский","дренаж","legacy","1"
"dreams_batch_7.json","English","legacy-en","legacy","1"
"dreams_batch_7.json","O'zbek","legacy-uz","legacy","1"
"dreams_batch_7.json","Русский","дрессировка","legacy","1"
"dreams_batch_7.json","English","legacy-en","legacy","1"
"dreams_batch_7.json","O'zbek","legacy-uz","legacy","1"
"dreams_batch_7.json","Русский","дрожь","legacy","1"
"dreams_batch_7.json","English","legacy-en","legacy","1"
"dreams_batch_7.json","O'zbek","legacy-uz","legacy","1"
"dreams_batch_7.json","Русский","друг","legacy","1"
"dreams_batch_7.json","English","legacy-en","legacy","1"
"dreams_batch_7.json","O'zbek","legacy-uz","legacy","1"
"dreams_batch_7.json","Русский","дружба","legacy","1"
"dreams_batch_7.json","English","legacy-en","legacy","1"
"dreams_batch_7.json","O'zbek","legacy-uz","legacy","1"
"dreams_batch_8.json","Русский","дружина","legacy","1"
"dreams_batch_8.json","English","legacy-en","legacy","1"
"dreams_batch_8.json","O'zbek","legacy-uz","legacy","1"
"dreams_batch_8.json","Русский","дрянь","legacy","1"
"dreams_batch_8.json","English","legacy-en","legacy","1"
"dreams_batch_8.json","O'zbek","legacy-uz","legacy","1"
"dreams_batch_8.json","Русский","дуло","legacy","1"
"dreams_batch_8.json","English","legacy-en","legacy","1"
"dreams_batch_8.json","O'zbek","legacy-uz","legacy","1"
"dreams_batch_8.json","Русский","дурман","legacy","1"
"dreams_batch_8.json","English","legacy-en","legacy","1"
"dreams_batch_8.json","O'zbek","legacy-uz","legacy","1"
"dreams_batch_8.json","Русский","дуршлаг","legacy","1"
"dreams_batch_8.json","English","legacy-en","legacy","1"
"dreams_batch_8.json","O'zbek","legacy-uz","legacy","1"
"dreams_batch_8.json","Русский","дух","legacy","1"
"dreams_batch_8.json","English","legacy-en","legacy","1"
"dreams_batch_8.json","O'zbek","legacy-uz","legacy","1"
"dreams_batch_8.json","Русский","духи","legacy","1"
"dreams_batch_8.json","English","legacy-en","legacy","1"
"dreams_batch_8.json","O'zbek","legacy-uz","legacy","1"
"dreams_batch_8.json","Русский","духовенство","legacy","1"
"dreams_batch_8.json","English","legacy-en","legacy","1"
"dreams_batch_8.json","O'zbek","legacy-uz","legacy","1"
"dreams_batch_8.json","Русский","душ","legacy","1"
"dreams_batch_8.json","English","legacy-en","legacy","1"
"dreams_batch_8.json","O'zbek","legacy-uz","legacy","1"
"dreams_batch_8.json","Русский","душа","legacy","1"
"dreams_batch_8.json","English","legacy-en","legacy","1"
"dreams_batch_8.json","O'zbek","legacy-uz","legacy","1"
"dreams_batch_8.json","Русский","душка","legacy","1"
"dreams_batch_8.json","English","legacy-en","legacy","1"
"dreams_batch_8.json","O'zbek","legacy-uz","legacy","1"
"dreams_batch_8.json","Русский","душонка","legacy","1"
"dreams_batch_8.json","English","legacy-en","legacy","1"
"dreams_batch_8.json","O'zbek","legacy-uz","legacy","1"
"dreams_batch_8.json","Русский","дуэль","legacy","1"
"dreams_batch_8.json","English","legacy-en","legacy","1"
"dreams_batch_8.json","O'zbek","legacy-uz","legacy","1"
"dreams_batch_8.json","Русский","дуэт","legacy","1"
"dreams_batch_8.json","English","legacy-en","legacy","1"
"dreams_batch_8.json","O'zbek","legacy-uz","legacy","1"
"dreams_batch_8.json","Русский","дьявол","legacy","1"
"dreams_batch_8.json","English","legacy-en","legacy","1"
"dreams_batch_8.json","O'zbek","legacy-uz","legacy","1"
"dreams_batch_8.json","Русский","дядя","legacy","1"
"dreams_batch_8.json","English","legacy-en","legacy","1"
"dreams_batch_8.json","O'zbek","legacy-uz","legacy","1"
"dreams_batch_8.json","Русский","дятел","legacy","1"
"dreams_batch_8.json","English","legacy-en","legacy","1"
"dreams_batch_8.json","O'zbek","legacy-uz","legacy","1"
"dreams_batch_8.json","Русский","евангелие","legacy","1"
"dreams_batch_8.json","English","legacy-en","legacy","1"
"dreams_batch_8.json","O'zbek","legacy-uz","legacy","1"
"dreams_batch_8.json","Русский","евангелист","legacy","1"
"dreams_batch_8.json","English","legacy-en","legacy","1"
"dreams_batch_8.json","O'zbek","legacy-uz","legacy","1"
"dreams_batch_8.json","Русский","евнух","legacy","1"
"dreams_batch_8.json","English","legacy-en","legacy","1"
"dreams_batch_8.json","O'zbek","legacy-uz","legacy","1"
"dreams_batch_8.json","Русский","евражка","legacy","1"
"dreams_batch_8.json","English","legacy-en","legacy","1"
"dreams_batch_8.json","O'zbek","legacy-uz","legacy","1"
"dreams_batch_8.json","Русский","еврей","legacy","1"
"dreams_batch_8.json","English","legacy-en","legacy","1"
"dreams_batch_8.json","O'zbek","legacy-uz","legacy","1"
"dreams_batch_8.json","Русский","еврейка","legacy","1"
"dreams_batch_8.json","English","legacy-en","legacy","1"
"dreams_batch_8.json","O'zbek","legacy-uz","legacy","1"
"dreams_batch_8.json","Русский","евро","legacy","1"
"dreams_batch_8.json","English","legacy-en","legacy","1"
"dreams_batch_8.json","O'zbek","legacy-uz","legacy","1"
"dreams_batch_8.json","Русский","европа","legacy","1"
"dreams_batch_8.json","English","legacy-en","legacy","1"
"dreams_batch_8.json","O'zbek","legacy-uz","legacy","1"
"dreams_batch_8.json","Русский","европейцы","legacy","1"
"dreams_batch_8.json","English","legacy-en","legacy","1"
"dreams_batch_8.json","O'zbek","legacy-uz","legacy","1"
"dreams_batch_8.json","Русский","егермейстер","legacy","1"
"dreams_batch_8.json","English","legacy-en","legacy","1"
"dreams_batch_8.json","O'zbek","legacy-uz","legacy","1"
"dreams_batch_8.json","Русский","егерь","legacy","1"
"dreams_batch_8.json","English","legacy-en","legacy","1"
"dreams_batch_8.json","O'zbek","legacy-uz","legacy","1"
"dreams_batch_8.json","Русский","египет","legacy","1"
"dreams_batch_8.json","English","legacy-en","legacy","1"
"dreams_batch_8.json","O'zbek","legacy-uz","legacy","1"
"dreams_batch_8.json","Русский","египтянин","legacy","1"
"dreams_batch_8.json","English","legacy-en","legacy","1"
"dreams_batch_8.json","O'zbek","legacy-uz","legacy","1"
"dreams_batch_8.json","Русский","еда","legacy","1"
"dreams_batch_8.json","English","legacy-en","legacy","1"
"dreams_batch_8.json","O'zbek","legacy-uz","legacy","1"
"dreams_batch_8.json","Русский","едальня","legacy","1"
"dreams_batch_8.json","English","legacy-en","legacy","1"
"dreams_batch_8.json","O'zbek","legacy-uz","legacy","1"
"dreams_batch_8.json","Русский","единение","legacy","1"
"dreams_batch_8.json","English","legacy-en","legacy","1"
"dreams_batch_8.json","O'zbek","legacy-uz","legacy","1"
"dreams_batch_8.json","Русский","единица","legacy","1"
"dreams_batch_8.json","English","legacy-en","legacy","1"
"dreams_batch_8.json","O'zbek","legacy-uz","legacy","1"
"dreams_batch_8.json","Русский","единичка","legacy","1"
"dreams_batch_8.json","English","legacy-en","legacy","1"
"dreams_batch_8.json","O'zbek","legacy-uz","legacy","1"
"dreams_batch_8.json","Русский","единичность","legacy","1"
"dreams_batch_8.json","English","legacy-en","legacy","1"
"dreams_batch_8.json","O'zbek","legacy-uz","legacy","1"
"dreams_batch_8.json","Русский","единобожие","legacy","1"
"dreams_batch_8.json","English","legacy-en","legacy","1"
"dreams_batch_8.json","O'zbek","legacy-uz","legacy","1"
"dreams_batch_8.json","Русский","единоборство","legacy","1"
"dreams_batch_8.json","English","legacy-en","legacy","1"
"dreams_batch_8.json","O'zbek","legacy-uz","legacy","1"
"dreams_batch_8.json","Русский","единобрачие","legacy","1"
"dreams_batch_8.json","English","legacy-en","legacy","1"
"dreams_batch_8.json","O'zbek","legacy-uz","legacy","1"
"dreams_batch_8.json","Русский","единоверец","legacy","1"
"dreams_batch_8.json","English","legacy-en","legacy","1"
"dreams_batch_8.json","O'zbek","legacy-uz","legacy","1"
"dreams_batch_8.json","Русский","единоверие","legacy","1"
"dreams_batch_8.json","English","legacy-en","legacy","1"
"dreams_batch_8.json","O'zbek","legacy-uz","legacy","1"
"dreams_batch_8.json","Русский","единоверка","legacy","1"
"dreams_batch_8.json","English","legacy-en","legacy","1"
"dreams_batch_8.json","O'zbek","legacy-uz","legacy","1"
"dreams_batch_8.json","Русский","единоверный","legacy","1"
"dreams_batch_8.json","English","legacy-en","legacy","1"
"dreams_batch_8.json","O'zbek","legacy-uz","legacy","1"
"dreams_batch_8.json","Русский","единоверцы","legacy","1"
"dreams_batch_8.json","English","legacy-en","legacy","1"
"dreams_batch_8.json","O'zbek","legacy-uz","legacy","1"
"dreams_batch_8.json","Русский","единовластие","legacy","1"
"dreams_batch_8.json","English","legacy-en","legacy","1"
"dreams_batch_8.json","O'zbek","legacy-uz","legacy","1"
"dreams_batch_8.json","Русский","единовластитель","legacy","1"
"dreams_batch_8.json","English","legacy-en","legacy","1"
"dreams_batch_8.json","O'zbek","legacy-uz","legacy","1"
"dreams_batch_8.json","Русский","единовременность","legacy","1"
"dreams_batch_8.json","English","legacy-en","legacy","1"
"dreams_batch_8.json","O'zbek","legacy-uz","legacy","1"
"dreams_batch_8.json","Русский","единогласие","legacy","1"
"dreams_batch_8.json","English","legacy-en","legacy","1"
"dreams_batch_8.json","O'zbek","legacy-uz","legacy","1"
"dreams_batch_8.json","Русский","единоголосие","legacy","1"
"dreams_batch_8.json","English","legacy-en","legacy","1"
"dreams_batch_8.json","O'zbek","legacy-uz","legacy","1"
"dreams_batch_8.json","Русский","единодушие","legacy","1"
"dreams_batch_8.json","English","legacy-en","legacy","1"
"dreams_batch_8.json","O'zbek","legacy-uz","legacy","1"
"dreams_batch_8.json","Русский","единокровница","legacy","1"
"dreams_batch_8.json","English","legacy-en","legacy","1"
"dreams_batch_8.json","O'zbek","legacy-uz","legacy","1"
"dreams_batch_8.json","Русский","единокровность","legacy","1"
"dreams_batch_8.json","English","legacy-en","legacy","1"
"dreams_batch_8.json","O'zbek","legacy-uz","legacy","1"
"dreams_batch_8.json","Русский","единокровный","legacy","1"
"dreams_batch_8.json","English","legacy-en","legacy","1"
"dreams_batch_8.json","O'zbek","legacy-uz","legacy","1"
"dreams_batch_8.json","Русский","единоличник","legacy","1"
"dreams_batch_8.json","English","legacy-en","legacy","1"
"dreams_batch_8.json","O'zbek","legacy-uz","legacy","1"
"dreams_batch_8.json","Русский","единоличность","legacy","1"
"dreams_batch_8.json","English","legacy-en","legacy","1"
"dreams_batch_8.json","O'zbek","legacy-uz","legacy","1"
"dreams_batch_8.json","Русский","единомыслие","legacy","1"
"dreams_batch_8.json","English","legacy-en","legacy","1"
"dreams_batch_8.json","O'zbek","legacy-uz","legacy","1"
"dreams_batch_8.json","Русский","единомышленник","legacy","1"
"dreams_batch_8.json","English","legacy-en","legacy","1"
"dreams_batch_8.json","O'zbek","legacy-uz","legacy","1"
"dreams_batch_8.json","Русский","единомышленница","legacy","1"
"dreams_batch_8.json","English","legacy-en","legacy","1"
"dreams_batch_8.json","O'zbek","legacy-uz","legacy","1"
"dreams_batch_8.json","Русский","единомышленничество","legacy","1"
"dreams_batch_8.json","English","legacy-en","legacy","1"
"dreams_batch_8.json","O'zbek","legacy-uz","legacy","1"
"dreams_batch_8.json","Русский","единоначалие","legacy","1"
"dreams_batch_8.json","English","legacy-en","legacy","1"
"dreams_batch_8.json","O'zbek","legacy-uz","legacy","1"
"dreams_batch_8.json","Русский","единоначальник","legacy","1"
"dreams_batch_8.json","English","legacy-en","legacy","1"
"dreams_batch_8.json","O'zbek","legacy-uz","legacy","1"
"dreams_batch_8.json","Русский","единообразие","legacy","1"
"dreams_batch_8.json","English","legacy-en","legacy","1"
"dreams_batch_8.json","O'zbek","legacy-uz","legacy","1"
"dreams_batch_8.json","Русский","единорог","legacy","1"
"dreams_batch_8.json","English","legacy-en","legacy","1"
"dreams_batch_8.json","O'zbek","legacy-uz","legacy","1"
"dreams_batch_8.json","Русский","единородный","legacy","1"
"dreams_batch_8.json","English","legacy-en","legacy","1"
"dreams_batch_8.json","O'zbek","legacy-uz","legacy","1"
"dreams_batch_8.json","Русский","единородство","legacy","1"
"dreams_batch_8.json","English","legacy-en","legacy","1"
"dreams_batch_8.json","O'zbek","legacy-uz","legacy","1"
"dreams_batch_8.json","Русский","единосущность","legacy","1"
"dreams_batch_8.json","English","legacy-en","legacy","1"
"dreams_batch_8.json","O'zbek","legacy-uz","legacy","1"
"dreams_batch_8.json","Русский","единосущный","legacy","1"
"dreams_batch_8.json","English","legacy-en","legacy","1"
"dreams_batch_8.json","O'zbek","legacy-uz","legacy","1"
"dreams_batch_8.json","Русский","единственность","legacy","1"
"dreams_batch_8.json","English","legacy-en","legacy","1"
"dreams_batch_8.json","O'zbek","legacy-uz","legacy","1"
"dreams_batch_8.json","Русский","единственный","legacy","1"
"dreams_batch_8.json","English","legacy-en","legacy","1"
"dreams_batch_8.json","O'zbek","legacy-uz","legacy","1"
"dreams_batch_8.json","Русский","единство","legacy","1"
"dreams_batch_8.json","English","legacy-en","legacy","1"
"dreams_batch_8.json","O'zbek","legacy-uz","legacy","1"
"dreams_batch_8.json","Русский","единый","legacy","1"
"dreams_batch_8.json","English","legacy-en","legacy","1"
"dreams_batch_8.json","O'zbek","legacy-uz","legacy","1"
"dreams_batch_8.json","Русский","едок","legacy","1"
"dreams_batch_8.json","English","legacy-en","legacy","1"
"dreams_batch_8.json","O'zbek","legacy-uz","legacy","1"
"dreams_batch_8.json","Русский","еж","legacy","1"
"dreams_batch_8.json","English","legacy-en","legacy","1"
"dreams_batch_8.json","O'zbek","legacy-uz","legacy","1"
"dreams_batch_8.json","Русский","ежевечерний","legacy","1"
"dreams_batch_8.json","English","legacy-en","legacy","1"
"dreams_batch_8.json","O'zbek","legacy-uz","legacy","1"
"dreams_batch_8.json","Русский","ежевика","legacy","1"
"dreams_batch_8.json","English","legacy-en","legacy","1"
"dreams_batch_8.json","O'zbek","legacy-uz","legacy","1"
"dreams_batch_8.json","Русский","ежегодник","legacy","1"
"dreams_batch_8.json","English","legacy-en","legacy","1"
"dreams_batch_8.json","O'zbek","legacy-uz","legacy","1"
"dreams_batch_8.json","Русский","ежегодный","legacy","1"
"dreams_batch_8.json","English","legacy-en","legacy","1"
"dreams_batch_8.json","O'zbek","legacy-uz","legacy","1"
"dreams_batch_8.json","Русский","ежедневник","legacy","1"
"dreams_batch_8.json","English","legacy-en","legacy","1"
"dreams_batch_8.json","O'zbek","legacy-uz","legacy","1"
"dreams_batch_8.json","Русский","ежедневность","legacy","1"
"dreams_batch_8.json","English","legacy-en","legacy","1"
"dreams_batch_8.json","O'zbek","legacy-uz","legacy","1"
"dreams_batch_8.json","Русский","ежедневный","legacy","1"
"dreams_batch_8.json","English","legacy-en","legacy","1"
"dreams_batch_8.json","O'zbek","legacy-uz","legacy","1"
"dreams_batch_8.json","Русский","ежемесячник","legacy","1"
"dreams_batch_8.json","English","legacy-en","legacy","1"
"dreams_batch_8.json","O'zbek","legacy-uz","legacy","1"
"dreams_batch_8.json","Русский","ежемесячный","legacy","1"
"dreams_batch_8.json","English","legacy-en","legacy","1"
"dreams_batch_8.json","O'zbek","legacy-uz","legacy","1"
"dreams_batch_8.json","Русский","ежеминутность","legacy","1"
"dreams_batch_8.json","English","legacy-en","legacy","1"
"dreams_batch_8.json","O'zbek","legacy-uz","legacy","1"
"dreams_batch_8.json","Русский","еженедельник","legacy","1"
"dreams_batch_8.json","English","legacy-en","legacy","1"
"dreams_batch_8.json","O'zbek","legacy-uz","legacy","1"
"dreams_batch_8.json","Русский","еженедельный","legacy","1"
"dreams_batch_8.json","English","legacy-en","legacy","1"
"dreams_batch_8.json","O'zbek","legacy-uz","legacy","1"
"dreams_batch_8.json","Русский","ежечасность","legacy","1"
"dreams_batch_8.json","English","legacy-en","legacy","1"
"dreams_batch_8.json","O'zbek","legacy-uz","legacy","1"
"dreams_batch_8.json","Русский","ежиха","legacy","1"
"dreams_batch_8.json","English","legacy-en","legacy","1"
"dreams_batch_8.json","O'zbek","legacy-uz","legacy","1"
"dreams_batch_8.json","Русский","езда","legacy","1"
"dreams_batch_8.json","English","legacy-en","legacy","1"
"dreams_batch_8.json","O'zbek","legacy-uz","legacy","1"
"dreams_batch_8.json","Русский","ездовой","legacy","1"
"dreams_batch_8.json","English","legacy-en","legacy","1"
"dreams_batch_8.json","O'zbek","legacy-uz","legacy","1"
"dreams_batch_8.json","Русский","ездок","legacy","1"
"dreams_batch_8.json","English","legacy-en","legacy","1"
"dreams_batch_8.json","O'zbek","legacy-uz","legacy","1"
"dreams_batch_8.json","Русский","елей","legacy","1"
"dreams_batch_8.json","English","legacy-en","legacy","1"
"dreams_batch_8.json","O'zbek","legacy-uz","legacy","1"
"dreams_batch_8.json","Русский","елейность","legacy","1"
"dreams_batch_8.json","English","legacy-en","legacy","1"
"dreams_batch_8.json","O'zbek","legacy-uz","legacy","1"
"dreams_batch_8.json","Русский","елка","legacy","1"
"dreams_batch_8.json","English","legacy-en","legacy","1"
"dreams_batch_8.json","O'zbek","legacy-uz","legacy","1"
"dreams_batch_8.json","Русский","елочка","legacy","1"
"dreams_batch_8.json","English","legacy-en","legacy","1"
"dreams_batch_8.json","O'zbek","legacy-uz","legacy","1"
"dreams_batch_8.json","Русский","ель","legacy","1"
"dreams_batch_8.json","English","legacy-en","legacy","1"
"dreams_batch_8.json","O'zbek","legacy-uz","legacy","1"
"dreams_batch_8.json","Русский","ельник","legacy","1"
"dreams_batch_8.json","English","legacy-en","legacy","1"
"dreams_batch_8.json","O'zbek","legacy-uz","legacy","1"
"dreams_batch_8.json","Русский","емкость","legacy","1"
"dreams_batch_8.json","English","legacy-en","legacy","1"
"dreams_batch_8.json","O'zbek","legacy-uz","legacy","1"
"dreams_batch_8.json","Русский","ендова","legacy","1"
"dreams_batch_8.json","English","legacy-en","legacy","1"
"dreams_batch_8.json","O'zbek","legacy-uz","legacy","1"
"dreams_batch_8.json","Русский","енот","legacy","1"
"dreams_batch_8.json","English","legacy-en","legacy","1"
"dreams_batch_8.json","O'zbek","legacy-uz","legacy","1"
"dreams_batch_8.json","Русский","енотиха","legacy","1"
"dreams_batch_8.json","English","legacy-en","legacy","1"
"dreams_batch_8.json","O'zbek","legacy-uz","legacy","1"
"dreams_batch_9.json","Русский","епанча","legacy","1"
"dreams_batch_9.json","English","legacy-en","legacy","1"
"dreams_batch_9.json","O'zbek","legacy-uz","legacy","1"
"dreams_batch_9.json","Русский","епархия","legacy","1"
"dreams_batch_9.json","English","legacy-en","legacy","1"
"dreams_batch_9.json","O'zbek","legacy-uz","legacy","1"
"dreams_batch_9.json","Русский","епископ","legacy","1"
"dreams_batch_9.json","English","legacy-en","legacy","1"
"dreams_batch_9.json","O'zbek","legacy-uz","legacy","1"
"dreams_batch_9.json","Русский","епископство","legacy","1"
"dreams_batch_9.json","English","legacy-en","legacy","1"
"dreams_batch_9.json","O'zbek","legacy-uz","legacy","1"
"dreams_batch_9.json","Русский","епитимия","legacy","1"
"dreams_batch_9.json","English","legacy-en","legacy","1"
"dreams_batch_9.json","O'zbek","legacy-uz","legacy","1"
"dreams_batch_9.json","Русский","ералаш","legacy","1"
"dreams_batch_9.json","English","legacy-en","legacy","1"
"dreams_batch_9.json","O'zbek","legacy-uz","legacy","1"
"dreams_batch_9.json","Русский","ералашный","legacy","1"
"dreams_batch_9.json","English","legacy-en","legacy","1"
"dreams_batch_9.json","O'zbek","legacy-uz","legacy","1"
"dreams_batch_9.json","Русский","ересиарх","legacy","1"
"dreams_batch_9.json","English","legacy-en","legacy","1"
"dreams_batch_9.json","O'zbek","legacy-uz","legacy","1"
"dreams_batch_9.json","Русский","ересь","legacy","1"
"dreams_batch_9.json","English","legacy-en","legacy","1"
"dreams_batch_9.json","O'zbek","legacy-uz","legacy","1"
"dreams_batch_9.json","Русский","еретик","legacy","1"
"dreams_batch_9.json","English","legacy-en","legacy","1"
"dreams_batch_9.json","O'zbek","legacy-uz","legacy","1"
"dreams_batch_9.json","Русский","ермолка","legacy","1"
"dreams_batch_9.json","English","legacy-en","legacy","1"
"dreams_batch_9.json","O'zbek","legacy-uz","legacy","1"
"dreams_batch_9.json","Русский","ерунда","legacy","1"
"dreams_batch_9.json","English","legacy-en","legacy","1"
"dreams_batch_9.json","O'zbek","legacy-uz","legacy","1"
"dreams_batch_9.json","Русский","ерш","legacy","1"
"dreams_batch_9.json","English","legacy-en","legacy","1"
"dreams_batch_9.json","O'zbek","legacy-uz","legacy","1"
"dreams_batch_9.json","Русский","ершик","legacy","1"
"dreams_batch_9.json","English","legacy-en","legacy","1"
"dreams_batch_9.json","O'zbek","legacy-uz","legacy","1"
"dreams_batch_9.json","Русский","ершистость","legacy","1"
"dreams_batch_9.json","English","legacy-en","legacy","1"
"dreams_batch_9.json","O'zbek","legacy-uz","legacy","1"
"dreams_batch_9.json","Русский","есаул","legacy","1"
"dreams_batch_9.json","English","legacy-en","legacy","1"
"dreams_batch_9.json","O'zbek","legacy-uz","legacy","1"
"dreams_batch_9.json","Русский","естественность","legacy","1"
"dreams_batch_9.json","English","legacy-en","legacy","1"
"dreams_batch_9.json","O'zbek","legacy-uz","legacy","1"
"dreams_batch_9.json","Русский","естество","legacy","1"
"dreams_batch_9.json","English","legacy-en","legacy","1"
"dreams_batch_9.json","O'zbek","legacy-uz","legacy","1"
"dreams_batch_9.json","Русский","естествознание","legacy","1"
"dreams_batch_9.json","English","legacy-en","legacy","1"
"dreams_batch_9.json","O'zbek","legacy-uz","legacy","1"
"dreams_batch_9.json","Русский","естествоиспытание","legacy","1"
"dreams_batch_9.json","English","legacy-en","legacy","1"
"dreams_batch_9.json","O'zbek","legacy-uz","legacy","1"
"dreams_batch_9.json","Русский","естествоиспытатель","legacy","1"
"dreams_batch_9.json","English","legacy-en","legacy","1"
"dreams_batch_9.json","O'zbek","legacy-uz","legacy","1"
"dreams_batch_9.json","Русский","ефиоп","legacy","1"
"dreams_batch_9.json","English","legacy-en","legacy","1"
"dreams_batch_9.json","O'zbek","legacy-uz","legacy","1"
"dreams_batch_9.json","Русский","ехидна","legacy","1"
"dreams_batch_9.json","English","legacy-en","legacy","1"
"dreams_batch_9.json","O'zbek","legacy-uz","legacy","1"
"dreams_batch_9.json","Русский","ехидница","legacy","1"
"dreams_batch_9.json","English","legacy-en","legacy","1"
"dreams_batch_9.json","O'zbek","legacy-uz","legacy","1"
"dreams_batch_9.json","Русский","ехидничанье","legacy","1"
"dreams_batch_9.json","English","legacy-en","legacy","1"
"dreams_batch_9.json","O'zbek","legacy-uz","legacy","1"
"dreams_batch_9.json","Русский","ехидство","legacy","1"
"dreams_batch_9.json","English","legacy-en","legacy","1"
"dreams_batch_9.json","O'zbek","legacy-uz","legacy","1"
"dreams_batch_9.json","Русский","жаба","legacy","1"
"dreams_batch_9.json","English","legacy-en","legacy","1"
"dreams_batch_9.json","O'zbek","legacy-uz","legacy","1"
"dreams_batch_9.json","Русский","жабо","legacy","1"
"dreams_batch_9.json","English","legacy-en","legacy","1"
"dreams_batch_9.json","O'zbek","legacy-uz","legacy","1"
"dreams_batch_9.json","Русский","жабра","legacy","1"
"dreams_batch_9.json","English","legacy-en","legacy","1"
"dreams_batch_9.json","O'zbek","legacy-uz","legacy","1"
"dreams_batch_9.json","Русский","жаворонок","legacy","1"
"dreams_batch_9.json","English","legacy-en","legacy","1"
"dreams_batch_9.json","O'zbek","legacy-uz","legacy","1"
"dreams_batch_9.json","Русский","жадность","legacy","1"
"dreams_batch_9.json","English","legacy-en","legacy","1"
"dreams_batch_9.json","O'zbek","legacy-uz","legacy","1"
"dreams_batch_9.json","Русский","жажда","legacy","1"
"dreams_batch_9.json","English","legacy-en","legacy","1"
"dreams_batch_9.json","O'zbek","legacy-uz","legacy","1"
"dreams_batch_9.json","Русский","жакет","legacy","1"
"dreams_batch_9.json","English","legacy-en","legacy","1"
"dreams_batch_9.json","O'zbek","legacy-uz","legacy","1"
"dreams_batch_9.json","Русский","жало","legacy","1"
"dreams_batch_9.json","English","legacy-en","legacy","1"
"dreams_batch_9.json","O'zbek","legacy-uz","legacy","1"
"dreams_batch_9.json","Русский","жалоба","legacy","1"
"dreams_batch_9.json","English","legacy-en","legacy","1"
"dreams_batch_9.json","O'zbek","legacy-uz","legacy","1"
"dreams_batch_9.json","Русский","жалюзи","legacy","1"
"dreams_batch_9.json","English","legacy-en","legacy","1"
"dreams_batch_9.json","O'zbek","legacy-uz","legacy","1"
"dreams_batch_9.json","Русский","жандарм","legacy","1"
"dreams_batch_9.json","English","legacy-en","legacy","1"
"dreams_batch_9.json","O'zbek","legacy-uz","legacy","1"
"dreams_batch_9.json","Русский","жанр","legacy","1"
"dreams_batch_9.json","English","legacy-en","legacy","1"
"dreams_batch_9.json","O'zbek","legacy-uz","legacy","1"
"dreams_batch_9.json","Русский","жара","legacy","1"
"dreams_batch_9.json","English","legacy-en","legacy","1"
"dreams_batch_9.json","O'zbek","legacy-uz","legacy","1"
"dreams_batch_9.json","Русский","жаргон","legacy","1"
"dreams_batch_9.json","English","legacy-en","legacy","1"
"dreams_batch_9.json","O'zbek","legacy-uz","legacy","1"
"dreams_batch_9.json","Русский","жаровня","legacy","1"
"dreams_batch_9.json","English","legacy-en","legacy","1"
"dreams_batch_9.json","O'zbek","legacy-uz","legacy","1"
"dreams_batch_9.json","Русский","жасмин","legacy","1"
"dreams_batch_9.json","English","legacy-en","legacy","1"
"dreams_batch_9.json","O'zbek","legacy-uz","legacy","1"
"dreams_batch_9.json","Русский","жатва","legacy","1"
"dreams_batch_9.json","English","legacy-en","legacy","1"
"dreams_batch_9.json","O'zbek","legacy-uz","legacy","1"
"dreams_batch_9.json","Русский","жатка","legacy","1"
"dreams_batch_9.json","English","legacy-en","legacy","1"
"dreams_batch_9.json","O'zbek","legacy-uz","legacy","1"
"dreams_batch_9.json","Русский","жвачка","legacy","1"
"dreams_batch_9.json","English","legacy-en","legacy","1"
"dreams_batch_9.json","O'zbek","legacy-uz","legacy","1"
"dreams_batch_9.json","Русский","жвачное","legacy","1"
"dreams_batch_9.json","English","legacy-en","legacy","1"
"dreams_batch_9.json","O'zbek","legacy-uz","legacy","1"
"dreams_batch_9.json","Русский","жгутик","legacy","1"
"dreams_batch_9.json","English","legacy-en","legacy","1"
"dreams_batch_9.json","O'zbek","legacy-uz","legacy","1"
"dreams_batch_9.json","Русский","жгучесть","legacy","1"
"dreams_batch_9.json","English","legacy-en","legacy","1"
"dreams_batch_9.json","O'zbek","legacy-uz","legacy","1"
"dreams_batch_9.json","Русский","жезл","legacy","1"
"dreams_batch_9.json","English","legacy-en","legacy","1"
"dreams_batch_9.json","O'zbek","legacy-uz","legacy","1"
"dreams_batch_9.json","Русский","желание","legacy","1"
"dreams_batch_9.json","English","legacy-en","legacy","1"
"dreams_batch_9.json","O'zbek","legacy-uz","legacy","1"
"dreams_batch_9.json","Русский","желанность","legacy","1"
"dreams_batch_9.json","English","legacy-en","legacy","1"
"dreams_batch_9.json","O'zbek","legacy-uz","legacy","1"
"dreams_batch_9.json","Русский","желатин","legacy","1"
"dreams_batch_9.json","English","legacy-en","legacy","1"
"dreams_batch_9.json","O'zbek","legacy-uz","legacy","1"
"dreams_batch_9.json","Русский","желваки","legacy","1"
"dreams_batch_9.json","English","legacy-en","legacy","1"
"dreams_batch_9.json","O'zbek","legacy-uz","legacy","1"
"dreams_batch_9.json","Русский","желе","legacy","1"
"dreams_batch_9.json","English","legacy-en","legacy","1"
"dreams_batch_9.json","O'zbek","legacy-uz","legacy","1"
"dreams_batch_9.json","Русский","железистость","legacy","1"
"dreams_batch_9.json","English","legacy-en","legacy","1"
"dreams_batch_9.json","O'zbek","legacy-uz","legacy","1"
"dreams_batch_9.json","Русский","железо","legacy","1"
"dreams_batch_9.json","English","legacy-en","legacy","1"
"dreams_batch_9.json","O'zbek","legacy-uz","legacy","1"
"dreams_batch_9.json","Русский","желоб","legacy","1"
"dreams_batch_9.json","English","legacy-en","legacy","1"
"dreams_batch_9.json","O'zbek","legacy-uz","legacy","1"
"dreams_batch_9.json","Русский","желобок","legacy","1"
"dreams_batch_9.json","English","legacy-en","legacy","1"
"dreams_batch_9.json","O'zbek","legacy-uz","legacy","1"
"dreams_batch_9.json","Русский","желтизна","legacy","1"
"dreams_batch_9.json","English","legacy-en","legacy","1"
"dreams_batch_9.json","O'zbek","legacy-uz","legacy","1"
"dreams_batch_9.json","Русский","желток","legacy","1"
"dreams_batch_9.json","English","legacy-en","legacy","1"
"dreams_batch_9.json","O'zbek","legacy-uz","legacy","1"
"dreams_batch_9.json","Русский","желторотик","legacy","1"
"dreams_batch_9.json","English","legacy-en","legacy","1"
"dreams_batch_9.json","O'zbek","legacy-uz","legacy","1"
"dreams_batch_9.json","Русский","желтофиоль","legacy","1"
"dreams_batch_9.json","English","legacy-en","legacy","1"
"dreams_batch_9.json","O'zbek","legacy-uz","legacy","1"
"dreams_batch_9.json","Русский","желтуха","legacy","1"
"dreams_batch_9.json","English","legacy-en","legacy","1"
"dreams_batch_9.json","O'zbek","legacy-uz","legacy","1"
"dreams_batch_9.json","Русский","желудок","legacy","1"
"dreams_batch_9.json","English","legacy-en","legacy","1"
"dreams_batch_9.json","O'zbek","legacy-uz","legacy","1"
"dreams_batch_9.json","Русский","желудь","legacy","1"
"dreams_batch_9.json","English","legacy-en","legacy","1"
"dreams_batch_9.json","O'zbek","legacy-uz","legacy","1"
"dreams_batch_9.json","Русский","желчь","legacy","1"
"dreams_batch_9.json","English","legacy-en","legacy","1"
"dreams_batch_9.json","O'zbek","legacy-uz","legacy","1"
"dreams_batch_9.json","Русский","жеманство","legacy","1"
"dreams_batch_9.json","English","legacy-en","legacy","1"
"dreams_batch_9.json","O'zbek","legacy-uz","legacy","1"
"dreams_batch_9.json","Русский","жемчуг","legacy","1"
"dreams_batch_9.json","English","legacy-en","legacy","1"
"dreams_batch_9.json","O'zbek","legacy-uz","legacy","1"
"dreams_batch_9.json","Русский","жемчужина","legacy","1"
"dreams_batch_9.json","English","legacy-en","legacy","1"
"dreams_batch_9.json","O'zbek","legacy-uz","legacy","1"
"dreams_batch_9.json","Русский","жена","legacy","1"
"dreams_batch_9.json","English","legacy-en","legacy","1"
"dreams_batch_9.json","O'zbek","legacy-uz","legacy","1"
"dreams_batch_9.json","Русский","жених","legacy","1"
"dreams_batch_9.json","English","legacy-en","legacy","1"
"dreams_batch_9.json","O'zbek","legacy-uz","legacy","1"
"dreams_batch_9.json","Русский","женьшень","legacy","1"
"dreams_batch_9.json","English","legacy-en","legacy","1"
"dreams_batch_9.json","O'zbek","legacy-uz","legacy","1"
"dreams_batch_9.json","Русский","жердь","legacy","1"
"dreams_batch_9.json","English","legacy-en","legacy","1"
"dreams_batch_9.json","O'zbek","legacy-uz","legacy","1"
"dreams_batch_9.json","Русский","жеребенок","legacy","1"
"dreams_batch_9.json","English","legacy-en","legacy","1"
"dreams_batch_9.json","O'zbek","legacy-uz","legacy","1"
"dreams_batch_9.json","Русский","жеребец","legacy","1"
"dreams_batch_9.json","English","legacy-en","legacy","1"
"dreams_batch_9.json","O'zbek","legacy-uz","legacy","1"
"dreams_batch_9.json","Русский","жерлица","legacy","1"
"dreams_batch_9.json","English","legacy-en","legacy","1"
"dreams_batch_9.json","O'zbek","legacy-uz","legacy","1"
"dreams_batch_9.json","Русский","жерло","legacy","1"
"dreams_batch_9.json","English","legacy-en","legacy","1"
"dreams_batch_9.json","O'zbek","legacy-uz","legacy","1"
"dreams_batch_9.json","Русский","жернова","legacy","1"
"dreams_batch_9.json","English","legacy-en","legacy","1"
"dreams_batch_9.json","O'zbek","legacy-uz","legacy","1"
"dreams_batch_9.json","Русский","жертва","legacy","1"
"dreams_batch_9.json","English","legacy-en","legacy","1"
"dreams_batch_9.json","O'zbek","legacy-uz","legacy","1"
"dreams_batch_9.json","Русский","жертвенник","legacy","1"
"dreams_batch_9.json","English","legacy-en","legacy","1"
"dreams_batch_9.json","O'zbek","legacy-uz","legacy","1"
"dreams_batch_9.json","Русский","жертвоприношение","legacy","1"
"dreams_batch_9.json","English","legacy-en","legacy","1"
"dreams_batch_9.json","O'zbek","legacy-uz","legacy","1"
"dreams_batch_9.json","Русский","жестикуляция","legacy","1"
"dreams_batch_9.json","English","legacy-en","legacy","1"
"dreams_batch_9.json","O'zbek","legacy-uz","legacy","1"
"dreams_batch_9.json","Русский","жесткость","legacy","1"
"dreams_batch_9.json","English","legacy-en","legacy","1"
"dreams_batch_9.json","O'zbek","legacy-uz","legacy","1"
"dreams_batch_9.json","Русский","жестокость","legacy","1"
"dreams_batch_9.json","English","legacy-en","legacy","1"
"dreams_batch_9.json","O'zbek","legacy-uz","legacy","1"
"dreams_batch_9.json","Русский","жесть","legacy","1"
"dreams_batch_9.json","English","legacy-en","legacy","1"
"dreams_batch_9.json","O'zbek","legacy-uz","legacy","1"
"dreams_batch_9.json","Русский","живица","legacy","1"
"dreams_batch_9.json","English","legacy-en","legacy","1"
"dreams_batch_9.json","O'zbek","legacy-uz","legacy","1"
"dreams_batch_9.json","Русский","живность","legacy","1"
"dreams_batch_9.json","English","legacy-en","legacy","1"
"dreams_batch_9.json","O'zbek","legacy-uz","legacy","1"
"dreams_batch_9.json","Русский","живописец","legacy","1"
"dreams_batch_9.json","English","legacy-en","legacy","1"
"dreams_batch_9.json","O'zbek","legacy-uz","legacy","1"
"dreams_batch_9.json","Русский","живопись","legacy","1"
"dreams_batch_9.json","English","legacy-en","legacy","1"
"dreams_batch_9.json","O'zbek","legacy-uz","legacy","1"
"dreams_batch_9.json","Русский","живость","legacy","1"
"dreams_batch_9.json","English","legacy-en","legacy","1"
"dreams_batch_9.json","O'zbek","legacy-uz","legacy","1"
"dreams_batch_9.json","Русский","живот","legacy","1"
"dreams_batch_9.json","English","legacy-en","legacy","1"
"dreams_batch_9.json","O'zbek","legacy-uz","legacy","1"
"dreams_batch_9.json","Русский","животное","legacy","1"
"dreams_batch_9.json","English","legacy-en","legacy","1"
"dreams_batch_9.json","O'zbek","legacy-uz","legacy","1"
"dreams_batch_9.json","Русский","живучесть","legacy","1"
"dreams_batch_9.json","English","legacy-en","legacy","1"
"dreams_batch_9.json","O'zbek","legacy-uz","legacy","1"
"dreams_batch_9.json","Русский","жиголо","legacy","1"
"dreams_batch_9.json","English","legacy-en","legacy","1"
"dreams_batch_9.json","O'zbek","legacy-uz","legacy","1"
"dreams_batch_9.json","Русский","жид","legacy","1"
"dreams_batch_9.json","English","legacy-en","legacy","1"
"dreams_batch_9.json","O'zbek","legacy-uz","legacy","1"
"dreams_batch_9.json","Русский","жидкость","legacy","1"
"dreams_batch_9.json","English","legacy-en","legacy","1"
"dreams_batch_9.json","O'zbek","legacy-uz","legacy","1"
"dreams_batch_9.json","Русский","жизнеописание","legacy","1"
"dreams_batch_9.json","English","legacy-en","legacy","1"
"dreams_batch_9.json","O'zbek","legacy-uz","legacy","1"
"dreams_batch_9.json","Русский","жила","legacy","1"
"dreams_batch_9.json","English","legacy-en","legacy","1"
"dreams_batch_9.json","O'zbek","legacy-uz","legacy","1"
"dreams_batch_9.json","Русский","жилет","legacy","1"
"dreams_batch_9.json","English","legacy-en","legacy","1"
"dreams_batch_9.json","O'zbek","legacy-uz","legacy","1"
"dreams_batch_9.json","Русский","жилище","legacy","1"
"dreams_batch_9.json","English","legacy-en","legacy","1"
"dreams_batch_9.json","O'zbek","legacy-uz","legacy","1"
"dreams_master_animals.json","Р СѓСЃСЃРєРёР№","СЃРѕР±Р°РєР°","20001","2"
"dreams_master_animals.json","English","dog","20001","1"
"dreams_master_animals.json","O'zbek","it","20001","1"
"dreams_master_animals.json","Р СѓСЃСЃРєРёР№","РєРѕС€РєР°","20002","1"
"dreams_master_animals.json","English","cat","20002","1"
"dreams_master_animals.json","O'zbek","mushuk","20002","1"
"dreams_master_animals.json","Р СѓСЃСЃРєРёР№","Р·РјРµСЏ","20003","1"
"dreams_master_animals.json","English","snake","20003","1"
"dreams_master_animals.json","O'zbek","ilon","20003","1"
"dreams_master_general_expansion.json","Р СѓСЃСЃРєРёР№","СЏР±Р»РѕРєРѕ","60001","1"
"dreams_master_general_expansion.json","English","apple","60001","1"
"dreams_master_general_expansion.json","O'zbek","olma","60001","1"
"dreams_master_nature_water.json","Р СѓСЃСЃРєРёР№","РІРѕРґР°","10001","2"
"dreams_master_nature_water.json","English","water","10001","1"
"dreams_master_nature_water.json","O'zbek","suv","10001","1"
"dreams_master_nature_water.json","Р СѓСЃСЃРєРёР№","РјРѕСЂРµ","10002","1"
"dreams_master_nature_water.json","English","sea","10002","1"
"dreams_master_nature_water.json","O'zbek","dengiz","10002","1"
"dreams_master_nature_water.json","Р СѓСЃСЃРєРёР№","СЂРµРєР°","10003","1"
"dreams_master_nature_water.json","English","river","10003","1"
"dreams_master_nature_water.json","O'zbek","daryo","10003","1"
"dreams_master_nature_water.json","Р СѓСЃСЃРєРёР№","РґРѕР¶РґСЊ","10004","1"
"dreams_master_nature_water.json","English","rain","10004","1"
"dreams_master_nature_water.json","O'zbek","yomg'ir","10004","1"
"dreams_master_nature_water.json","Р СѓСЃСЃРєРёР№","РѕРіРѕРЅСЊ","10005","1"
"dreams_master_nature_water.json","English","fire","10005","1"
"dreams_master_nature_water.json","O'zbek","olov","10005","1"
"dreams_master_objects_events.json","Р СѓСЃСЃРєРёР№","РґРµРЅСЊРіРё","50001","1"
"dreams_master_objects_events.json","English","money","50001","1"
"dreams_master_objects_events.json","O'zbek","pul","50001","1"
"dreams_master_objects_events.json","Р СѓСЃСЃРєРёР№","РґРѕРј","50002","1"
"dreams_master_objects_events.json","English","house","50002","1"
"dreams_master_objects_events.json","O'zbek","uy","50002","1"
"dreams_master_people_actions.json","Р СѓСЃСЃРєРёР№","РјР°С‚СЊ","30001","1"
"dreams_master_people_actions.json","English","mother","30001","1"
"dreams_master_people_actions.json","O'zbek","ona","30001","1"
"dreams_master_people_actions.json","Р СѓСЃСЃРєРёР№","РѕС‚РµС†","30002","1"
"dreams_master_people_actions.json","English","father","30002","1"
"dreams_master_people_actions.json","O'zbek","ota","30002","1"
"dreams_master_people_actions.json","Р СѓСЃСЃРєРёР№","Р±РµР¶Р°С‚СЊ","40001","1"
"dreams_master_people_actions.json","English","run","40001","1"
"dreams_master_people_actions.json","O'zbek","yugurish","40001","1"
