"File","Lang","Word","GroupId","MeaningsCount","VariantsCount"
"dreams_batch_1.json","???????","??????","legacy","1","3"
"dreams_batch_1.json","???????","????","legacy","1","3"
"dreams_batch_1.json","???????","?????????","legacy","1","3"
"dreams_batch_1.json","???????","???????","legacy","1","3"
"dreams_batch_1.json","???????","???????","legacy","1","3"
"dreams_batch_1.json","???????","????????","legacy","1","3"
"dreams_batch_1.json","???????","?????","legacy","1","3"
"dreams_batch_1.json","???????","???????????","legacy","1","3"
"dreams_batch_1.json","???????","???????","legacy","1","3"
"dreams_batch_1.json","???????","??????","legacy","1","3"
"dreams_batch_1.json","???????","??????????","legacy","1","3"
"dreams_batch_1.json","???????","??????","legacy","1","3"
"dreams_batch_1.json","???????","????????","legacy","1","3"
"dreams_batch_1.json","???????","?????","legacy","1","3"
"dreams_batch_1.json","???????","????????","legacy","1","3"
"dreams_batch_1.json","???????","?????????","legacy","1","3"
"dreams_batch_1.json","???????","??????","legacy","1","3"
"dreams_batch_1.json","???????","??????","legacy","1","3"
"dreams_batch_1.json","???????","?????","legacy","1","3"
"dreams_batch_1.json","???????","???????","legacy","1","3"
"dreams_batch_1.json","???????","???????","legacy","1","3"
"dreams_batch_1.json","???????","?????????????","legacy","1","3"
"dreams_batch_1.json","???????","???????","legacy","1","3"
"dreams_batch_1.json","???????","????????","legacy","1","3"
"dreams_batch_1.json","???????","???????","legacy","1","3"
"dreams_batch_1.json","???????","??????????","legacy","1","3"
"dreams_batch_1.json","???????","?????????","legacy","1","3"
"dreams_batch_1.json","???????","?????","legacy","1","3"
"dreams_batch_1.json","???????","?????????","legacy","1","3"
"dreams_batch_1.json","???????","????","legacy","1","3"
"dreams_batch_1.json","???????","?????","legacy","1","3"
"dreams_batch_1.json","???????","?????","legacy","1","3"
"dreams_batch_1.json","???????","??????","legacy","1","3"
"dreams_batch_1.json","???????","????????","legacy","1","3"
"dreams_batch_1.json","???????","???????","legacy","1","3"
"dreams_batch_1.json","???????","??","legacy","1","3"
"dreams_batch_1.json","???????","??????","legacy","1","3"
"dreams_batch_1.json","???????","?????????","legacy","1","3"
"dreams_batch_1.json","???????","???????","legacy","1","3"
"dreams_batch_1.json","???????","???????","legacy","1","3"
"dreams_batch_1.json","???????","?????","legacy","1","3"
"dreams_batch_1.json","???????","??????","legacy","1","3"
"dreams_batch_1.json","???????","????","legacy","1","3"
"dreams_batch_1.json","???????","????","legacy","1","3"
"dreams_batch_1.json","???????","??????","legacy","1","3"
"dreams_batch_1.json","???????","????????","legacy","1","3"
"dreams_batch_1.json","???????","????????","legacy","1","3"
"dreams_batch_1.json","???????","?????????????","legacy","1","3"
"dreams_batch_1.json","???????","??????","legacy","1","3"
"dreams_batch_1.json","???????","???????","legacy","1","3"
"dreams_batch_1.json","???????","?????????","legacy","1","3"
"dreams_batch_1.json","???????","???","legacy","1","3"
"dreams_batch_1.json","???????","?????","legacy","1","3"
"dreams_batch_1.json","???????","?????????","legacy","1","3"
"dreams_batch_1.json","???????","??????","legacy","1","3"
"dreams_batch_1.json","???????","?????","legacy","1","3"
"dreams_batch_1.json","???????","??????","legacy","1","3"
"dreams_batch_1.json","???????","????????","legacy","1","3"
"dreams_batch_1.json","???????","?????","legacy","1","3"
"dreams_batch_1.json","???????","?????","legacy","1","3"
"dreams_batch_1.json","???????","??????","legacy","1","3"
"dreams_batch_1.json","???????","???????","legacy","1","3"
"dreams_batch_1.json","???????","???????","legacy","1","3"
"dreams_batch_1.json","???????","??????","legacy","1","3"
"dreams_batch_1.json","???????","????????","legacy","1","3"
"dreams_batch_1.json","???????","???????","legacy","1","3"
"dreams_batch_1.json","???????","?????","legacy","1","3"
"dreams_batch_1.json","???????","???????","legacy","1","3"
"dreams_batch_1.json","???????","?????","legacy","1","3"
"dreams_batch_1.json","???????","??????","legacy","1","3"
"dreams_batch_1.json","???????","????????","legacy","1","3"
"dreams_batch_1.json","???????","??????","legacy","1","3"
"dreams_batch_1.json","???????","????????","legacy","1","3"
"dreams_batch_1.json","???????","???????","legacy","1","3"
"dreams_batch_1.json","???????","?????????","legacy","1","3"
"dreams_batch_1.json","???????","??????","legacy","1","3"
"dreams_batch_1.json","???????","????????","legacy","1","3"
"dreams_batch_1.json","???????","??????","legacy","1","3"
"dreams_batch_1.json","???????","?????","legacy","1","3"
"dreams_batch_1.json","???????","?????","legacy","1","3"
"dreams_batch_1.json","???????","??????","legacy","1","3"
"dreams_batch_1.json","???????","??????????","legacy","1","3"
"dreams_batch_1.json","???????","???????","legacy","1","3"
"dreams_batch_1.json","???????","??????","legacy","1","3"
"dreams_batch_1.json","???????","?????????","legacy","1","3"
"dreams_batch_1.json","???????","????????","legacy","1","3"
"dreams_batch_1.json","???????","?????","legacy","1","3"
"dreams_batch_1.json","???????","???????","legacy","1","3"
"dreams_batch_1.json","???????","?????????","legacy","1","3"
"dreams_batch_1.json","???????","???????????","legacy","1","3"
"dreams_batch_1.json","???????","????????","legacy","1","3"
"dreams_batch_1.json","???????","?????????","legacy","1","3"
"dreams_batch_1.json","???????","???????","legacy","1","3"
"dreams_batch_1.json","???????","???????","legacy","1","3"
"dreams_batch_1.json","???????","???????????","legacy","1","3"
"dreams_batch_1.json","???????","?????????","legacy","1","3"
"dreams_batch_1.json","???????","????????","legacy","1","3"
"dreams_batch_1.json","???????","????????","legacy","1","3"
"dreams_batch_1.json","???????","????????????","legacy","1","3"
"dreams_batch_1.json","???????","??????","legacy","1","3"
"dreams_batch_10.json","???????","?????????","legacy","1","3"
"dreams_batch_10.json","???????","???","legacy","1","3"
"dreams_batch_10.json","???????","?????","legacy","1","3"
"dreams_batch_10.json","???????","???????","legacy","1","3"
"dreams_batch_10.json","???????","????","legacy","1","3"
"dreams_batch_10.json","???????","??????","legacy","1","3"
"dreams_batch_10.json","???????","????","legacy","1","3"
"dreams_batch_10.json","???????","????","legacy","1","3"
"dreams_batch_10.json","???????","?????","legacy","1","3"
"dreams_batch_10.json","???????","???????","legacy","1","3"
"dreams_batch_10.json","???????","???","legacy","1","3"
"dreams_batch_10.json","???????","???","legacy","1","3"
"dreams_batch_10.json","???????","??????","legacy","1","3"
"dreams_batch_10.json","???????","????????","legacy","1","3"
"dreams_batch_10.json","???????","???","legacy","1","3"
"dreams_batch_10.json","???????","?????","legacy","1","3"
"dreams_batch_10.json","???????","???????","legacy","1","3"
"dreams_batch_10.json","???????","??????","legacy","1","3"
"dreams_batch_10.json","???????","?????????","legacy","1","3"
"dreams_batch_10.json","???????","????????","legacy","1","3"
"dreams_batch_10.json","???????","????","legacy","1","3"
"dreams_batch_10.json","???????","????","legacy","1","3"
"dreams_batch_10.json","???????","??????","legacy","1","3"
"dreams_batch_10.json","???????","???????????","legacy","1","3"
"dreams_batch_10.json","???????","?????","legacy","1","3"
"dreams_batch_10.json","???????","????????????","legacy","1","3"
"dreams_batch_10.json","???????","??????","legacy","1","3"
"dreams_batch_10.json","???????","?????","legacy","1","3"
"dreams_batch_10.json","???????","?????","legacy","1","3"
"dreams_batch_10.json","???????","???????","legacy","1","3"
"dreams_batch_10.json","???????","???????","legacy","1","3"
"dreams_batch_10.json","???????","?????","legacy","1","3"
"dreams_batch_10.json","???????","???????","legacy","1","3"
"dreams_batch_10.json","???????","???????","legacy","1","3"
"dreams_batch_10.json","???????","???????","legacy","1","3"
"dreams_batch_10.json","???????","????????","legacy","1","3"
"dreams_batch_10.json","???????","?????","legacy","1","3"
"dreams_batch_10.json","???????","????????????","legacy","1","3"
"dreams_batch_10.json","???????","????","legacy","1","3"
"dreams_batch_10.json","???????","??????","legacy","1","3"
"dreams_batch_10.json","???????","?????????","legacy","1","3"
"dreams_batch_10.json","???????","?????","legacy","1","3"
"dreams_batch_10.json","???????","??????????","legacy","1","3"
"dreams_batch_10.json","???????","?????","legacy","1","3"
"dreams_batch_10.json","???????","?????????","legacy","1","3"
"dreams_batch_10.json","???????","????????","legacy","1","3"
"dreams_batch_10.json","???????","??????","legacy","1","3"
"dreams_batch_10.json","???????","??????????","legacy","1","3"
"dreams_batch_10.json","???????","??????????????????","legacy","1","3"
"dreams_batch_10.json","???????","????????","legacy","1","3"
"dreams_batch_10.json","???????","?????","legacy","1","3"
"dreams_batch_10.json","???????","???????","legacy","1","3"
"dreams_batch_10.json","???????","?????","legacy","1","3"
"dreams_batch_10.json","???????","??????","legacy","1","3"
"dreams_batch_10.json","???????","????????","legacy","1","3"
"dreams_batch_10.json","???????","??????????","legacy","1","3"
"dreams_batch_10.json","???????","??????????","legacy","1","3"
"dreams_batch_10.json","???????","???????","legacy","1","3"
"dreams_batch_10.json","???????","?????","legacy","1","3"
"dreams_batch_10.json","???????","????????","legacy","1","3"
"dreams_batch_10.json","???????","????????","legacy","1","3"
"dreams_batch_10.json","???????","???????????","legacy","1","3"
"dreams_batch_10.json","???????","???????","legacy","1","3"
"dreams_batch_10.json","???????","???????","legacy","1","3"
"dreams_batch_10.json","???????","?????","legacy","1","3"
"dreams_batch_10.json","???????","???????","legacy","1","3"
"dreams_batch_10.json","???????","?????","legacy","1","3"
"dreams_batch_10.json","???????","????????","legacy","1","3"
"dreams_batch_10.json","???????","????","legacy","1","3"
"dreams_batch_10.json","???????","????????","legacy","1","3"
"dreams_batch_10.json","???????","???????????","legacy","1","3"
"dreams_batch_10.json","???????","?????????","legacy","1","3"
"dreams_batch_10.json","???????","???????","legacy","1","3"
"dreams_batch_10.json","???????","??????","legacy","1","3"
"dreams_batch_10.json","???????","???????????","legacy","1","3"
"dreams_batch_10.json","???????","?????????","legacy","1","3"
"dreams_batch_10.json","???????","???????","legacy","1","3"
"dreams_batch_10.json","???????","???????","legacy","1","3"
"dreams_batch_10.json","???????","?????","legacy","1","3"
"dreams_batch_10.json","???????","????? ???????","legacy","1","3"
"dreams_batch_10.json","???????","?????????","legacy","1","3"
"dreams_batch_10.json","???????","???????","legacy","1","3"
"dreams_batch_10.json","???????","???????","legacy","1","3"
"dreams_batch_10.json","???????","??????","legacy","1","3"
"dreams_batch_10.json","???????","?????????","legacy","1","3"
"dreams_batch_10.json","???????","?????","legacy","1","3"
"dreams_batch_10.json","???????","???????","legacy","1","3"
"dreams_batch_10.json","???????","?????","legacy","1","3"
"dreams_batch_10.json","???????","?????","legacy","1","3"
"dreams_batch_10.json","???????","?????","legacy","1","3"
"dreams_batch_10.json","???????","???????","legacy","1","3"
"dreams_batch_10.json","???????","??????","legacy","1","3"
"dreams_batch_10.json","???????","??????????","legacy","1","3"
"dreams_batch_10.json","???????","????????","legacy","1","3"
"dreams_batch_10.json","???????","???????","legacy","1","3"
"dreams_batch_10.json","???????","?????","legacy","1","3"
"dreams_batch_10.json","???????","?????????","legacy","1","3"
"dreams_batch_10.json","???????","??????","legacy","1","3"
"dreams_batch_10.json","???????","??????","legacy","1","3"
"dreams_batch_10.json","???????","???????","legacy","1","3"
"dreams_batch_11.json","???????","???????????","legacy","1","3"
"dreams_batch_11.json","???????","??????","legacy","1","3"
"dreams_batch_11.json","???????","??????????","legacy","1","3"
"dreams_batch_11.json","???????","????????????","legacy","1","3"
"dreams_batch_11.json","???????","????????","legacy","1","3"
"dreams_batch_11.json","???????","???????","legacy","1","3"
"dreams_batch_11.json","???????","?????????","legacy","1","3"
"dreams_batch_11.json","???????","??????","legacy","1","3"
"dreams_batch_11.json","???????","?????????","legacy","1","3"
"dreams_batch_11.json","???????","???????","legacy","1","3"
"dreams_batch_11.json","???????","???????","legacy","1","3"
"dreams_batch_11.json","???????","????????","legacy","1","3"
"dreams_batch_11.json","???????","???????","legacy","1","3"
"dreams_batch_11.json","???????","????","legacy","1","3"
"dreams_batch_11.json","???????","???????","legacy","1","3"
"dreams_batch_11.json","???????","??????","legacy","1","3"
"dreams_batch_11.json","???????","??????","legacy","1","3"
"dreams_batch_11.json","???????","?????","legacy","1","3"
"dreams_batch_11.json","???????","?????????","legacy","1","3"
"dreams_batch_11.json","???????","???????","legacy","1","3"
"dreams_batch_11.json","???????","??????","legacy","1","3"
"dreams_batch_11.json","???????","????????","legacy","1","3"
"dreams_batch_11.json","???????","??????????????","legacy","1","3"
"dreams_batch_11.json","???????","??????","legacy","1","3"
"dreams_batch_11.json","???????","???????","legacy","1","3"
"dreams_batch_11.json","???????","????????","legacy","1","3"
"dreams_batch_11.json","???????","?????","legacy","1","3"
"dreams_batch_11.json","???????","?????????","legacy","1","3"
"dreams_batch_11.json","???????","???????????","legacy","1","3"
"dreams_batch_11.json","???????","?????????????","legacy","1","3"
"dreams_batch_11.json","???????","???????","legacy","1","3"
"dreams_batch_11.json","???????","???????","legacy","1","3"
"dreams_batch_11.json","???????","???????","legacy","1","3"
"dreams_batch_11.json","???????","???????????","legacy","1","3"
"dreams_batch_11.json","???????","??????","legacy","1","3"
"dreams_batch_11.json","???????","?????????","legacy","1","3"
"dreams_batch_11.json","???????","??????????","legacy","1","3"
"dreams_batch_11.json","???????","???????????","legacy","1","3"
"dreams_batch_11.json","???????","???????","legacy","1","3"
"dreams_batch_11.json","???????","??????????????","legacy","1","3"
"dreams_batch_11.json","???????","???????","legacy","1","3"
"dreams_batch_11.json","???????","?????","legacy","1","3"
"dreams_batch_11.json","???????","?????","legacy","1","3"
"dreams_batch_11.json","???????","??????","legacy","1","3"
"dreams_batch_11.json","???????","?????????","legacy","1","3"
"dreams_batch_11.json","???????","??????","legacy","1","3"
"dreams_batch_11.json","???????","??????","legacy","1","3"
"dreams_batch_11.json","???????","????????","legacy","1","3"
"dreams_batch_11.json","???????","?????","legacy","1","3"
"dreams_batch_11.json","???????","????","legacy","1","3"
"dreams_batch_11.json","???????","??????","legacy","1","3"
"dreams_batch_11.json","???????","????","legacy","1","3"
"dreams_batch_11.json","???????","??????","legacy","1","3"
"dreams_batch_11.json","???????","????????","legacy","1","3"
"dreams_batch_11.json","???????","?????","legacy","1","3"
"dreams_batch_11.json","???????","??????","legacy","1","3"
"dreams_batch_11.json","???????","??????","legacy","1","3"
"dreams_batch_11.json","???????","?????","legacy","1","3"
"dreams_batch_11.json","???????","??????????","legacy","1","3"
"dreams_batch_11.json","???????","??????????","legacy","1","3"
"dreams_batch_11.json","???????","?????????????","legacy","1","3"
"dreams_batch_11.json","???????","?????","legacy","1","3"
"dreams_batch_11.json","???????","?????????","legacy","1","3"
"dreams_batch_11.json","???????","????????","legacy","1","3"
"dreams_batch_11.json","???????","?????","legacy","1","3"
"dreams_batch_11.json","???????","??????","legacy","1","3"
"dreams_batch_11.json","???????","???????","legacy","1","3"
"dreams_batch_11.json","???????","?????","legacy","1","3"
"dreams_batch_11.json","???????","??????","legacy","1","3"
"dreams_batch_11.json","???????","????","legacy","1","3"
"dreams_batch_11.json","???????","??????","legacy","1","3"
"dreams_batch_11.json","???????","?????","legacy","1","3"
"dreams_batch_11.json","???????","??????","legacy","1","3"
"dreams_batch_11.json","???????","????","legacy","1","3"
"dreams_batch_11.json","???????","???","legacy","1","3"
"dreams_batch_11.json","???????","?????","legacy","1","3"
"dreams_batch_11.json","???????","??????","legacy","1","3"
"dreams_batch_11.json","???????","?????????","legacy","1","3"
"dreams_batch_11.json","???????","?????????????","legacy","1","3"
"dreams_batch_11.json","???????","????","legacy","1","3"
"dreams_batch_11.json","???????","????","legacy","1","3"
"dreams_batch_11.json","???????","????","legacy","1","3"
"dreams_batch_11.json","???????","??????????","legacy","1","3"
"dreams_batch_11.json","???????","????????","legacy","1","3"
"dreams_batch_11.json","???????","????????????","legacy","1","3"
"dreams_batch_11.json","???????","?????","legacy","1","3"
"dreams_batch_11.json","???????","??????","legacy","1","3"
"dreams_batch_11.json","???????","?????????","legacy","1","3"
"dreams_batch_11.json","???????","???????","legacy","1","3"
"dreams_batch_11.json","???????","????????","legacy","1","3"
"dreams_batch_11.json","???????","??????","legacy","1","3"
"dreams_batch_11.json","???????","???","legacy","1","3"
"dreams_batch_11.json","???????","??????","legacy","1","3"
"dreams_batch_11.json","???????","??????","legacy","1","3"
"dreams_batch_11.json","???????","????","legacy","1","3"
"dreams_batch_11.json","???????","??????","legacy","1","3"
"dreams_batch_11.json","???????","?????","legacy","1","3"
"dreams_batch_11.json","???????","????","legacy","1","3"
"dreams_batch_11.json","???????","????","legacy","1","3"
"dreams_batch_11.json","???????","???????","legacy","1","3"
"dreams_batch_12.json","???????","??????","legacy","1","3"
"dreams_batch_12.json","???????","???????","legacy","1","3"
"dreams_batch_12.json","???????","????????","legacy","1","3"
"dreams_batch_12.json","???????","???????","legacy","1","3"
"dreams_batch_12.json","???????","????????","legacy","1","3"
"dreams_batch_12.json","???????","????","legacy","1","3"
"dreams_batch_12.json","???????","???","legacy","1","3"
"dreams_batch_12.json","???????","????????","legacy","1","3"
"dreams_batch_12.json","???????","??????? ?????","legacy","1","3"
"dreams_batch_12.json","???????","????","legacy","1","3"
"dreams_batch_12.json","???????","??????","legacy","1","3"
"dreams_batch_12.json","???????","????","legacy","1","3"
"dreams_batch_12.json","???????","???","legacy","1","3"
"dreams_batch_12.json","???????","??????","legacy","1","3"
"dreams_batch_12.json","???????","????","legacy","1","3"
"dreams_batch_12.json","???????","???","legacy","1","3"
"dreams_batch_12.json","???????","??????","legacy","1","3"
"dreams_batch_12.json","???????","????","legacy","1","3"
"dreams_batch_12.json","???????","???????","legacy","1","3"
"dreams_batch_12.json","???????","???????","legacy","1","3"
"dreams_batch_12.json","???????","?????","legacy","1","3"
"dreams_batch_12.json","???????","????","legacy","1","3"
"dreams_batch_12.json","???????","????","legacy","1","3"
"dreams_batch_12.json","???????","????????","legacy","1","3"
"dreams_batch_12.json","???????","????????","legacy","1","3"
"dreams_batch_12.json","???????","??????????","legacy","1","3"
"dreams_batch_12.json","???????","???????","legacy","1","3"
"dreams_batch_12.json","???????","??????????","legacy","1","3"
"dreams_batch_12.json","???????","????????","legacy","1","3"
"dreams_batch_12.json","???????","???????????","legacy","1","3"
"dreams_batch_12.json","???????","????????","legacy","1","3"
"dreams_batch_12.json","???????","?????","legacy","1","3"
"dreams_batch_12.json","???????","????????","legacy","1","3"
"dreams_batch_12.json","???????","???????","legacy","1","3"
"dreams_batch_12.json","???????","????????","legacy","1","3"
"dreams_batch_12.json","???????","??????????????","legacy","1","3"
"dreams_batch_12.json","???????","???????","legacy","1","3"
"dreams_batch_12.json","???????","????????","legacy","1","3"
"dreams_batch_12.json","???????","??????","legacy","1","3"
"dreams_batch_12.json","???????","?????????","legacy","1","3"
"dreams_batch_12.json","???????","??????????","legacy","1","3"
"dreams_batch_12.json","???????","????????","legacy","1","3"
"dreams_batch_12.json","???????","????????","legacy","1","3"
"dreams_batch_12.json","???????","???????","legacy","1","3"
"dreams_batch_12.json","???????","???????????","legacy","1","3"
"dreams_batch_12.json","???????","?????","legacy","1","3"
"dreams_batch_12.json","???????","????????","legacy","1","3"
"dreams_batch_12.json","???????","???????????","legacy","1","3"
"dreams_batch_12.json","???????","????????????","legacy","1","3"
"dreams_batch_12.json","???????","???????????","legacy","1","3"
"dreams_batch_12.json","???????","????????","legacy","1","3"
"dreams_batch_12.json","???????","????????","legacy","1","3"
"dreams_batch_12.json","???????","??????","legacy","1","3"
"dreams_batch_12.json","???????","?????????","legacy","1","3"
"dreams_batch_12.json","???????","?????????","legacy","1","3"
"dreams_batch_12.json","???????","?????","legacy","1","3"
"dreams_batch_12.json","???????","?????","legacy","1","3"
"dreams_batch_12.json","???????","????","legacy","1","3"
"dreams_batch_12.json","???????","??","legacy","1","3"
"dreams_batch_12.json","???????","???????","legacy","1","3"
"dreams_batch_12.json","???????","???????????","legacy","1","3"
"dreams_batch_12.json","???????","???????????","legacy","1","3"
"dreams_batch_12.json","???????","?????","legacy","1","3"
"dreams_batch_12.json","???????","?????","legacy","1","3"
"dreams_batch_12.json","???????","??????","legacy","1","3"
"dreams_batch_12.json","???????","?????????","legacy","1","3"
"dreams_batch_12.json","???????","?????","legacy","1","3"
"dreams_batch_12.json","???????","?????????","legacy","1","3"
"dreams_batch_12.json","???????","?????????","legacy","1","3"
"dreams_batch_12.json","???????","?????????","legacy","1","3"
"dreams_batch_12.json","???????","???????","legacy","1","3"
"dreams_batch_12.json","???????","???????","legacy","1","3"
"dreams_batch_12.json","???????","???","legacy","1","3"
"dreams_batch_12.json","???????","???????????","legacy","1","3"
"dreams_batch_12.json","???????","???????","legacy","1","3"
"dreams_batch_12.json","???????","????????????","legacy","1","3"
"dreams_batch_12.json","???????","??????????","legacy","1","3"
"dreams_batch_12.json","???????","????????","legacy","1","3"
"dreams_batch_12.json","???????","??????","legacy","1","3"
"dreams_batch_12.json","???????","???????","legacy","1","3"
"dreams_batch_12.json","???????","??????","legacy","1","3"
"dreams_batch_12.json","???????","????????????????","legacy","1","3"
"dreams_batch_12.json","???????","?????","legacy","1","3"
"dreams_batch_12.json","???????","?????","legacy","1","3"
"dreams_batch_12.json","???????","?????","legacy","1","3"
"dreams_batch_12.json","???????","????","legacy","1","3"
"dreams_batch_12.json","???????","???????","legacy","1","3"
"dreams_batch_12.json","???????","??????????","legacy","1","3"
"dreams_batch_12.json","???????","?????????","legacy","1","3"
"dreams_batch_12.json","???????","??????????","legacy","1","3"
"dreams_batch_12.json","???????","??????????","legacy","1","3"
"dreams_batch_12.json","???????","??????????","legacy","1","3"
"dreams_batch_12.json","???????","?????????","legacy","1","3"
"dreams_batch_12.json","???????","?????????","legacy","1","3"
"dreams_batch_12.json","???????","????????","legacy","1","3"
"dreams_batch_12.json","???????","?????????????","legacy","1","3"
"dreams_batch_12.json","???????","???????????","legacy","1","3"
"dreams_batch_12.json","???????","????????","legacy","1","3"
"dreams_batch_12.json","???????","?????????","legacy","1","3"
"dreams_batch_12.json","???????","?????????","legacy","1","3"
"dreams_batch_13.json","???????","????????","legacy","1","3"
"dreams_batch_13.json","???????","??????????","legacy","1","3"
"dreams_batch_13.json","???????","??????????","legacy","1","3"
"dreams_batch_13.json","???????","??????????","legacy","1","3"
"dreams_batch_13.json","???????","????????????","legacy","1","3"
"dreams_batch_13.json","???????","???????????","legacy","1","3"
"dreams_batch_13.json","???????","????????","legacy","1","3"
"dreams_batch_13.json","???????","?????????","legacy","1","3"
"dreams_batch_13.json","???????","???????","legacy","1","3"
"dreams_batch_13.json","???????","????????","legacy","1","3"
"dreams_batch_13.json","???????","????????","legacy","1","3"
"dreams_batch_13.json","???????","???????","legacy","1","3"
"dreams_batch_13.json","???????","????????","legacy","1","3"
"dreams_batch_13.json","???????","????????","legacy","1","3"
"dreams_batch_13.json","???????","??????????","legacy","1","3"
"dreams_batch_13.json","???????","????????","legacy","1","3"
"dreams_batch_13.json","???????","????????","legacy","1","3"
"dreams_batch_13.json","???????","????","legacy","1","3"
"dreams_batch_13.json","???????","?????","legacy","1","3"
"dreams_batch_13.json","???????","?????????","legacy","1","3"
"dreams_batch_13.json","???????","?????????","legacy","1","3"
"dreams_batch_13.json","???????","?????????","legacy","1","3"
"dreams_batch_13.json","???????","??????","legacy","1","3"
"dreams_batch_13.json","???????","?????","legacy","1","3"
"dreams_batch_13.json","???????","???????","legacy","1","3"
"dreams_batch_13.json","???????","????","legacy","1","3"
"dreams_batch_13.json","???????","????","legacy","1","3"
"dreams_batch_13.json","???????","????","legacy","1","3"
"dreams_batch_13.json","???????","????","legacy","1","3"
"dreams_batch_13.json","???????","??????","legacy","1","3"
"dreams_batch_13.json","???????","?????","legacy","1","3"
"dreams_batch_13.json","???????","??????","legacy","1","3"
"dreams_batch_13.json","???????","???????","legacy","1","3"
"dreams_batch_13.json","???????","??????","legacy","1","3"
"dreams_batch_13.json","???????","???????","legacy","1","3"
"dreams_batch_13.json","???????","?????????","legacy","1","3"
"dreams_batch_13.json","???????","???????","legacy","1","3"
"dreams_batch_13.json","???????","???????","legacy","1","3"
"dreams_batch_13.json","???????","??????","legacy","1","3"
"dreams_batch_13.json","???????","?????","legacy","1","3"
"dreams_batch_13.json","???????","?????","legacy","1","3"
"dreams_batch_13.json","???????","?????","legacy","1","3"
"dreams_batch_13.json","???????","???????","legacy","1","3"
"dreams_batch_13.json","???????","??????","legacy","1","3"
"dreams_batch_13.json","???????","?????","legacy","1","3"
"dreams_batch_13.json","???????","????????","legacy","1","3"
"dreams_batch_13.json","???????","?????","legacy","1","3"
"dreams_batch_13.json","???????","????","legacy","1","3"
"dreams_batch_13.json","???????","????","legacy","1","3"
"dreams_batch_13.json","???????","???????","legacy","1","3"
"dreams_batch_13.json","???????","?????","legacy","1","3"
"dreams_batch_13.json","???????","???????????","legacy","1","3"
"dreams_batch_13.json","???????","??????","legacy","1","3"
"dreams_batch_13.json","???????","?????????","legacy","1","3"
"dreams_batch_13.json","???????","??????","legacy","1","3"
"dreams_batch_13.json","???????","??????","legacy","1","3"
"dreams_batch_13.json","???????","???????","legacy","1","3"
"dreams_batch_13.json","???????","???????????","legacy","1","3"
"dreams_batch_13.json","???????","???????","legacy","1","3"
"dreams_batch_13.json","???????","??????","legacy","1","3"
"dreams_batch_13.json","???????","???????","legacy","1","3"
"dreams_batch_13.json","???????","???????","legacy","1","3"
"dreams_batch_13.json","???????","????????","legacy","1","3"
"dreams_batch_13.json","???????","??????","legacy","1","3"
"dreams_batch_13.json","???????","??????","legacy","1","3"
"dreams_batch_13.json","???????","????????","legacy","1","3"
"dreams_batch_13.json","???????","??????????","legacy","1","3"
"dreams_batch_13.json","???????","????????","legacy","1","3"
"dreams_batch_13.json","???????","??????","legacy","1","3"
"dreams_batch_13.json","???????","?????????","legacy","1","3"
"dreams_batch_13.json","???????","?????","legacy","1","3"
"dreams_batch_13.json","???????","????????","legacy","1","3"
"dreams_batch_13.json","???????","????????","legacy","1","3"
"dreams_batch_13.json","???????","????????","legacy","1","3"
"dreams_batch_13.json","???????","?????","legacy","1","3"
"dreams_batch_13.json","???????","??????","legacy","1","3"
"dreams_batch_13.json","???????","?????","legacy","1","3"
"dreams_batch_13.json","???????","?????????","legacy","1","3"
"dreams_batch_13.json","???????","?????","legacy","1","3"
"dreams_batch_13.json","???????","???????","legacy","1","3"
"dreams_batch_13.json","???????","????????","legacy","1","3"
"dreams_batch_13.json","???????","????????","legacy","1","3"
"dreams_batch_13.json","???????","????????","legacy","1","3"
"dreams_batch_13.json","???????","????????","legacy","1","3"
"dreams_batch_13.json","???????","?????","legacy","1","3"
"dreams_batch_13.json","???????","??????????","legacy","1","3"
"dreams_batch_13.json","???????","???????","legacy","1","3"
"dreams_batch_13.json","???????","???????","legacy","1","3"
"dreams_batch_13.json","???????","??????","legacy","1","3"
"dreams_batch_13.json","???????","???????","legacy","1","3"
"dreams_batch_13.json","???????","??????????","legacy","1","3"
"dreams_batch_13.json","???????","???????","legacy","1","3"
"dreams_batch_13.json","???????","???????????","legacy","1","3"
"dreams_batch_13.json","???????","??????","legacy","1","3"
"dreams_batch_13.json","???????","??????","legacy","1","3"
"dreams_batch_13.json","???????","?????","legacy","1","3"
"dreams_batch_13.json","???????","?????","legacy","1","3"
"dreams_batch_13.json","???????","?????","legacy","1","3"
"dreams_batch_13.json","???????","??????","legacy","1","3"
"dreams_batch_13.json","???????","??????","legacy","1","3"
"dreams_batch_14.json","???????","???????","legacy","1","3"
"dreams_batch_14.json","???????","???????","legacy","1","3"
"dreams_batch_14.json","???????","???????","legacy","1","3"
"dreams_batch_14.json","???????","????","legacy","1","3"
"dreams_batch_14.json","???????","???????","legacy","1","3"
"dreams_batch_14.json","???????","???????","legacy","1","3"
"dreams_batch_14.json","???????","???????","legacy","1","3"
"dreams_batch_14.json","???????","????????","legacy","1","3"
"dreams_batch_14.json","???????","????????","legacy","1","3"
"dreams_batch_14.json","???????","????????","legacy","1","3"
"dreams_batch_14.json","???????","????????","legacy","1","3"
"dreams_batch_14.json","???????","???????","legacy","1","3"
"dreams_batch_14.json","???????","??????","legacy","1","3"
"dreams_batch_14.json","???????","??????","legacy","1","3"
"dreams_batch_14.json","???????","??????????","legacy","1","3"
"dreams_batch_14.json","???????","??????","legacy","1","3"
"dreams_batch_14.json","???????","????????","legacy","1","3"
"dreams_batch_14.json","???????","?????????","legacy","1","3"
"dreams_batch_14.json","???????","??????","legacy","1","3"
"dreams_batch_14.json","???????","??????","legacy","1","3"
"dreams_batch_14.json","???????","?????","legacy","1","3"
"dreams_batch_14.json","???????","??????","legacy","1","3"
"dreams_batch_14.json","???????","?????????","legacy","1","3"
"dreams_batch_14.json","???????","????????","legacy","1","3"
"dreams_batch_14.json","???????","??????","legacy","1","3"
"dreams_batch_14.json","???????","?????","legacy","1","3"
"dreams_batch_14.json","???????","???????","legacy","1","3"
"dreams_batch_14.json","???????","??????","legacy","1","3"
"dreams_batch_14.json","???????","?????????","legacy","1","3"
"dreams_batch_14.json","???????","?????????","legacy","1","3"
"dreams_batch_14.json","???????","??????","legacy","1","3"
"dreams_batch_14.json","???????","????????","legacy","1","3"
"dreams_batch_14.json","???????","??????","legacy","1","3"
"dreams_batch_14.json","???????","???????","legacy","1","3"
"dreams_batch_14.json","???????","???????","legacy","1","3"
"dreams_batch_14.json","???????","?????","legacy","1","3"
"dreams_batch_14.json","???????","??????","legacy","1","3"
"dreams_batch_14.json","???????","?????","legacy","1","3"
"dreams_batch_14.json","???????","???????","legacy","1","3"
"dreams_batch_14.json","???????","??????","legacy","1","3"
"dreams_batch_14.json","???????","?????","legacy","1","3"
"dreams_batch_14.json","???????","??????","legacy","1","3"
"dreams_batch_14.json","???????","????????","legacy","1","3"
"dreams_batch_14.json","???????","????????","legacy","1","3"
"dreams_batch_14.json","???????","?????????","legacy","1","3"
"dreams_batch_14.json","???????","???????","legacy","1","3"
"dreams_batch_14.json","???????","??????????","legacy","1","3"
"dreams_batch_14.json","???????","??????????","legacy","1","3"
"dreams_batch_14.json","???????","????????","legacy","1","3"
"dreams_batch_14.json","???????","?????","legacy","1","3"
"dreams_batch_14.json","???????","?????","legacy","1","3"
"dreams_batch_14.json","???????","???????","legacy","1","3"
"dreams_batch_14.json","???????","???????","legacy","1","3"
"dreams_batch_14.json","???????","?????????","legacy","1","3"
"dreams_batch_14.json","???????","???????","legacy","1","3"
"dreams_batch_14.json","???????","????","legacy","1","3"
"dreams_batch_14.json","???????","???????","legacy","1","3"
"dreams_batch_14.json","???????","??????","legacy","1","3"
"dreams_batch_14.json","???????","?????????","legacy","1","3"
"dreams_batch_14.json","???????","??????","legacy","1","3"
"dreams_batch_14.json","???????","??????","legacy","1","3"
"dreams_batch_14.json","???????","?????","legacy","1","3"
"dreams_batch_14.json","???????","????","legacy","1","3"
"dreams_batch_14.json","???????","??????","legacy","1","3"
"dreams_batch_14.json","???????","?????","legacy","1","3"
"dreams_batch_14.json","???????","?????","legacy","1","3"
"dreams_batch_14.json","???????","??????","legacy","1","3"
"dreams_batch_14.json","???????","?????","legacy","1","3"
"dreams_batch_14.json","???????","????????","legacy","1","3"
"dreams_batch_14.json","???????","???????","legacy","1","3"
"dreams_batch_14.json","???????","????????","legacy","1","3"
"dreams_batch_14.json","???????","???????","legacy","1","3"
"dreams_batch_14.json","???????","????????","legacy","1","3"
"dreams_batch_14.json","???????","????","legacy","1","3"
"dreams_batch_14.json","???????","?????????","legacy","1","3"
"dreams_batch_14.json","???????","?????","legacy","1","3"
"dreams_batch_14.json","???????","????","legacy","1","3"
"dreams_batch_14.json","???????","????","legacy","1","3"
"dreams_batch_14.json","???????","???????","legacy","1","3"
"dreams_batch_14.json","???????","?????","legacy","1","3"
"dreams_batch_14.json","???????","????????","legacy","1","3"
"dreams_batch_14.json","???????","???????","legacy","1","3"
"dreams_batch_14.json","???????","??????","legacy","1","3"
"dreams_batch_14.json","???????","??????","legacy","1","3"
"dreams_batch_14.json","???????","????","legacy","1","3"
"dreams_batch_14.json","???????","?????","legacy","1","3"
"dreams_batch_14.json","???????","??????","legacy","1","3"
"dreams_batch_14.json","???????","???","legacy","1","3"
"dreams_batch_14.json","???????","?????????","legacy","1","3"
"dreams_batch_14.json","???????","????????","legacy","1","3"
"dreams_batch_14.json","???????","????","legacy","1","3"
"dreams_batch_14.json","???????","??????","legacy","1","3"
"dreams_batch_14.json","???????","??????","legacy","1","3"
"dreams_batch_14.json","???????","???????","legacy","1","3"
"dreams_batch_14.json","???????","???????","legacy","1","3"
"dreams_batch_14.json","???????","?????","legacy","1","3"
"dreams_batch_14.json","???????","?????","legacy","1","3"
"dreams_batch_14.json","???????","??????","legacy","1","3"
"dreams_batch_14.json","???????","??????","legacy","1","3"
"dreams_batch_14.json","???????","????????","legacy","1","3"
"dreams_batch_15.json","???????","???????","legacy","1","3"
"dreams_batch_15.json","???????","?????","legacy","1","3"
"dreams_batch_15.json","???????","???","legacy","1","3"
"dreams_batch_15.json","???????","??????????","legacy","1","3"
"dreams_batch_15.json","???????","????????","legacy","1","3"
"dreams_batch_15.json","???????","??????????","legacy","1","3"
"dreams_batch_15.json","???????","???????","legacy","1","3"
"dreams_batch_15.json","???????","????","legacy","1","3"
"dreams_batch_15.json","???????","????????","legacy","1","3"
"dreams_batch_15.json","???????","????????","legacy","1","3"
"dreams_batch_15.json","???????","???????","legacy","1","3"
"dreams_batch_15.json","???????","????","legacy","1","3"
"dreams_batch_15.json","???????","??????","legacy","1","3"
"dreams_batch_15.json","???????","???????","legacy","1","3"
"dreams_batch_15.json","???????","?????","legacy","1","3"
"dreams_batch_15.json","???????","????????","legacy","1","3"
"dreams_batch_15.json","???????","?????????????","legacy","1","3"
"dreams_batch_15.json","???????","??????","legacy","1","3"
"dreams_batch_15.json","???????","???????","legacy","1","3"
"dreams_batch_15.json","???????","????","legacy","1","3"
"dreams_batch_15.json","???????","??????","legacy","1","3"
"dreams_batch_15.json","???????","????","legacy","1","3"
"dreams_batch_15.json","???????","??????","legacy","1","3"
"dreams_batch_15.json","???????","?????","legacy","1","3"
"dreams_batch_15.json","???????","????","legacy","1","3"
"dreams_batch_15.json","???????","?????","legacy","1","3"
"dreams_batch_15.json","???????","??????","legacy","1","3"
"dreams_batch_15.json","???????","????","legacy","1","3"
"dreams_batch_15.json","???????","???????","legacy","1","3"
"dreams_batch_15.json","???????","??????","legacy","1","3"
"dreams_batch_15.json","???????","??????","legacy","1","3"
"dreams_batch_15.json","???????","??????","legacy","1","3"
"dreams_batch_15.json","???????","??????","legacy","1","3"
"dreams_batch_15.json","???????","??????","legacy","1","3"
"dreams_batch_15.json","???????","????","legacy","1","3"
"dreams_batch_15.json","???????","????","legacy","1","3"
"dreams_batch_15.json","???????","????","legacy","1","3"
"dreams_batch_15.json","???????","?????","legacy","1","3"
"dreams_batch_15.json","???????","????","legacy","1","3"
"dreams_batch_15.json","???????","??????","legacy","1","3"
"dreams_batch_15.json","???????","??????","legacy","1","3"
"dreams_batch_15.json","???????","????","legacy","1","3"
"dreams_batch_15.json","???????","????","legacy","1","3"
"dreams_batch_15.json","???????","????","legacy","1","3"
"dreams_batch_15.json","???????","??????","legacy","1","3"
"dreams_batch_15.json","???????","??????","legacy","1","3"
"dreams_batch_15.json","???????","????????","legacy","1","3"
"dreams_batch_15.json","???????","?????","legacy","1","3"
"dreams_batch_15.json","???????","?????","legacy","1","3"
"dreams_batch_15.json","???????","????????","legacy","1","3"
"dreams_batch_15.json","???????","??????","legacy","1","3"
"dreams_batch_15.json","???????","??????","legacy","1","3"
"dreams_batch_15.json","???????","????","legacy","1","3"
"dreams_batch_15.json","???????","?????","legacy","1","3"
"dreams_batch_15.json","???????","?????","legacy","1","3"
"dreams_batch_15.json","???????","?????","legacy","1","3"
"dreams_batch_15.json","???????","??????","legacy","1","3"
"dreams_batch_15.json","???????","??????","legacy","1","3"
"dreams_batch_15.json","???????","?????????","legacy","1","3"
"dreams_batch_15.json","???????","??????","legacy","1","3"
"dreams_batch_15.json","???????","?????","legacy","1","3"
"dreams_batch_15.json","???????","??????","legacy","1","3"
"dreams_batch_15.json","???????","????","legacy","1","3"
"dreams_batch_15.json","???????","??????","legacy","1","3"
"dreams_batch_15.json","???????","??????","legacy","1","3"
"dreams_batch_15.json","???????","?????","legacy","1","3"
"dreams_batch_15.json","???????","??????","legacy","1","3"
"dreams_batch_15.json","???????","????","legacy","1","3"
"dreams_batch_15.json","???????","??????","legacy","1","3"
"dreams_batch_15.json","???????","????","legacy","1","3"
"dreams_batch_15.json","???????","???????","legacy","1","3"
"dreams_batch_15.json","???????","??????","legacy","1","3"
"dreams_batch_15.json","???????","?????","legacy","1","3"
"dreams_batch_15.json","???????","???","legacy","1","3"
"dreams_batch_15.json","???????","?????","legacy","1","3"
"dreams_batch_15.json","???????","?????","legacy","1","3"
"dreams_batch_15.json","???????","???","legacy","1","3"
"dreams_batch_15.json","???????","???????","legacy","1","3"
"dreams_batch_15.json","???????","??????","legacy","1","3"
"dreams_batch_15.json","???????","?????????","legacy","1","3"
"dreams_batch_15.json","???????","??????","legacy","1","3"
"dreams_batch_15.json","???????","?????????????????","legacy","1","3"
"dreams_batch_15.json","???????","????????","legacy","1","3"
"dreams_batch_15.json","???????","?????????","legacy","1","3"
"dreams_batch_15.json","???????","??????","legacy","1","3"
"dreams_batch_15.json","???????","?????","legacy","1","3"
"dreams_batch_15.json","???????","???????","legacy","1","3"
"dreams_batch_15.json","???????","?????????","legacy","1","3"
"dreams_batch_15.json","???????","?????????","legacy","1","3"
"dreams_batch_15.json","???????","????????","legacy","1","3"
"dreams_batch_15.json","???????","???????","legacy","1","3"
"dreams_batch_15.json","???????","???????","legacy","1","3"
"dreams_batch_15.json","???????","???????????","legacy","1","3"
"dreams_batch_15.json","???????","???????","legacy","1","3"
"dreams_batch_15.json","???????","?????????","legacy","1","3"
"dreams_batch_15.json","???????","?????","legacy","1","3"
"dreams_batch_15.json","???????","??????????????","legacy","1","3"
"dreams_batch_15.json","???????","?????????","legacy","1","3"
"dreams_batch_15.json","???????","??????","legacy","1","3"
"dreams_batch_15.json","???????","??????","legacy","1","3"
"dreams_batch_16.json","???????","??????","legacy","1","3"
"dreams_batch_16.json","???????","????????","legacy","1","3"
"dreams_batch_16.json","???????","????????","legacy","1","3"
"dreams_batch_16.json","???????","?????","legacy","1","3"
"dreams_batch_16.json","???????","??????","legacy","1","3"
"dreams_batch_16.json","???????","???????","legacy","1","3"
"dreams_batch_16.json","???????","???????","legacy","1","3"
"dreams_batch_16.json","???????","????????","legacy","1","3"
"dreams_batch_16.json","???????","????????????","legacy","1","3"
"dreams_batch_16.json","???????","????????????","legacy","1","3"
"dreams_batch_16.json","???????","?????","legacy","1","3"
"dreams_batch_16.json","???????","???????","legacy","1","3"
"dreams_batch_16.json","???????","??????","legacy","1","3"
"dreams_batch_16.json","???????","?????","legacy","1","3"
"dreams_batch_16.json","???????","????????","legacy","1","3"
"dreams_batch_16.json","???????","???????","legacy","1","3"
"dreams_batch_16.json","???????","???????????","legacy","1","3"
"dreams_batch_16.json","???????","?????????","legacy","1","3"
"dreams_batch_16.json","???????","??????????","legacy","1","3"
"dreams_batch_16.json","???????","???????","legacy","1","3"
"dreams_batch_16.json","???????","????????","legacy","1","3"
"dreams_batch_16.json","???????","?????????","legacy","1","3"
"dreams_batch_16.json","???????","??????","legacy","1","3"
"dreams_batch_16.json","???????","???????????","legacy","1","3"
"dreams_batch_16.json","???????","??????????","legacy","1","3"
"dreams_batch_16.json","???????","??????????","legacy","1","3"
"dreams_batch_16.json","???????","?????????","legacy","1","3"
"dreams_batch_16.json","???????","????????","legacy","1","3"
"dreams_batch_16.json","???????","???????","legacy","1","3"
"dreams_batch_16.json","???????","????????","legacy","1","3"
"dreams_batch_16.json","???????","?????????","legacy","1","3"
"dreams_batch_16.json","???????","?????","legacy","1","3"
"dreams_batch_16.json","???????","?????????","legacy","1","3"
"dreams_batch_16.json","???????","???????????","legacy","1","3"
"dreams_batch_16.json","???????","???????","legacy","1","3"
"dreams_batch_16.json","???????","??????","legacy","1","3"
"dreams_batch_16.json","???????","????????","legacy","1","3"
"dreams_batch_16.json","???????","????????????","legacy","1","3"
"dreams_batch_16.json","???????","???????","legacy","1","3"
"dreams_batch_16.json","???????","???????","legacy","1","3"
"dreams_batch_16.json","???????","????????","legacy","1","3"
"dreams_batch_16.json","???????","????????","legacy","1","3"
"dreams_batch_16.json","???????","?????????","legacy","1","3"
"dreams_batch_16.json","???????","????????","legacy","1","3"
"dreams_batch_16.json","???????","??????","legacy","1","3"
"dreams_batch_16.json","???????","??????","legacy","1","3"
"dreams_batch_16.json","???????","????????????","legacy","1","3"
"dreams_batch_16.json","???????","???????????","legacy","1","3"
"dreams_batch_16.json","???????","???????","legacy","1","3"
"dreams_batch_16.json","???????","????????","legacy","1","3"
"dreams_batch_16.json","???????","???????","legacy","1","3"
"dreams_batch_16.json","???????","????????????","legacy","1","3"
"dreams_batch_16.json","???????","??????????????????","legacy","1","3"
"dreams_batch_16.json","???????","???????????","legacy","1","3"
"dreams_batch_16.json","???????","????????","legacy","1","3"
"dreams_batch_16.json","???????","????????","legacy","1","3"
"dreams_batch_16.json","???????","??????","legacy","1","3"
"dreams_batch_16.json","???????","?????????????","legacy","1","3"
"dreams_batch_16.json","???????","????????????","legacy","1","3"
"dreams_batch_16.json","???????","?????????","legacy","1","3"
"dreams_batch_16.json","???????","???????","legacy","1","3"
"dreams_batch_16.json","???????","???????","legacy","1","3"
"dreams_batch_16.json","???????","????","legacy","1","3"
"dreams_batch_16.json","???????","??????","legacy","1","3"
"dreams_batch_16.json","???????","?????","legacy","1","3"
"dreams_batch_16.json","???????","???????","legacy","1","3"
"dreams_batch_16.json","???????","??????","legacy","1","3"
"dreams_batch_16.json","???????","??????????","legacy","1","3"
"dreams_batch_16.json","???????","???????","legacy","1","3"
"dreams_batch_16.json","???????","??????","legacy","1","3"
"dreams_batch_16.json","???????","???????","legacy","1","3"
"dreams_batch_16.json","???????","???????","legacy","1","3"
"dreams_batch_16.json","???????","?????","legacy","1","3"
"dreams_batch_16.json","???????","????????","legacy","1","3"
"dreams_batch_16.json","???????","??????????","legacy","1","3"
"dreams_batch_16.json","???????","??????","legacy","1","3"
"dreams_batch_16.json","???????","?????","legacy","1","3"
"dreams_batch_16.json","???????","????","legacy","1","3"
"dreams_batch_16.json","???????","???????????????","legacy","1","3"
"dreams_batch_16.json","???????","???????","legacy","1","3"
"dreams_batch_16.json","???????","??????","legacy","1","3"
"dreams_batch_16.json","???????","?????","legacy","1","3"
"dreams_batch_16.json","???????","???????","legacy","1","3"
"dreams_batch_16.json","???????","???????","legacy","1","3"
"dreams_batch_16.json","???????","??????","legacy","1","3"
"dreams_batch_16.json","???????","?????","legacy","1","3"
"dreams_batch_16.json","???????","???????","legacy","1","3"
"dreams_batch_16.json","???????","?????????","legacy","1","3"
"dreams_batch_16.json","???????","???????","legacy","1","3"
"dreams_batch_16.json","???????","?????????","legacy","1","3"
"dreams_batch_16.json","???????","?????","legacy","1","3"
"dreams_batch_16.json","???????","???????","legacy","1","3"
"dreams_batch_16.json","???????","??????","legacy","1","3"
"dreams_batch_16.json","???????","??????","legacy","1","3"
"dreams_batch_16.json","???????","?????????","legacy","1","3"
"dreams_batch_16.json","???????","??????","legacy","1","3"
"dreams_batch_16.json","???????","?????????","legacy","1","3"
"dreams_batch_16.json","???????","?????????","legacy","1","3"
"dreams_batch_16.json","???????","?????????????","legacy","1","3"
"dreams_batch_16.json","???????","?????????","legacy","1","3"
"dreams_batch_17.json","???????","??????","legacy","1","3"
"dreams_batch_17.json","???????","??????","legacy","1","3"
"dreams_batch_17.json","???????","??????","legacy","1","3"
"dreams_batch_17.json","???????","??????","legacy","1","3"
"dreams_batch_17.json","???????","??????","legacy","1","3"
"dreams_batch_17.json","???????","??????","legacy","1","3"
"dreams_batch_17.json","???????","???????","legacy","1","3"
"dreams_batch_17.json","???????","??????","legacy","1","3"
"dreams_batch_17.json","???????","????","legacy","1","3"
"dreams_batch_17.json","???????","??????","legacy","1","3"
"dreams_batch_17.json","???????","???????","legacy","1","3"
"dreams_batch_17.json","???????","?????????","legacy","1","3"
"dreams_batch_17.json","???????","??????","legacy","1","3"
"dreams_batch_17.json","???????","????????","legacy","1","3"
"dreams_batch_17.json","???????","??????????","legacy","1","3"
"dreams_batch_17.json","???????","??????","legacy","1","3"
"dreams_batch_17.json","???????","?????","legacy","1","3"
"dreams_batch_17.json","???????","??????","legacy","1","3"
"dreams_batch_17.json","???????","?????","legacy","1","3"
"dreams_batch_17.json","???????","???","legacy","1","3"
"dreams_batch_17.json","???????","?????","legacy","1","3"
"dreams_batch_17.json","???????","???????","legacy","1","3"
"dreams_batch_17.json","???????","???????","legacy","1","3"
"dreams_batch_17.json","???????","?????????","legacy","1","3"
"dreams_batch_17.json","???????","???????","legacy","1","3"
"dreams_batch_17.json","???????","????????","legacy","1","3"
"dreams_batch_17.json","???????","????","legacy","1","3"
"dreams_batch_17.json","???????","?????","legacy","1","3"
"dreams_batch_17.json","???????","?????","legacy","1","3"
"dreams_batch_17.json","???????","????????","legacy","1","3"
"dreams_batch_17.json","???????","???????","legacy","1","3"
"dreams_batch_17.json","???????","???????","legacy","1","3"
"dreams_batch_17.json","???????","?????","legacy","1","3"
"dreams_batch_17.json","???????","?????","legacy","1","3"
"dreams_batch_17.json","???????","???????","legacy","1","3"
"dreams_batch_17.json","???????","??????","legacy","1","3"
"dreams_batch_17.json","???????","?????","legacy","1","3"
"dreams_batch_17.json","???????","??????","legacy","1","3"
"dreams_batch_17.json","???????","???????","legacy","1","3"
"dreams_batch_17.json","???????","?????????","legacy","1","3"
"dreams_batch_17.json","???????","????","legacy","1","3"
"dreams_batch_17.json","???????","???????????? ??????","legacy","1","3"
"dreams_batch_17.json","???????","?????","legacy","1","3"
"dreams_batch_17.json","???????","????","legacy","1","3"
"dreams_batch_17.json","???????","???????","legacy","1","3"
"dreams_batch_17.json","???????","?????????","legacy","1","3"
"dreams_batch_17.json","???????","?????????","legacy","1","3"
"dreams_batch_17.json","???????","?????????","legacy","1","3"
"dreams_batch_17.json","???????","??????????","legacy","1","3"
"dreams_batch_17.json","???????","??????","legacy","1","3"
"dreams_batch_17.json","???????","???????","legacy","1","3"
"dreams_batch_17.json","???????","??????","legacy","1","3"
"dreams_batch_17.json","???????","????","legacy","1","3"
"dreams_batch_17.json","???????","??????","legacy","1","3"
"dreams_batch_17.json","???????","????????","legacy","1","3"
"dreams_batch_17.json","???????","??????","legacy","1","3"
"dreams_batch_17.json","???????","????????","legacy","1","3"
"dreams_batch_17.json","???????","??????????","legacy","1","3"
"dreams_batch_17.json","???????","???????","legacy","1","3"
"dreams_batch_17.json","???????","??????","legacy","1","3"
"dreams_batch_17.json","???????","????","legacy","1","3"
"dreams_batch_17.json","???????","????????","legacy","1","3"
"dreams_batch_17.json","???????","??????","legacy","1","3"
"dreams_batch_17.json","???????","?????","legacy","1","3"
"dreams_batch_17.json","???????","????????","legacy","1","3"
"dreams_batch_17.json","???????","????????","legacy","1","3"
"dreams_batch_17.json","???????","??????","legacy","1","3"
"dreams_batch_17.json","???????","????","legacy","1","3"
"dreams_batch_17.json","???????","???????????","legacy","1","3"
"dreams_batch_17.json","???????","????????","legacy","1","3"
"dreams_batch_17.json","???????","??????","legacy","1","3"
"dreams_batch_17.json","???????","???????","legacy","1","3"
"dreams_batch_17.json","???????","???????","legacy","1","3"
"dreams_batch_17.json","???????","??????","legacy","1","3"
"dreams_batch_17.json","???????","?????","legacy","1","3"
"dreams_batch_17.json","???????","????????","legacy","1","3"
"dreams_batch_17.json","???????","??????","legacy","1","3"
"dreams_batch_17.json","???????","??????","legacy","1","3"
"dreams_batch_17.json","???????","?????????????","legacy","1","3"
"dreams_batch_17.json","???????","??????","legacy","1","3"
"dreams_batch_17.json","???????","?????","legacy","1","3"
"dreams_batch_17.json","???????","?????????","legacy","1","3"
"dreams_batch_17.json","???????","????","legacy","1","3"
"dreams_batch_17.json","???????","????????","legacy","1","3"
"dreams_batch_17.json","???????","?????","legacy","1","3"
"dreams_batch_17.json","???????","????????","legacy","1","3"
"dreams_batch_17.json","???????","????","legacy","1","3"
"dreams_batch_17.json","???????","???????","legacy","1","3"
"dreams_batch_17.json","???????","??????","legacy","1","3"
"dreams_batch_17.json","???????","?????","legacy","1","3"
"dreams_batch_17.json","???????","?????","legacy","1","3"
"dreams_batch_17.json","???????","??????","legacy","1","3"
"dreams_batch_17.json","???????","????????","legacy","1","3"
"dreams_batch_17.json","???????","?????","legacy","1","3"
"dreams_batch_17.json","???????","?????????","legacy","1","3"
"dreams_batch_17.json","???????","?????","legacy","1","3"
"dreams_batch_17.json","???????","???????","legacy","1","3"
"dreams_batch_17.json","???????","?????","legacy","1","3"
"dreams_batch_17.json","???????","?????","legacy","1","3"
"dreams_batch_17.json","???????","????","legacy","1","3"
"dreams_batch_18.json","???????","???","legacy","1","3"
"dreams_batch_18.json","???????","???????","legacy","1","3"
"dreams_batch_18.json","???????","?????","legacy","1","3"
"dreams_batch_18.json","???????","??????","legacy","1","3"
"dreams_batch_18.json","???????","???????","legacy","1","3"
"dreams_batch_18.json","???????","??????","legacy","1","3"
"dreams_batch_18.json","???????","??????","legacy","1","3"
"dreams_batch_18.json","???????","???????","legacy","1","3"
"dreams_batch_18.json","???????","?????","legacy","1","3"
"dreams_batch_18.json","???????","?????","legacy","1","3"
"dreams_batch_18.json","???????","????????","legacy","1","3"
"dreams_batch_18.json","???????","???????","legacy","1","3"
"dreams_batch_18.json","???????","?????","legacy","1","3"
"dreams_batch_18.json","???????","?????","legacy","1","3"
"dreams_batch_18.json","???????","????????","legacy","1","3"
"dreams_batch_18.json","???????","?????????","legacy","1","3"
"dreams_batch_18.json","???????","?????","legacy","1","3"
"dreams_batch_18.json","???????","???????????","legacy","1","3"
"dreams_batch_18.json","???????","?????","legacy","1","3"
"dreams_batch_18.json","???????","????????","legacy","1","3"
"dreams_batch_18.json","???????","???","legacy","1","3"
"dreams_batch_18.json","???????","????","legacy","1","3"
"dreams_batch_18.json","???????","?????","legacy","1","3"
"dreams_batch_18.json","???????","?????","legacy","1","3"
"dreams_batch_18.json","???????","??????","legacy","1","3"
"dreams_batch_18.json","???????","???????","legacy","1","3"
"dreams_batch_18.json","???????","????","legacy","1","3"
"dreams_batch_18.json","???????","??????","legacy","1","3"
"dreams_batch_18.json","???????","??????","legacy","1","3"
"dreams_batch_18.json","???????","?????","legacy","1","3"
"dreams_batch_18.json","???????","?????","legacy","1","3"
"dreams_batch_18.json","???????","???????","legacy","1","3"
"dreams_batch_18.json","???????","?????????","legacy","1","3"
"dreams_batch_18.json","???????","?????","legacy","1","3"
"dreams_batch_18.json","???????","?????","legacy","1","3"
"dreams_batch_18.json","???????","???????","legacy","1","3"
"dreams_batch_18.json","???????","????","legacy","1","3"
"dreams_batch_18.json","???????","?????","legacy","1","3"
"dreams_batch_18.json","???????","???????","legacy","1","3"
"dreams_batch_18.json","???????","??????","legacy","1","3"
"dreams_batch_18.json","???????","???????","legacy","1","3"
"dreams_batch_18.json","???????","??????","legacy","1","3"
"dreams_batch_18.json","???????","??????","legacy","1","3"
"dreams_batch_18.json","???????","????","legacy","1","3"
"dreams_batch_18.json","???????","???????","legacy","1","3"
"dreams_batch_18.json","???????","??????","legacy","1","3"
"dreams_batch_18.json","???????","????????","legacy","1","3"
"dreams_batch_18.json","???????","?????","legacy","1","3"
"dreams_batch_18.json","???????","????","legacy","1","3"
"dreams_batch_18.json","???????","?????","legacy","1","3"
"dreams_batch_18.json","???????","??????","legacy","1","3"
"dreams_batch_18.json","???????","?????","legacy","1","3"
"dreams_batch_18.json","???????","?????","legacy","1","3"
"dreams_batch_18.json","???????","???????","legacy","1","3"
"dreams_batch_18.json","???????","????","legacy","1","3"
"dreams_batch_18.json","???????","????????","legacy","1","3"
"dreams_batch_18.json","???????","???????????","legacy","1","3"
"dreams_batch_18.json","???????","???????","legacy","1","3"
"dreams_batch_18.json","???????","??????","legacy","1","3"
"dreams_batch_18.json","???????","?????","legacy","1","3"
"dreams_batch_18.json","???????","????","legacy","1","3"
"dreams_batch_18.json","???????","?????","legacy","1","3"
"dreams_batch_18.json","???????","??????","legacy","1","3"
"dreams_batch_18.json","???????","??????","legacy","1","3"
"dreams_batch_18.json","???????","???","legacy","1","3"
"dreams_batch_18.json","???????","??????","legacy","1","3"
"dreams_batch_18.json","???????","?????","legacy","1","3"
"dreams_batch_18.json","???????","???","legacy","1","3"
"dreams_batch_18.json","???????","???????","legacy","1","3"
"dreams_batch_18.json","???????","??????","legacy","1","3"
"dreams_batch_18.json","???????","???","legacy","1","3"
"dreams_batch_18.json","???????","???","legacy","1","3"
"dreams_batch_18.json","???????","?????","legacy","1","3"
"dreams_batch_18.json","???????","????","legacy","1","3"
"dreams_batch_18.json","???????","?????","legacy","1","3"
"dreams_batch_18.json","???????","???????","legacy","1","3"
"dreams_batch_18.json","???????","????????","legacy","1","3"
"dreams_batch_18.json","???????","??????","legacy","1","3"
"dreams_batch_18.json","???????","????","legacy","1","3"
"dreams_batch_18.json","???????","????","legacy","1","3"
"dreams_batch_18.json","???????","?????","legacy","1","3"
"dreams_batch_18.json","???????","?????","legacy","1","3"
"dreams_batch_18.json","???????","?????","legacy","1","3"
"dreams_batch_18.json","???????","?????","legacy","1","3"
"dreams_batch_18.json","???????","?????","legacy","1","3"
"dreams_batch_18.json","???????","??????","legacy","1","3"
"dreams_batch_18.json","???????","????????","legacy","1","3"
"dreams_batch_18.json","???????","????","legacy","1","3"
"dreams_batch_18.json","???????","????","legacy","1","3"
"dreams_batch_18.json","???????","??????","legacy","1","3"
"dreams_batch_18.json","???????","???????","legacy","1","3"
"dreams_batch_18.json","???????","?????","legacy","1","3"
"dreams_batch_18.json","???????","??????","legacy","1","3"
"dreams_batch_18.json","???????","??????","legacy","1","3"
"dreams_batch_18.json","???????","??????","legacy","1","3"
"dreams_batch_18.json","???????","??????","legacy","1","3"
"dreams_batch_18.json","???????","???","legacy","1","3"
"dreams_batch_18.json","???????","??????","legacy","1","3"
"dreams_batch_18.json","???????","??????","legacy","1","3"
"dreams_batch_18.json","???????","??????","legacy","1","3"
"dreams_batch_19.json","???????","???","legacy","1","3"
"dreams_batch_19.json","???????","???????","legacy","1","3"
"dreams_batch_19.json","???????","????","legacy","1","3"
"dreams_batch_19.json","???????","??????","legacy","1","3"
"dreams_batch_19.json","???????","?????","legacy","1","3"
"dreams_batch_19.json","???????","??????","legacy","1","3"
"dreams_batch_19.json","???????","?????","legacy","1","3"
"dreams_batch_19.json","???????","?????????","legacy","1","3"
"dreams_batch_19.json","???????","??????","legacy","1","3"
"dreams_batch_19.json","???????","?????????","legacy","1","3"
"dreams_batch_19.json","???????","??????","legacy","1","3"
"dreams_batch_19.json","???????","??????","legacy","1","3"
"dreams_batch_19.json","???????","???","legacy","1","3"
"dreams_batch_19.json","???????","???????","legacy","1","3"
"dreams_batch_19.json","???????","?????","legacy","1","3"
"dreams_batch_19.json","???????","????????","legacy","1","3"
"dreams_batch_19.json","???????","?????","legacy","1","3"
"dreams_batch_19.json","???????","???????","legacy","1","3"
"dreams_batch_19.json","???????","?????","legacy","1","3"
"dreams_batch_19.json","???????","?????","legacy","1","3"
"dreams_batch_19.json","???????","???","legacy","1","3"
"dreams_batch_19.json","???????","????","legacy","1","3"
"dreams_batch_19.json","???????","??????","legacy","1","3"
"dreams_batch_19.json","???????","???????????","legacy","1","3"
"dreams_batch_19.json","???????","???????","legacy","1","3"
"dreams_batch_19.json","???????","????????","legacy","1","3"
"dreams_batch_19.json","???????","?????","legacy","1","3"
"dreams_batch_19.json","???????","??????","legacy","1","3"
"dreams_batch_19.json","???????","?????????","legacy","1","3"
"dreams_batch_19.json","???????","???????","legacy","1","3"
"dreams_batch_19.json","???????","?????","legacy","1","3"
"dreams_batch_19.json","???????","???","legacy","1","3"
"dreams_batch_19.json","???????","????","legacy","1","3"
"dreams_batch_19.json","???????","?????","legacy","1","3"
"dreams_batch_19.json","???????","???????","legacy","1","3"
"dreams_batch_19.json","???????","??????","legacy","1","3"
"dreams_batch_19.json","???????","????","legacy","1","3"
"dreams_batch_19.json","???????","?????","legacy","1","3"
"dreams_batch_19.json","???????","????????","legacy","1","3"
"dreams_batch_19.json","???????","???","legacy","1","3"
"dreams_batch_19.json","???????","??????????","legacy","1","3"
"dreams_batch_19.json","???????","?????","legacy","1","3"
"dreams_batch_19.json","???????","?????????","legacy","1","3"
"dreams_batch_19.json","???????","?????","legacy","1","3"
"dreams_batch_19.json","???????","?????","legacy","1","3"
"dreams_batch_19.json","???????","?????","legacy","1","3"
"dreams_batch_19.json","???????","???????","legacy","1","3"
"dreams_batch_19.json","???????","???????","legacy","1","3"
"dreams_batch_19.json","???????","???????","legacy","1","3"
"dreams_batch_19.json","???????","?????","legacy","1","3"
"dreams_batch_19.json","???????","?????","legacy","1","3"
"dreams_batch_19.json","???????","????","legacy","1","3"
"dreams_batch_19.json","???????","???????","legacy","1","3"
"dreams_batch_19.json","???????","????","legacy","1","3"
"dreams_batch_19.json","???????","?????","legacy","1","3"
"dreams_batch_19.json","???????","??????","legacy","1","3"
"dreams_batch_19.json","???????","????","legacy","1","3"
"dreams_batch_19.json","???????","????","legacy","1","3"
"dreams_batch_19.json","???????","??????","legacy","1","3"
"dreams_batch_19.json","???????","???????????","legacy","1","3"
"dreams_batch_19.json","???????","??????","legacy","1","3"
"dreams_batch_19.json","???????","??????","legacy","1","3"
"dreams_batch_19.json","???????","????????","legacy","1","3"
"dreams_batch_19.json","???????","???????","legacy","1","3"
"dreams_batch_19.json","???????","??????????","legacy","1","3"
"dreams_batch_19.json","???????","????","legacy","1","3"
"dreams_batch_19.json","???????","??????","legacy","1","3"
"dreams_batch_19.json","???????","?????????","legacy","1","3"
"dreams_batch_19.json","???????","????","legacy","1","3"
"dreams_batch_19.json","???????","????????","legacy","1","3"
"dreams_batch_19.json","???????","?????","legacy","1","3"
"dreams_batch_19.json","???????","?????","legacy","1","3"
"dreams_batch_19.json","???????","???????","legacy","1","3"
"dreams_batch_19.json","???????","???","legacy","1","3"
"dreams_batch_19.json","???????","?????","legacy","1","3"
"dreams_batch_19.json","???????","???????","legacy","1","3"
"dreams_batch_19.json","???????","????????","legacy","1","3"
"dreams_batch_19.json","???????","??????","legacy","1","3"
"dreams_batch_19.json","???????","?????","legacy","1","3"
"dreams_batch_19.json","???????","????????","legacy","1","3"
"dreams_batch_19.json","???????","????","legacy","1","3"
"dreams_batch_19.json","???????","????","legacy","1","3"
"dreams_batch_19.json","???????","?????","legacy","1","3"
"dreams_batch_19.json","???????","????","legacy","1","3"
"dreams_batch_19.json","???????","????","legacy","1","3"
"dreams_batch_19.json","???????","??????","legacy","1","3"
"dreams_batch_19.json","???????","???????","legacy","1","3"
"dreams_batch_19.json","???????","???????","legacy","1","3"
"dreams_batch_19.json","???????","??????????","legacy","1","3"
"dreams_batch_19.json","???????","?????????","legacy","1","3"
"dreams_batch_19.json","???????","?????","legacy","1","3"
"dreams_batch_19.json","???????","??????","legacy","1","3"
"dreams_batch_19.json","???????","???","legacy","1","3"
"dreams_batch_19.json","???????","???????","legacy","1","3"
"dreams_batch_19.json","???????","?????","legacy","1","3"
"dreams_batch_19.json","???????","??????","legacy","1","3"
"dreams_batch_19.json","???????","???????","legacy","1","3"
"dreams_batch_19.json","???????","??????","legacy","1","3"
"dreams_batch_19.json","???????","?????","legacy","1","3"
"dreams_batch_19.json","???????","???","legacy","1","3"
"dreams_batch_2.json","???????","???????????","legacy","1","3"
"dreams_batch_2.json","???????","???????","legacy","1","3"
"dreams_batch_2.json","???????","???????","legacy","1","3"
"dreams_batch_2.json","???????","??????????","legacy","1","3"
"dreams_batch_2.json","???????","??????","legacy","1","3"
"dreams_batch_2.json","???????","??????","legacy","1","3"
"dreams_batch_2.json","???????","??????","legacy","1","3"
"dreams_batch_2.json","???????","?????","legacy","1","3"
"dreams_batch_2.json","???????","?????","legacy","1","3"
"dreams_batch_2.json","???????","??????","legacy","1","3"
"dreams_batch_2.json","???????","?????","legacy","1","3"
"dreams_batch_2.json","???????","????","legacy","1","3"
"dreams_batch_2.json","???????","????","legacy","1","3"
"dreams_batch_2.json","???????","?????","legacy","1","3"
"dreams_batch_2.json","???????","???????","legacy","1","3"
"dreams_batch_2.json","???????","???????","legacy","1","3"
"dreams_batch_2.json","???????","????????","legacy","1","3"
"dreams_batch_2.json","???????","?????","legacy","1","3"
"dreams_batch_2.json","???????","??????","legacy","1","3"
"dreams_batch_2.json","???????","???????","legacy","1","3"
"dreams_batch_2.json","???????","????????","legacy","1","3"
"dreams_batch_2.json","???????","??????????","legacy","1","3"
"dreams_batch_2.json","???????","??????","legacy","1","3"
"dreams_batch_2.json","???????","????","legacy","1","3"
"dreams_batch_2.json","???????","?????","legacy","1","3"
"dreams_batch_2.json","???????","??????????","legacy","1","3"
"dreams_batch_2.json","???????","???????????","legacy","1","3"
"dreams_batch_2.json","???????","?????","legacy","1","3"
"dreams_batch_2.json","???????","???????","legacy","1","3"
"dreams_batch_2.json","???????","?????????","legacy","1","3"
"dreams_batch_2.json","???????","??????????","legacy","1","3"
"dreams_batch_2.json","???????","????????","legacy","1","3"
"dreams_batch_2.json","???????","?????","legacy","1","3"
"dreams_batch_2.json","???????","????????","legacy","1","3"
"dreams_batch_2.json","???????","??????????","legacy","1","3"
"dreams_batch_2.json","???????","???????","legacy","1","3"
"dreams_batch_2.json","???????","?????","legacy","1","3"
"dreams_batch_2.json","???????","??????","legacy","1","3"
"dreams_batch_2.json","???????","??????","legacy","1","3"
"dreams_batch_2.json","???????","?????","legacy","1","3"
"dreams_batch_2.json","???????","?????","legacy","1","3"
"dreams_batch_2.json","???????","????????","legacy","1","3"
"dreams_batch_2.json","???????","??????????","legacy","1","3"
"dreams_batch_2.json","???????","?????????","legacy","1","3"
"dreams_batch_2.json","???????","???????","legacy","1","3"
"dreams_batch_2.json","???????","????","legacy","1","3"
"dreams_batch_2.json","???????","?????","legacy","1","3"
"dreams_batch_2.json","???????","???????","legacy","1","3"
"dreams_batch_2.json","???????","????????","legacy","1","3"
"dreams_batch_2.json","???????","????","legacy","1","3"
"dreams_batch_2.json","???????","???????","legacy","1","3"
"dreams_batch_2.json","???????","???????","legacy","1","3"
"dreams_batch_2.json","???????","?????","legacy","1","3"
"dreams_batch_2.json","???????","????","legacy","1","3"
"dreams_batch_2.json","???????","?????","legacy","1","3"
"dreams_batch_2.json","???????","????????","legacy","1","3"
"dreams_batch_2.json","???????","???","legacy","1","3"
"dreams_batch_2.json","???????","????????","legacy","1","3"
"dreams_batch_2.json","???????","???","legacy","1","3"
"dreams_batch_2.json","???????","?????????","legacy","1","3"
"dreams_batch_2.json","???????","???????","legacy","1","3"
"dreams_batch_2.json","???????","????????","legacy","1","3"
"dreams_batch_2.json","???????","?????","legacy","1","3"
"dreams_batch_2.json","???????","??????","legacy","1","3"
"dreams_batch_2.json","???????","???????","legacy","1","3"
"dreams_batch_2.json","???????","??????","legacy","1","3"
"dreams_batch_2.json","???????","???????","legacy","1","3"
"dreams_batch_2.json","???????","??????","legacy","1","3"
"dreams_batch_2.json","???????","?????","legacy","1","3"
"dreams_batch_2.json","???????","?????","legacy","1","3"
"dreams_batch_2.json","???????","??????","legacy","1","3"
"dreams_batch_2.json","???????","??????","legacy","1","3"
"dreams_batch_2.json","???????","????","legacy","1","3"
"dreams_batch_2.json","???????","?????","legacy","1","3"
"dreams_batch_2.json","???????","???????","legacy","1","3"
"dreams_batch_2.json","???????","??????","legacy","1","3"
"dreams_batch_2.json","???????","????","legacy","1","3"
"dreams_batch_2.json","???????","????","legacy","1","3"
"dreams_batch_2.json","???????","???","legacy","1","3"
"dreams_batch_2.json","???????","???????","legacy","1","3"
"dreams_batch_2.json","???????","?????","legacy","1","3"
"dreams_batch_2.json","???????","?????","legacy","1","3"
"dreams_batch_2.json","???????","??????","legacy","1","3"
"dreams_batch_2.json","???????","??????","legacy","1","3"
"dreams_batch_2.json","???????","??????","legacy","1","3"
"dreams_batch_2.json","???????","???????","legacy","1","3"
"dreams_batch_2.json","???????","???????","legacy","1","3"
"dreams_batch_2.json","???????","?????","legacy","1","3"
"dreams_batch_2.json","???????","?????","legacy","1","3"
"dreams_batch_2.json","???????","?????","legacy","1","3"
"dreams_batch_2.json","???????","???","legacy","1","3"
"dreams_batch_2.json","???????","???????","legacy","1","3"
"dreams_batch_2.json","???????","???????","legacy","1","3"
"dreams_batch_2.json","???????","????","legacy","1","3"
"dreams_batch_2.json","???????","????????","legacy","1","3"
"dreams_batch_2.json","???????","???????","legacy","1","3"
"dreams_batch_2.json","???????","????????","legacy","1","3"
"dreams_batch_2.json","???????","??????","legacy","1","3"
"dreams_batch_2.json","???????","??????????","legacy","1","3"
"dreams_batch_2.json","???????","???????","legacy","1","3"
"dreams_batch_20.json","???????","??????","legacy","1","3"
"dreams_batch_20.json","???????","????","legacy","1","3"
"dreams_batch_20.json","???????","??????","legacy","1","3"
"dreams_batch_20.json","???????","????","legacy","1","3"
"dreams_batch_20.json","???????","???????","legacy","1","3"
"dreams_batch_20.json","???????","????","legacy","1","3"
"dreams_batch_20.json","???????","?????","legacy","1","3"
"dreams_batch_20.json","???????","??????","legacy","1","3"
"dreams_batch_20.json","???????","????????","legacy","1","3"
"dreams_batch_20.json","???????","?????","legacy","1","3"
"dreams_batch_20.json","???????","??????","legacy","1","3"
"dreams_batch_20.json","???????","??????","legacy","1","3"
"dreams_batch_20.json","???????","??????????","legacy","1","3"
"dreams_batch_20.json","???????","???","legacy","1","3"
"dreams_batch_20.json","???????","????","legacy","1","3"
"dreams_batch_20.json","???????","???","legacy","1","3"
"dreams_batch_20.json","???????","?????????","legacy","1","3"
"dreams_batch_20.json","???????","????","legacy","1","3"
"dreams_batch_20.json","???????","????????","legacy","1","3"
"dreams_batch_20.json","???????","?????","legacy","1","3"
"dreams_batch_20.json","???????","????","legacy","1","3"
"dreams_batch_20.json","???????","???","legacy","1","3"
"dreams_batch_20.json","???????","??????????????","legacy","1","3"
"dreams_batch_20.json","???????","????","legacy","1","3"
"dreams_batch_20.json","???????","?????","legacy","1","3"
"dreams_batch_20.json","???????","??????","legacy","1","3"
"dreams_batch_20.json","???????","?????","legacy","1","3"
"dreams_batch_20.json","???????","???????","legacy","1","3"
"dreams_batch_20.json","???????","??????","legacy","1","3"
"dreams_batch_20.json","???????","??????","legacy","1","3"
"dreams_batch_20.json","???????","??????","legacy","1","3"
"dreams_batch_20.json","???????","???????","legacy","1","3"
"dreams_batch_20.json","???????","??????????","legacy","1","3"
"dreams_batch_20.json","???????","???????","legacy","1","3"
"dreams_batch_20.json","???????","????????","legacy","1","3"
"dreams_batch_20.json","???????","?????????","legacy","1","3"
"dreams_batch_20.json","???????","??????","legacy","1","3"
"dreams_batch_20.json","???????","???????????","legacy","1","3"
"dreams_batch_20.json","???????","????","legacy","1","3"
"dreams_batch_20.json","???????","???","legacy","1","3"
"dreams_batch_20.json","???????","??????","legacy","1","3"
"dreams_batch_20.json","???????","??????","legacy","1","3"
"dreams_batch_20.json","???????","?????","legacy","1","3"
"dreams_batch_20.json","???????","????","legacy","1","3"
"dreams_batch_20.json","???????","???????","legacy","1","3"
"dreams_batch_20.json","???????","?????","legacy","1","3"
"dreams_batch_20.json","???????","???","legacy","1","3"
"dreams_batch_20.json","???????","?????","legacy","1","3"
"dreams_batch_20.json","???????","????????","legacy","1","3"
"dreams_batch_20.json","???????","???","legacy","1","3"
"dreams_batch_20.json","???????","???????","legacy","1","3"
"dreams_batch_20.json","???????","??????????","legacy","1","3"
"dreams_batch_20.json","???????","??????","legacy","1","3"
"dreams_batch_20.json","???????","??????","legacy","1","3"
"dreams_batch_20.json","???????","?????????","legacy","1","3"
"dreams_batch_20.json","???????","??????????","legacy","1","3"
"dreams_batch_20.json","???????","????????","legacy","1","3"
"dreams_batch_20.json","???????","?????","legacy","1","3"
"dreams_batch_20.json","???????","?????","legacy","1","3"
"dreams_batch_20.json","???????","?????","legacy","1","3"
"dreams_batch_20.json","???????","????","legacy","1","3"
"dreams_batch_20.json","???????","????","legacy","1","3"
"dreams_batch_20.json","???????","?????","legacy","1","3"
"dreams_batch_20.json","???????","???????","legacy","1","3"
"dreams_batch_20.json","???????","?????","legacy","1","3"
"dreams_batch_20.json","???????","?????","legacy","1","3"
"dreams_batch_20.json","???????","??????????","legacy","1","3"
"dreams_batch_20.json","???????","???????","legacy","1","3"
"dreams_batch_20.json","???????","???????","legacy","1","3"
"dreams_batch_20.json","???????","??????","legacy","1","3"
"dreams_batch_20.json","???????","?????","legacy","1","3"
"dreams_batch_20.json","???????","???????","legacy","1","3"
"dreams_batch_20.json","???????","????","legacy","1","3"
"dreams_batch_20.json","???????","??????","legacy","1","3"
"dreams_batch_20.json","???????","???????","legacy","1","3"
"dreams_batch_20.json","???????","????????","legacy","1","3"
"dreams_batch_20.json","???????","??????","legacy","1","3"
"dreams_batch_20.json","???????","?????","legacy","1","3"
"dreams_batch_20.json","???????","???????","legacy","1","3"
"dreams_batch_20.json","???????","??????","legacy","1","3"
"dreams_batch_20.json","???????","??????","legacy","1","3"
"dreams_batch_20.json","???????","????????","legacy","1","3"
"dreams_batch_20.json","???????","???????","legacy","1","3"
"dreams_batch_20.json","???????","???????????","legacy","1","3"
"dreams_batch_20.json","???????","????????","legacy","1","3"
"dreams_batch_20.json","???????","?????","legacy","1","3"
"dreams_batch_20.json","???????","????????","legacy","1","3"
"dreams_batch_20.json","???????","??????","legacy","1","3"
"dreams_batch_20.json","???????","?????","legacy","1","3"
"dreams_batch_20.json","???????","??????","legacy","1","3"
"dreams_batch_20.json","???????","???????","legacy","1","3"
"dreams_batch_20.json","???????","????????","legacy","1","3"
"dreams_batch_20.json","???????","??????????","legacy","1","3"
"dreams_batch_20.json","???????","??????????","legacy","1","3"
"dreams_batch_20.json","???????","?????","legacy","1","3"
"dreams_batch_20.json","???????","????????","legacy","1","3"
"dreams_batch_20.json","???????","???????","legacy","1","3"
"dreams_batch_20.json","???????","????","legacy","1","3"
"dreams_batch_20.json","???????","????","legacy","1","3"
"dreams_batch_20.json","???????","???????","legacy","1","3"
"dreams_batch_21.json","???????","?????","legacy","1","3"
"dreams_batch_21.json","???????","????????","legacy","1","3"
"dreams_batch_21.json","???????","????????","legacy","1","3"
"dreams_batch_21.json","???????","?????","legacy","1","3"
"dreams_batch_21.json","???????","??????","legacy","1","3"
"dreams_batch_21.json","???????","??????","legacy","1","3"
"dreams_batch_21.json","???????","??????????","legacy","1","3"
"dreams_batch_21.json","???????","???????","legacy","1","3"
"dreams_batch_21.json","???????","???","legacy","1","3"
"dreams_batch_21.json","???????","??????????","legacy","1","3"
"dreams_batch_21.json","???????","????????","legacy","1","3"
"dreams_batch_21.json","???????","???????","legacy","1","3"
"dreams_batch_21.json","???????","??????","legacy","1","3"
"dreams_batch_21.json","???????","??????","legacy","1","3"
"dreams_batch_21.json","???????","??????","legacy","1","3"
"dreams_batch_21.json","???????","????","legacy","1","3"
"dreams_batch_21.json","???????","?????????","legacy","1","3"
"dreams_batch_21.json","???????","??????","legacy","1","3"
"dreams_batch_21.json","???????","??????","legacy","1","3"
"dreams_batch_21.json","???????","????","legacy","1","3"
"dreams_batch_21.json","???????","???????","legacy","1","3"
"dreams_batch_21.json","???????","??????","legacy","1","3"
"dreams_batch_21.json","???????","???","legacy","1","3"
"dreams_batch_21.json","???????","??????","legacy","1","3"
"dreams_batch_21.json","???????","????????","legacy","1","3"
"dreams_batch_21.json","???????","???????","legacy","1","3"
"dreams_batch_21.json","???????","??????????","legacy","1","3"
"dreams_batch_21.json","???????","?????????","legacy","1","3"
"dreams_batch_21.json","???????","????????","legacy","1","3"
"dreams_batch_21.json","???????","???????????","legacy","1","3"
"dreams_batch_21.json","???????","??????","legacy","1","3"
"dreams_batch_21.json","???????","????","legacy","1","3"
"dreams_batch_21.json","???????","???????","legacy","1","3"
"dreams_batch_21.json","???????","????","legacy","1","3"
"dreams_batch_21.json","???????","????????????","legacy","1","3"
"dreams_batch_21.json","???????","?????????","legacy","1","3"
"dreams_batch_21.json","???????","???????","legacy","1","3"
"dreams_batch_21.json","???????","???","legacy","1","3"
"dreams_batch_21.json","???????","???????","legacy","1","3"
"dreams_batch_21.json","???????","??????","legacy","1","3"
"dreams_batch_21.json","???????","????","legacy","1","3"
"dreams_batch_21.json","???????","????????","legacy","1","3"
"dreams_batch_21.json","???????","????????","legacy","1","3"
"dreams_batch_21.json","???????","????????","legacy","1","3"
"dreams_batch_21.json","???????","????????","legacy","1","3"
"dreams_batch_21.json","???????","???????","legacy","1","3"
"dreams_batch_21.json","???????","????????","legacy","1","3"
"dreams_batch_21.json","???????","????","legacy","1","3"
"dreams_batch_21.json","???????","????","legacy","1","3"
"dreams_batch_21.json","???????","????????","legacy","1","3"
"dreams_batch_21.json","???????","?????","legacy","1","3"
"dreams_batch_21.json","???????","?????","legacy","1","3"
"dreams_batch_21.json","???????","???????????","legacy","1","3"
"dreams_batch_21.json","???????","???????","legacy","1","3"
"dreams_batch_21.json","???????","????????","legacy","1","3"
"dreams_batch_21.json","???????","??????","legacy","1","3"
"dreams_batch_21.json","???????","?????","legacy","1","3"
"dreams_batch_21.json","???????","?????","legacy","1","3"
"dreams_batch_21.json","???????","?????","legacy","1","3"
"dreams_batch_21.json","???????","??????","legacy","1","3"
"dreams_batch_21.json","???????","???????????","legacy","1","3"
"dreams_batch_21.json","???????","???????","legacy","1","3"
"dreams_batch_21.json","???????","??????","legacy","1","3"
"dreams_batch_21.json","???????","??????","legacy","1","3"
"dreams_batch_21.json","???????","????????","legacy","1","3"
"dreams_batch_21.json","???????","?????","legacy","1","3"
"dreams_batch_21.json","???????","?????","legacy","1","3"
"dreams_batch_21.json","???????","?????","legacy","1","3"
"dreams_batch_21.json","???????","?????","legacy","1","3"
"dreams_batch_21.json","???????","???","legacy","1","3"
"dreams_batch_21.json","???????","????????","legacy","1","3"
"dreams_batch_21.json","???????","???","legacy","1","3"
"dreams_batch_21.json","???????","?????","legacy","1","3"
"dreams_batch_21.json","???????","?????","legacy","1","3"
"dreams_batch_21.json","???????","???","legacy","1","3"
"dreams_batch_21.json","???????","???????","legacy","1","3"
"dreams_batch_21.json","???????","?????????","legacy","1","3"
"dreams_batch_21.json","???????","???????","legacy","1","3"
"dreams_batch_21.json","???????","?????????","legacy","1","3"
"dreams_batch_21.json","???????","??????","legacy","1","3"
"dreams_batch_21.json","???????","?????????","legacy","1","3"
"dreams_batch_21.json","???????","??????????","legacy","1","3"
"dreams_batch_21.json","???????","??????","legacy","1","3"
"dreams_batch_21.json","???????","????","legacy","1","3"
"dreams_batch_21.json","???????","???????","legacy","1","3"
"dreams_batch_21.json","???????","???????","legacy","1","3"
"dreams_batch_21.json","???????","??????","legacy","1","3"
"dreams_batch_21.json","???????","???","legacy","1","3"
"dreams_batch_21.json","???????","?????","legacy","1","3"
"dreams_batch_21.json","???????","?????","legacy","1","3"
"dreams_batch_21.json","???????","???????","legacy","1","3"
"dreams_batch_21.json","???????","??????","legacy","1","3"
"dreams_batch_21.json","???????","?????","legacy","1","3"
"dreams_batch_21.json","???????","???","legacy","1","3"
"dreams_batch_21.json","???????","??????","legacy","1","3"
"dreams_batch_21.json","???????","????????","legacy","1","3"
"dreams_batch_21.json","???????","??????? ????","legacy","1","3"
"dreams_batch_21.json","???????","??????????","legacy","1","3"
"dreams_batch_21.json","???????","?????????","legacy","1","3"
"dreams_batch_21.json","???????","???????????","legacy","1","3"
"dreams_batch_22.json","???????","??????","legacy","1","3"
"dreams_batch_22.json","???????","????","legacy","1","3"
"dreams_batch_22.json","???????","??????","legacy","1","3"
"dreams_batch_22.json","???????","??????","legacy","1","3"
"dreams_batch_22.json","???????","???????","legacy","1","3"
"dreams_batch_22.json","???????","???????","legacy","1","3"
"dreams_batch_22.json","???????","????","legacy","1","3"
"dreams_batch_22.json","???????","??????","legacy","1","3"
"dreams_batch_22.json","???????","???????","legacy","1","3"
"dreams_batch_22.json","???????","??????","legacy","1","3"
"dreams_batch_22.json","???????","?????????","legacy","1","3"
"dreams_batch_22.json","???????","??????????????","legacy","1","3"
"dreams_batch_22.json","???????","??????","legacy","1","3"
"dreams_batch_22.json","???????","?????","legacy","1","3"
"dreams_batch_22.json","???????","???????","legacy","1","3"
"dreams_batch_22.json","???????","????????","legacy","1","3"
"dreams_batch_22.json","???????","????????","legacy","1","3"
"dreams_batch_22.json","???????","????","legacy","1","3"
"dreams_batch_22.json","???????","??????","legacy","1","3"
"dreams_batch_22.json","???????","????????","legacy","1","3"
"dreams_batch_22.json","???????","??????","legacy","1","3"
"dreams_batch_22.json","???????","???????","legacy","1","3"
"dreams_batch_22.json","???????","???????","legacy","1","3"
"dreams_batch_22.json","???????","?????????","legacy","1","3"
"dreams_batch_22.json","???????","??????","legacy","1","3"
"dreams_batch_22.json","???????","??????","legacy","1","3"
"dreams_batch_22.json","???????","?????????","legacy","1","3"
"dreams_batch_22.json","???????","????????","legacy","1","3"
"dreams_batch_22.json","???????","?????","legacy","1","3"
"dreams_batch_22.json","???????","????","legacy","1","3"
"dreams_batch_22.json","???????","?????","legacy","1","3"
"dreams_batch_22.json","???????","????","legacy","1","3"
"dreams_batch_22.json","???????","?????????????","legacy","1","3"
"dreams_batch_22.json","???????","???????","legacy","1","3"
"dreams_batch_22.json","???????","???????","legacy","1","3"
"dreams_batch_22.json","???????","?????????","legacy","1","3"
"dreams_batch_22.json","???????","?????","legacy","1","3"
"dreams_batch_22.json","???????","??????","legacy","1","3"
"dreams_batch_22.json","???????","????","legacy","1","3"
"dreams_batch_22.json","???????","???????","legacy","1","3"
"dreams_batch_22.json","???????","?????","legacy","1","3"
"dreams_batch_22.json","???????","??????","legacy","1","3"
"dreams_batch_22.json","???????","????","legacy","1","3"
"dreams_batch_22.json","???????","???? (??????)","legacy","1","3"
"dreams_batch_22.json","???????","????????","legacy","1","3"
"dreams_batch_22.json","???????","?????","legacy","1","3"
"dreams_batch_22.json","???????","???????????","legacy","1","3"
"dreams_batch_22.json","???????","?????","legacy","1","3"
"dreams_batch_22.json","???????","??????","legacy","1","3"
"dreams_batch_22.json","???????","???????","legacy","1","3"
"dreams_batch_22.json","???????","??????","legacy","1","3"
"dreams_batch_22.json","???????","???","legacy","1","3"
"dreams_batch_22.json","???????","???????","legacy","1","3"
"dreams_batch_22.json","???????","?????","legacy","1","3"
"dreams_batch_22.json","???????","???????","legacy","1","3"
"dreams_batch_22.json","???????","????","legacy","1","3"
"dreams_batch_22.json","???????","????","legacy","1","3"
"dreams_batch_22.json","???????","?????","legacy","1","3"
"dreams_batch_22.json","???????","????","legacy","1","3"
"dreams_batch_22.json","???????","??????","legacy","1","3"
"dreams_batch_22.json","???????","????????","legacy","1","3"
"dreams_batch_22.json","???????","??????","legacy","1","3"
"dreams_batch_22.json","???????","????????","legacy","1","3"
"dreams_batch_22.json","???????","???","legacy","1","3"
"dreams_batch_22.json","???????","????????","legacy","1","3"
"dreams_batch_22.json","???????","???????","legacy","1","3"
"dreams_batch_22.json","???????","????","legacy","1","3"
"dreams_batch_22.json","???????","?????","legacy","1","3"
"dreams_batch_22.json","???????","??????","legacy","1","3"
"dreams_batch_22.json","???????","????????","legacy","1","3"
"dreams_batch_22.json","???????","????","legacy","1","3"
"dreams_batch_22.json","???????","???? (???????)","legacy","1","3"
"dreams_batch_22.json","???????","???? (?????????)","legacy","1","3"
"dreams_batch_22.json","???????","???","legacy","1","3"
"dreams_batch_22.json","???????","?????","legacy","1","3"
"dreams_batch_22.json","???????","?????","legacy","1","3"
"dreams_batch_22.json","???????","?????","legacy","1","3"
"dreams_batch_22.json","???????","??????","legacy","1","3"
"dreams_batch_22.json","???????","????????","legacy","1","3"
"dreams_batch_22.json","???????","???????","legacy","1","3"
"dreams_batch_22.json","???????","??????????","legacy","1","3"
"dreams_batch_22.json","???????","???????","legacy","1","3"
"dreams_batch_22.json","???????","??????????","legacy","1","3"
"dreams_batch_22.json","???????","?????","legacy","1","3"
"dreams_batch_22.json","???????","????","legacy","1","3"
"dreams_batch_22.json","???????","??????","legacy","1","3"
"dreams_batch_22.json","???????","???????","legacy","1","3"
"dreams_batch_22.json","???????","???????","legacy","1","3"
"dreams_batch_22.json","???????","???????","legacy","1","3"
"dreams_batch_22.json","???????","????","legacy","1","3"
"dreams_batch_22.json","???????","?????","legacy","1","3"
"dreams_batch_22.json","???????","????","legacy","1","3"
"dreams_batch_22.json","???????","?????????","legacy","1","3"
"dreams_batch_22.json","???????","???????","legacy","1","3"
"dreams_batch_22.json","???????","???????","legacy","1","3"
"dreams_batch_22.json","???????","????????","legacy","1","3"
"dreams_batch_22.json","???????","??????","legacy","1","3"
"dreams_batch_22.json","???????","??????","legacy","1","3"
"dreams_batch_22.json","???????","????","legacy","1","3"
"dreams_batch_22.json","???????","????????","legacy","1","3"
"dreams_batch_23.json","???????","???","legacy","1","3"
"dreams_batch_23.json","???????","?????","legacy","1","3"
"dreams_batch_23.json","???????","?????????","legacy","1","3"
"dreams_batch_23.json","???????","?????","legacy","1","3"
"dreams_batch_23.json","???????","?????????","legacy","1","3"
"dreams_batch_23.json","???????","????","legacy","1","3"
"dreams_batch_23.json","???????","???","legacy","1","3"
"dreams_batch_23.json","???????","??????","legacy","1","3"
"dreams_batch_23.json","???????","????????","legacy","1","3"
"dreams_batch_23.json","???????","??????","legacy","1","3"
"dreams_batch_23.json","???????","?????","legacy","1","3"
"dreams_batch_23.json","???????","????","legacy","1","3"
"dreams_batch_23.json","???????","?????????","legacy","1","3"
"dreams_batch_23.json","???????","????","legacy","1","3"
"dreams_batch_23.json","???????","?????","legacy","1","3"
"dreams_batch_23.json","???????","????????","legacy","1","3"
"dreams_batch_23.json","???????","???","legacy","1","3"
"dreams_batch_23.json","???????","???????????","legacy","1","3"
"dreams_batch_23.json","???????","?????","legacy","1","3"
"dreams_batch_23.json","???????","??????????","legacy","1","3"
"dreams_batch_23.json","???????","?????????","legacy","1","3"
"dreams_batch_23.json","???????","???????","legacy","1","3"
"dreams_batch_23.json","???????","??????????","legacy","1","3"
"dreams_batch_23.json","???????","?????????","legacy","1","3"
"dreams_batch_23.json","???????","?????","legacy","1","3"
"dreams_batch_23.json","???????","?????","legacy","1","3"
"dreams_batch_23.json","???????","???????","legacy","1","3"
"dreams_batch_23.json","???????","????????","legacy","1","3"
"dreams_batch_23.json","???????","?????????","legacy","1","3"
"dreams_batch_23.json","???????","???????","legacy","1","3"
"dreams_batch_23.json","???????","??????????","legacy","1","3"
"dreams_batch_23.json","???????","?????","legacy","1","3"
"dreams_batch_23.json","???????","???????????","legacy","1","3"
"dreams_batch_23.json","???????","??????","legacy","1","3"
"dreams_batch_23.json","???????","?????","legacy","1","3"
"dreams_batch_23.json","???????","???????????","legacy","1","3"
"dreams_batch_23.json","???????","???????","legacy","1","3"
"dreams_batch_23.json","???????","??????","legacy","1","3"
"dreams_batch_23.json","???????","??????","legacy","1","3"
"dreams_batch_23.json","???????","??????????","legacy","1","3"
"dreams_batch_23.json","???????","??????????????","legacy","1","3"
"dreams_batch_23.json","???????","?????????","legacy","1","3"
"dreams_batch_23.json","???????","???????","legacy","1","3"
"dreams_batch_23.json","???????","?????","legacy","1","3"
"dreams_batch_23.json","???????","????????","legacy","1","3"
"dreams_batch_23.json","???????","???????","legacy","1","3"
"dreams_batch_23.json","???????","??????","legacy","1","3"
"dreams_batch_23.json","???????","??????????","legacy","1","3"
"dreams_batch_23.json","???????","?????","legacy","1","3"
"dreams_batch_23.json","???????","?????????","legacy","1","3"
"dreams_batch_23.json","???????","???????","legacy","1","3"
"dreams_batch_23.json","???????","???????","legacy","1","3"
"dreams_batch_23.json","???????","?????","legacy","1","3"
"dreams_batch_23.json","???????","?????????","legacy","1","3"
"dreams_batch_23.json","???????","????????","legacy","1","3"
"dreams_batch_23.json","???????","??????????","legacy","1","3"
"dreams_batch_23.json","???????","?????","legacy","1","3"
"dreams_batch_23.json","???????","?????????","legacy","1","3"
"dreams_batch_23.json","???????","????????","legacy","1","3"
"dreams_batch_23.json","???????","??????????","legacy","1","3"
"dreams_batch_23.json","???????","?????????","legacy","1","3"
"dreams_batch_23.json","???????","????????","legacy","1","3"
"dreams_batch_23.json","???????","?????????","legacy","1","3"
"dreams_batch_23.json","???????","??????","legacy","1","3"
"dreams_batch_23.json","???????","?????????","legacy","1","3"
"dreams_batch_23.json","???????","????","legacy","1","3"
"dreams_batch_23.json","???????","???????","legacy","1","3"
"dreams_batch_23.json","???????","?????","legacy","1","3"
"dreams_batch_23.json","???????","????????","legacy","1","3"
"dreams_batch_23.json","???????","?????????","legacy","1","3"
"dreams_batch_23.json","???????","??????","legacy","1","3"
"dreams_batch_23.json","???????","?????","legacy","1","3"
"dreams_batch_23.json","???????","?????????","legacy","1","3"
"dreams_batch_23.json","???????","????","legacy","1","3"
"dreams_batch_23.json","???????","?????","legacy","1","3"
"dreams_batch_23.json","???????","????????????????","legacy","1","3"
"dreams_batch_23.json","???????","?????","legacy","1","3"
"dreams_batch_23.json","???????","????","legacy","1","3"
"dreams_batch_23.json","???????","?????","legacy","1","3"
"dreams_batch_23.json","???????","???","legacy","1","3"
"dreams_batch_23.json","???????","????? ???","legacy","1","3"
"dreams_batch_23.json","???????","???","legacy","1","3"
"dreams_batch_23.json","???????","???????","legacy","1","3"
"dreams_batch_23.json","???????","????","legacy","1","3"
"dreams_batch_23.json","???????","?????","legacy","1","3"
"dreams_batch_23.json","???????","????","legacy","1","3"
"dreams_batch_23.json","???????","???","legacy","1","3"
"dreams_batch_23.json","???????","???????","legacy","1","3"
"dreams_batch_23.json","???????","?????","legacy","1","3"
"dreams_batch_23.json","???????","????","legacy","1","3"
"dreams_batch_23.json","???????","??????","legacy","1","3"
"dreams_batch_23.json","???????","????","legacy","1","3"
"dreams_batch_23.json","???????","????","legacy","1","3"
"dreams_batch_23.json","???????","??????","legacy","1","3"
"dreams_batch_23.json","???????","??????","legacy","1","3"
"dreams_batch_23.json","???????","?????","legacy","1","3"
"dreams_batch_23.json","???????","???????????","legacy","1","3"
"dreams_batch_23.json","???????","????","legacy","1","3"
"dreams_batch_23.json","???????","?????","legacy","1","3"
"dreams_batch_23.json","???????","?????","legacy","1","3"
"dreams_batch_24.json","???????","????","legacy","1","3"
"dreams_batch_24.json","???????","????????","legacy","1","3"
"dreams_batch_24.json","???????","??????","legacy","1","3"
"dreams_batch_24.json","???????","???????","legacy","1","3"
"dreams_batch_24.json","???????","????????","legacy","1","3"
"dreams_batch_24.json","???????","??????","legacy","1","3"
"dreams_batch_24.json","???????","??????","legacy","1","3"
"dreams_batch_24.json","???????","??????????","legacy","1","3"
"dreams_batch_24.json","???????","?????????","legacy","1","3"
"dreams_batch_24.json","???????","?????","legacy","1","3"
"dreams_batch_24.json","???????","???????","legacy","1","3"
"dreams_batch_24.json","???????","????","legacy","1","3"
"dreams_batch_24.json","???????","?????????","legacy","1","3"
"dreams_batch_24.json","???????","?????","legacy","1","3"
"dreams_batch_24.json","???????","??????????? ??????","legacy","1","3"
"dreams_batch_24.json","???????","?????","legacy","1","3"
"dreams_batch_24.json","???????","?????","legacy","1","3"
"dreams_batch_24.json","???????","?????","legacy","1","3"
"dreams_batch_24.json","???????","?????","legacy","1","3"
"dreams_batch_24.json","???????","?????","legacy","1","3"
"dreams_batch_24.json","???????","????","legacy","1","3"
"dreams_batch_24.json","???????","???????","legacy","1","3"
"dreams_batch_24.json","???????","??????","legacy","1","3"
"dreams_batch_24.json","???????","?????","legacy","1","3"
"dreams_batch_24.json","???????","??????","legacy","1","3"
"dreams_batch_24.json","???????","??????","legacy","1","3"
"dreams_batch_24.json","???????","??????","legacy","1","3"
"dreams_batch_24.json","???????","??????","legacy","1","3"
"dreams_batch_24.json","???????","????????","legacy","1","3"
"dreams_batch_24.json","???????","????????","legacy","1","3"
"dreams_batch_24.json","???????","????????","legacy","1","3"
"dreams_batch_24.json","???????","?????","legacy","1","3"
"dreams_batch_24.json","???????","?????","legacy","1","3"
"dreams_batch_24.json","???????","????","legacy","1","3"
"dreams_batch_24.json","???????","????","legacy","1","3"
"dreams_batch_24.json","???????","?????","legacy","1","3"
"dreams_batch_24.json","???????","?????","legacy","1","3"
"dreams_batch_24.json","???????","????","legacy","1","3"
"dreams_batch_24.json","???????","?????","legacy","1","3"
"dreams_batch_24.json","???????","????","legacy","1","3"
"dreams_batch_24.json","???????","?????","legacy","1","3"
"dreams_batch_24.json","???????","????????","legacy","1","3"
"dreams_batch_24.json","???????","?????","legacy","1","3"
"dreams_batch_24.json","???????","?????","legacy","1","3"
"dreams_batch_24.json","???????","????????","legacy","1","3"
"dreams_batch_24.json","???????","??????","legacy","1","3"
"dreams_batch_24.json","???????","???????","legacy","1","3"
"dreams_batch_24.json","???????","?????????","legacy","1","3"
"dreams_batch_24.json","???????","????????","legacy","1","3"
"dreams_batch_24.json","???????","??????","legacy","1","3"
"dreams_batch_24.json","???????","???????????","legacy","1","3"
"dreams_batch_24.json","???????","???????","legacy","1","3"
"dreams_batch_24.json","???????","??????","legacy","1","3"
"dreams_batch_24.json","???????","????","legacy","1","3"
"dreams_batch_24.json","???????","?????????","legacy","1","3"
"dreams_batch_24.json","???????","??????","legacy","1","3"
"dreams_batch_24.json","???????","??????","legacy","1","3"
"dreams_batch_24.json","???????","????? (??????????? ??????????)","legacy","1","3"
"dreams_batch_24.json","???????","????? (????? ????)","legacy","1","3"
"dreams_batch_24.json","???????","????","legacy","1","3"
"dreams_batch_24.json","???????","?????","legacy","1","3"
"dreams_batch_24.json","???????","????","legacy","1","3"
"dreams_batch_24.json","???????","????","legacy","1","3"
"dreams_batch_24.json","???????","????????","legacy","1","3"
"dreams_batch_24.json","???????","??????????","legacy","1","3"
"dreams_batch_24.json","???????","???????","legacy","1","3"
"dreams_batch_24.json","???????","???????","legacy","1","3"
"dreams_batch_24.json","???????","???","legacy","1","3"
"dreams_batch_24.json","???????","?????","legacy","1","3"
"dreams_batch_24.json","???????","?????????","legacy","1","3"
"dreams_batch_24.json","???????","????","legacy","1","3"
"dreams_batch_24.json","???????","?????","legacy","1","3"
"dreams_batch_24.json","???????","???????","legacy","1","3"
"dreams_batch_24.json","???????","???????","legacy","1","3"
"dreams_batch_24.json","???????","????","legacy","1","3"
"dreams_batch_24.json","???????","??????","legacy","1","3"
"dreams_batch_24.json","???????","???????","legacy","1","3"
"dreams_batch_24.json","???????","??????","legacy","1","3"
"dreams_batch_24.json","???????","????????","legacy","1","3"
"dreams_batch_24.json","???????","?????","legacy","1","3"
"dreams_batch_24.json","???????","???????","legacy","1","3"
"dreams_batch_24.json","???????","?????","legacy","1","3"
"dreams_batch_24.json","???????","??????","legacy","1","3"
"dreams_batch_24.json","???????","?????","legacy","1","3"
"dreams_batch_24.json","???????","????","legacy","1","3"
"dreams_batch_24.json","???????","?????","legacy","1","3"
"dreams_batch_24.json","???????","??????????","legacy","1","3"
"dreams_batch_24.json","???????","????????","legacy","1","3"
"dreams_batch_24.json","???????","????????","legacy","1","3"
"dreams_batch_24.json","???????","??????","legacy","1","3"
"dreams_batch_24.json","???????","??????????","legacy","1","3"
"dreams_batch_24.json","???????","?????????","legacy","1","3"
"dreams_batch_24.json","???????","?????????","legacy","1","3"
"dreams_batch_24.json","???????","?????","legacy","1","3"
"dreams_batch_24.json","???????","????????","legacy","1","3"
"dreams_batch_24.json","???????","?????","legacy","1","3"
"dreams_batch_24.json","???????","?????????","legacy","1","3"
"dreams_batch_24.json","???????","????","legacy","1","3"
"dreams_batch_24.json","???????","??????","legacy","1","3"
"dreams_batch_24.json","???????","????????","legacy","1","3"
"dreams_batch_25.json","???????","?????","legacy","1","3"
"dreams_batch_25.json","???????","??????","legacy","1","3"
"dreams_batch_25.json","???????","??????????","legacy","1","3"
"dreams_batch_25.json","???????","????","legacy","1","3"
"dreams_batch_25.json","???????","??????????","legacy","1","3"
"dreams_batch_25.json","???????","???????","legacy","1","3"
"dreams_batch_25.json","???????","?????????","legacy","1","3"
"dreams_batch_25.json","???????","???????","legacy","1","3"
"dreams_batch_25.json","???????","????","legacy","1","3"
"dreams_batch_25.json","???????","???????","legacy","1","3"
"dreams_batch_25.json","???????","??????","legacy","1","3"
"dreams_batch_25.json","???????","??????","legacy","1","3"
"dreams_batch_25.json","???????","??????","legacy","1","3"
"dreams_batch_25.json","???????","???????","legacy","1","3"
"dreams_batch_25.json","???????","??????","legacy","1","3"
"dreams_batch_25.json","???????","???????","legacy","1","3"
"dreams_batch_25.json","???????","?????","legacy","1","3"
"dreams_batch_25.json","???????","?????","legacy","1","3"
"dreams_batch_25.json","???????","??????","legacy","1","3"
"dreams_batch_25.json","???????","??????","legacy","1","3"
"dreams_batch_25.json","???????","???????","legacy","1","3"
"dreams_batch_25.json","???????","????","legacy","1","3"
"dreams_batch_25.json","???????","???? (????)","legacy","1","3"
"dreams_batch_25.json","???????","????????","legacy","1","3"
"dreams_batch_25.json","???????","?????","legacy","1","3"
"dreams_batch_25.json","???????","??????????","legacy","1","3"
"dreams_batch_25.json","???????","???","legacy","1","3"
"dreams_batch_25.json","???????","?????","legacy","1","3"
"dreams_batch_25.json","???????","???????","legacy","1","3"
"dreams_batch_25.json","???????","?????","legacy","1","3"
"dreams_batch_25.json","???????","??????????","legacy","1","3"
"dreams_batch_25.json","???????","????","legacy","1","3"
"dreams_batch_25.json","???????","??????","legacy","1","3"
"dreams_batch_25.json","???????","?????","legacy","1","3"
"dreams_batch_25.json","???????","????????","legacy","1","3"
"dreams_batch_25.json","???????","??????","legacy","1","3"
"dreams_batch_25.json","???????","?????","legacy","1","3"
"dreams_batch_25.json","???????","??????","legacy","1","3"
"dreams_batch_25.json","???????","???????","legacy","1","3"
"dreams_batch_25.json","???????","????????","legacy","1","3"
"dreams_batch_25.json","???????","????????","legacy","1","3"
"dreams_batch_25.json","???????","??????","legacy","1","3"
"dreams_batch_25.json","???????","??????","legacy","1","3"
"dreams_batch_25.json","???????","?????","legacy","1","3"
"dreams_batch_25.json","???????","????","legacy","1","3"
"dreams_batch_25.json","???????","???????","legacy","1","3"
"dreams_batch_25.json","???????","?????","legacy","1","3"
"dreams_batch_25.json","???????","??????","legacy","1","3"
"dreams_batch_25.json","???????","?????","legacy","1","3"
"dreams_batch_25.json","???????","??????","legacy","1","3"
"dreams_batch_25.json","???????","????????","legacy","1","3"
"dreams_batch_25.json","???????","????","legacy","1","3"
"dreams_batch_25.json","???????","?????","legacy","1","3"
"dreams_batch_25.json","???????","??????","legacy","1","3"
"dreams_batch_25.json","???????","??????","legacy","1","3"
"dreams_batch_25.json","???????","???????","legacy","1","3"
"dreams_batch_25.json","???????","??????","legacy","1","3"
"dreams_batch_25.json","???????","???????","legacy","1","3"
"dreams_batch_25.json","???????","??????","legacy","1","3"
"dreams_batch_25.json","???????","?????","legacy","1","3"
"dreams_batch_25.json","???????","????????","legacy","1","3"
"dreams_batch_25.json","???????","?????????","legacy","1","3"
"dreams_batch_25.json","???????","???????","legacy","1","3"
"dreams_batch_25.json","???????","???????","legacy","1","3"
"dreams_batch_25.json","???????","?????????","legacy","1","3"
"dreams_batch_25.json","???????","???????????","legacy","1","3"
"dreams_batch_25.json","???????","???????","legacy","1","3"
"dreams_batch_25.json","???????","????????","legacy","1","3"
"dreams_batch_25.json","???????","?????????","legacy","1","3"
"dreams_batch_25.json","???????","????????","legacy","1","3"
"dreams_batch_25.json","???????","?????????","legacy","1","3"
"dreams_batch_25.json","???????","?????????","legacy","1","3"
"dreams_batch_25.json","???????","??????","legacy","1","3"
"dreams_batch_25.json","???????","??????","legacy","1","3"
"dreams_batch_25.json","???????","??????","legacy","1","3"
"dreams_batch_25.json","???????","??????","legacy","1","3"
"dreams_batch_25.json","???????","????????","legacy","1","3"
"dreams_batch_25.json","???????","???????????","legacy","1","3"
"dreams_batch_25.json","???????","????????","legacy","1","3"
"dreams_batch_25.json","???????","??????????","legacy","1","3"
"dreams_batch_25.json","???????","???????","legacy","1","3"
"dreams_batch_25.json","???????","????????","legacy","1","3"
"dreams_batch_25.json","???????","???","legacy","1","3"
"dreams_batch_25.json","???????","?????","legacy","1","3"
"dreams_batch_25.json","???????","????? (????????)","legacy","1","3"
"dreams_batch_25.json","???????","?????????","legacy","1","3"
"dreams_batch_25.json","???????","????????","legacy","1","3"
"dreams_batch_25.json","???????","????????","legacy","1","3"
"dreams_batch_25.json","???????","????????","legacy","1","3"
"dreams_batch_25.json","???????","?????","legacy","1","3"
"dreams_batch_25.json","???????","??????","legacy","1","3"
"dreams_batch_25.json","???????","?????????","legacy","1","3"
"dreams_batch_25.json","???????","??????","legacy","1","3"
"dreams_batch_25.json","???????","??????","legacy","1","3"
"dreams_batch_25.json","???????","??????","legacy","1","3"
"dreams_batch_25.json","???????","???????","legacy","1","3"
"dreams_batch_25.json","???????","?????","legacy","1","3"
"dreams_batch_25.json","???????","????","legacy","1","3"
"dreams_batch_25.json","???????","??????","legacy","1","3"
"dreams_batch_25.json","???????","???????","legacy","1","3"
"dreams_batch_26.json","???????","???????","legacy","1","3"
"dreams_batch_26.json","???????","????","legacy","1","3"
"dreams_batch_26.json","???????","???","legacy","1","3"
"dreams_batch_26.json","???????","?????","legacy","1","3"
"dreams_batch_26.json","???????","??????","legacy","1","3"
"dreams_batch_26.json","???????","????","legacy","1","3"
"dreams_batch_26.json","???????","?????","legacy","1","3"
"dreams_batch_26.json","???????","???????","legacy","1","3"
"dreams_batch_26.json","???????","??????","legacy","1","3"
"dreams_batch_26.json","???????","????????","legacy","1","3"
"dreams_batch_26.json","???????","?????","legacy","1","3"
"dreams_batch_26.json","???????","?????","legacy","1","3"
"dreams_batch_26.json","???????","????????","legacy","1","3"
"dreams_batch_26.json","???????","????????","legacy","1","3"
"dreams_batch_26.json","???????","??????","legacy","1","3"
"dreams_batch_26.json","???????","???????","legacy","1","3"
"dreams_batch_26.json","???????","????????","legacy","1","3"
"dreams_batch_26.json","???????","?????","legacy","1","3"
"dreams_batch_26.json","???????","?????","legacy","1","3"
"dreams_batch_26.json","???????","????","legacy","1","3"
"dreams_batch_26.json","???????","??????","legacy","1","3"
"dreams_batch_26.json","???????","????????","legacy","1","3"
"dreams_batch_26.json","???????","??????","legacy","1","3"
"dreams_batch_26.json","???????","??????","legacy","1","3"
"dreams_batch_26.json","???????","??????","legacy","1","3"
"dreams_batch_26.json","???????","???????","legacy","1","3"
"dreams_batch_26.json","???????","??????????","legacy","1","3"
"dreams_batch_26.json","???????","????????????","legacy","1","3"
"dreams_batch_26.json","???????","??????","legacy","1","3"
"dreams_batch_26.json","???????","?????","legacy","1","3"
"dreams_batch_26.json","???????","???????","legacy","1","3"
"dreams_batch_26.json","???????","?????????","legacy","1","3"
"dreams_batch_26.json","???????","????????","legacy","1","3"
"dreams_batch_26.json","???????","????????","legacy","1","3"
"dreams_batch_26.json","???????","?????","legacy","1","3"
"dreams_batch_26.json","???????","??????","legacy","1","3"
"dreams_batch_26.json","???????","??????","legacy","1","3"
"dreams_batch_26.json","???????","?????","legacy","1","3"
"dreams_batch_26.json","???????","????","legacy","1","3"
"dreams_batch_26.json","???????","????????","legacy","1","3"
"dreams_batch_26.json","???????","????","legacy","1","3"
"dreams_batch_26.json","???????","?????????","legacy","1","3"
"dreams_batch_26.json","???????","????","legacy","1","3"
"dreams_batch_26.json","???????","?????","legacy","1","3"
"dreams_batch_26.json","???????","?????","legacy","1","3"
"dreams_batch_26.json","???????","????","legacy","1","3"
"dreams_batch_26.json","???????","??????","legacy","1","3"
"dreams_batch_26.json","???????","???????","legacy","1","3"
"dreams_batch_26.json","???????","?????","legacy","1","3"
"dreams_batch_26.json","???????","????????","legacy","1","3"
"dreams_batch_26.json","???????","???????","legacy","1","3"
"dreams_batch_26.json","???????","?????","legacy","1","3"
"dreams_batch_26.json","???????","?????","legacy","1","3"
"dreams_batch_26.json","???????","???????","legacy","1","3"
"dreams_batch_26.json","???????","???????","legacy","1","3"
"dreams_batch_26.json","???????","?????","legacy","1","3"
"dreams_batch_26.json","???????","??????","legacy","1","3"
"dreams_batch_26.json","???????","???????","legacy","1","3"
"dreams_batch_26.json","???????","????","legacy","1","3"
"dreams_batch_26.json","???????","??????","legacy","1","3"
"dreams_batch_26.json","???????","????","legacy","1","3"
"dreams_batch_26.json","???????","????","legacy","1","3"
"dreams_batch_26.json","???????","?????????","legacy","1","3"
"dreams_batch_26.json","???????","?????","legacy","1","3"
"dreams_batch_26.json","???????","??????","legacy","1","3"
"dreams_batch_26.json","???????","???????","legacy","1","3"
"dreams_batch_26.json","???????","???????","legacy","1","3"
"dreams_batch_26.json","???????","???????","legacy","1","3"
"dreams_batch_26.json","???????","???????????","legacy","1","3"
"dreams_batch_26.json","???????","??????????","legacy","1","3"
"dreams_batch_26.json","???????","???????","legacy","1","3"
"dreams_batch_26.json","???????","?????????","legacy","1","3"
"dreams_batch_26.json","???????","??????","legacy","1","3"
"dreams_batch_26.json","???????","??????","legacy","1","3"
"dreams_batch_26.json","???????","??????????","legacy","1","3"
"dreams_batch_26.json","???????","??????","legacy","1","3"
"dreams_batch_26.json","???????","???????","legacy","1","3"
"dreams_batch_26.json","???????","??????","legacy","1","3"
"dreams_batch_26.json","???????","????????","legacy","1","3"
"dreams_batch_26.json","???????","????????? ?????","legacy","1","3"
"dreams_batch_26.json","???????","??????","legacy","1","3"
"dreams_batch_26.json","???????","????????","legacy","1","3"
"dreams_batch_26.json","???????","????????","legacy","1","3"
"dreams_batch_26.json","???????","??????","legacy","1","3"
"dreams_batch_26.json","???????","???????","legacy","1","3"
"dreams_batch_26.json","???????","??????","legacy","1","3"
"dreams_batch_26.json","???????","????????","legacy","1","3"
"dreams_batch_26.json","???????","??????","legacy","1","3"
"dreams_batch_26.json","???????","??????????","legacy","1","3"
"dreams_batch_26.json","???????","??????????","legacy","1","3"
"dreams_batch_26.json","???????","???????","legacy","1","3"
"dreams_batch_26.json","???????","???????","legacy","1","3"
"dreams_batch_26.json","???????","???????","legacy","1","3"
"dreams_batch_26.json","???????","???????","legacy","1","3"
"dreams_batch_26.json","???????","??????","legacy","1","3"
"dreams_batch_26.json","???????","?????","legacy","1","3"
"dreams_batch_26.json","???????","???????","legacy","1","3"
"dreams_batch_26.json","???????","?????","legacy","1","3"
"dreams_batch_26.json","???????","????????","legacy","1","3"
"dreams_batch_26.json","???????","?????????","legacy","1","3"
"dreams_batch_27.json","???????","????","legacy","1","3"
"dreams_batch_27.json","???????","????????????","legacy","1","3"
"dreams_batch_27.json","???????","?????","legacy","1","3"
"dreams_batch_27.json","???????","?????","legacy","1","3"
"dreams_batch_27.json","???????","?????","legacy","1","3"
"dreams_batch_27.json","???????","?????","legacy","1","3"
"dreams_batch_27.json","???????","????????","legacy","1","3"
"dreams_batch_27.json","???????","????????","legacy","1","3"
"dreams_batch_27.json","???????","????????","legacy","1","3"
"dreams_batch_27.json","???????","?????????","legacy","1","3"
"dreams_batch_27.json","???????","??????????","legacy","1","3"
"dreams_batch_27.json","???????","?????","legacy","1","3"
"dreams_batch_27.json","???????","????????","legacy","1","3"
"dreams_batch_27.json","???????","???????????","legacy","1","3"
"dreams_batch_27.json","???????","?????????","legacy","1","3"
"dreams_batch_27.json","???????","????????","legacy","1","3"
"dreams_batch_27.json","???????","???????","legacy","1","3"
"dreams_batch_27.json","???????","???","legacy","1","3"
"dreams_batch_27.json","???????","????","legacy","1","3"
"dreams_batch_27.json","???????","?????","legacy","1","3"
"dreams_batch_27.json","???????","???????????","legacy","1","3"
"dreams_batch_27.json","???????","???????????","legacy","1","3"
"dreams_batch_27.json","???????","???????","legacy","1","3"
"dreams_batch_27.json","???????","????????","legacy","1","3"
"dreams_batch_27.json","???????","???????","legacy","1","3"
"dreams_batch_27.json","???????","??????","legacy","1","3"
"dreams_batch_27.json","???????","?????????","legacy","1","3"
"dreams_batch_27.json","???????","???????????","legacy","1","3"
"dreams_batch_27.json","???????","??????","legacy","1","3"
"dreams_batch_27.json","???????","?????","legacy","1","3"
"dreams_batch_27.json","???????","??????","legacy","1","3"
"dreams_batch_27.json","???????","????????","legacy","1","3"
"dreams_batch_27.json","???????","??????","legacy","1","3"
"dreams_batch_27.json","???????","????????","legacy","1","3"
"dreams_batch_27.json","???????","???????????","legacy","1","3"
"dreams_batch_27.json","???????","???????","legacy","1","3"
"dreams_batch_27.json","???????","???????","legacy","1","3"
"dreams_batch_27.json","???????","????????","legacy","1","3"
"dreams_batch_27.json","???????","??????","legacy","1","3"
"dreams_batch_27.json","???????","????","legacy","1","3"
"dreams_batch_27.json","???????","????????","legacy","1","3"
"dreams_batch_27.json","???????","??????","legacy","1","3"
"dreams_batch_27.json","???????","????????","legacy","1","3"
"dreams_batch_27.json","???????","???????","legacy","1","3"
"dreams_batch_27.json","???????","???????","legacy","1","3"
"dreams_batch_27.json","???????","????????","legacy","1","3"
"dreams_batch_27.json","???????","???????","legacy","1","3"
"dreams_batch_27.json","???????","?????","legacy","1","3"
"dreams_batch_27.json","???????","??????","legacy","1","3"
"dreams_batch_27.json","???????","?????","legacy","1","3"
"dreams_batch_27.json","???????","????","legacy","1","3"
"dreams_batch_27.json","???????","???????","legacy","1","3"
"dreams_batch_27.json","???????","???????","legacy","1","3"
"dreams_batch_27.json","???????","????????","legacy","1","3"
"dreams_batch_27.json","???????","????????","legacy","1","3"
"dreams_batch_27.json","???????","??????","legacy","1","3"
"dreams_batch_27.json","???????","?????","legacy","1","3"
"dreams_batch_27.json","???????","???????","legacy","1","3"
"dreams_batch_27.json","???????","???????","legacy","1","3"
"dreams_batch_27.json","???????","???????","legacy","1","3"
"dreams_batch_27.json","???????","?????????","legacy","1","3"
"dreams_batch_27.json","???????","????????","legacy","1","3"
"dreams_batch_27.json","???????","?????????","legacy","1","3"
"dreams_batch_27.json","???????","??????????????????","legacy","1","3"
"dreams_batch_27.json","???????","??????????","legacy","1","3"
"dreams_batch_27.json","???????","?????????","legacy","1","3"
"dreams_batch_27.json","???????","???????","legacy","1","3"
"dreams_batch_27.json","???????","??????????","legacy","1","3"
"dreams_batch_27.json","???????","???? (???????????)","legacy","1","3"
"dreams_batch_27.json","???????","???????","legacy","1","3"
"dreams_batch_27.json","???????","??????????","legacy","1","3"
"dreams_batch_27.json","???????","??????","legacy","1","3"
"dreams_batch_27.json","???????","???????","legacy","1","3"
"dreams_batch_27.json","???????","???","legacy","1","3"
"dreams_batch_27.json","???????","?????","legacy","1","3"
"dreams_batch_27.json","???????","???????","legacy","1","3"
"dreams_batch_27.json","???????","?????","legacy","1","3"
"dreams_batch_27.json","???????","???????","legacy","1","3"
"dreams_batch_27.json","???????","??????????","legacy","1","3"
"dreams_batch_27.json","???????","?????","legacy","1","3"
"dreams_batch_27.json","???????","???????","legacy","1","3"
"dreams_batch_27.json","???????","???????????","legacy","1","3"
"dreams_batch_27.json","???????","????????","legacy","1","3"
"dreams_batch_27.json","???????","???????","legacy","1","3"
"dreams_batch_27.json","???????","????? (??????)","legacy","1","3"
"dreams_batch_27.json","???????","????? (?????)","legacy","1","3"
"dreams_batch_27.json","???????","?????","legacy","1","3"
"dreams_batch_27.json","???????","?????????","legacy","1","3"
"dreams_batch_27.json","???????","???????","legacy","1","3"
"dreams_batch_27.json","???????","????????","legacy","1","3"
"dreams_batch_27.json","???????","??????","legacy","1","3"
"dreams_batch_27.json","???????","????","legacy","1","3"
"dreams_batch_27.json","???????","????","legacy","1","3"
"dreams_batch_27.json","???????","??????????","legacy","1","3"
"dreams_batch_27.json","???????","??????","legacy","1","3"
"dreams_batch_27.json","???????","?????????","legacy","1","3"
"dreams_batch_27.json","???????","???????","legacy","1","3"
"dreams_batch_27.json","???????","?????????????","legacy","1","3"
"dreams_batch_27.json","???????","??????????","legacy","1","3"
"dreams_batch_27.json","???????","??????????","legacy","1","3"
"dreams_batch_28.json","???????","??????????","legacy","1","3"
"dreams_batch_28.json","???????","????????","legacy","1","3"
"dreams_batch_28.json","???????","????????","legacy","1","3"
"dreams_batch_28.json","???????","?????????????","legacy","1","3"
"dreams_batch_28.json","???????","??????","legacy","1","3"
"dreams_batch_28.json","???????","???????????","legacy","1","3"
"dreams_batch_28.json","???????","???????","legacy","1","3"
"dreams_batch_28.json","???????","????????????","legacy","1","3"
"dreams_batch_28.json","???????","?????????????","legacy","1","3"
"dreams_batch_28.json","???????","??????????????","legacy","1","3"
"dreams_batch_28.json","???????","?????????","legacy","1","3"
"dreams_batch_28.json","???????","?????????","legacy","1","3"
"dreams_batch_28.json","???????","??????","legacy","1","3"
"dreams_batch_28.json","???????","???????????","legacy","1","3"
"dreams_batch_28.json","???????","?????","legacy","1","3"
"dreams_batch_28.json","???????","???????","legacy","1","3"
"dreams_batch_28.json","???????","????????????","legacy","1","3"
"dreams_batch_28.json","???????","?????????","legacy","1","3"
"dreams_batch_28.json","???????","??????","legacy","1","3"
"dreams_batch_28.json","???????","???????","legacy","1","3"
"dreams_batch_28.json","???????","????????","legacy","1","3"
"dreams_batch_28.json","???????","??????????","legacy","1","3"
"dreams_batch_28.json","???????","?????????????","legacy","1","3"
"dreams_batch_28.json","???????","????????","legacy","1","3"
"dreams_batch_28.json","???????","????????","legacy","1","3"
"dreams_batch_28.json","???????","??????","legacy","1","3"
"dreams_batch_28.json","???????","???????????","legacy","1","3"
"dreams_batch_28.json","???????","??????","legacy","1","3"
"dreams_batch_28.json","???????","????????","legacy","1","3"
"dreams_batch_28.json","???????","???????","legacy","1","3"
"dreams_batch_28.json","???????","??????????","legacy","1","3"
"dreams_batch_28.json","???????","?????","legacy","1","3"
"dreams_batch_28.json","???????","?????????","legacy","1","3"
"dreams_batch_28.json","???????","????????","legacy","1","3"
"dreams_batch_28.json","???????","?????????","legacy","1","3"
"dreams_batch_28.json","???????","????????","legacy","1","3"
"dreams_batch_28.json","???????","???????","legacy","1","3"
"dreams_batch_28.json","???????","?????????","legacy","1","3"
"dreams_batch_28.json","???????","???????","legacy","1","3"
"dreams_batch_28.json","???????","???????????","legacy","1","3"
"dreams_batch_28.json","???????","??????","legacy","1","3"
"dreams_batch_28.json","???????","??????","legacy","1","3"
"dreams_batch_28.json","???????","??????","legacy","1","3"
"dreams_batch_28.json","???????","????????","legacy","1","3"
"dreams_batch_28.json","???????","???????","legacy","1","3"
"dreams_batch_28.json","???????","?????","legacy","1","3"
"dreams_batch_28.json","???????","????????","legacy","1","3"
"dreams_batch_28.json","???????","??????","legacy","1","3"
"dreams_batch_28.json","???????","????????","legacy","1","3"
"dreams_batch_28.json","???????","?????????","legacy","1","3"
"dreams_batch_28.json","???????","???????","legacy","1","3"
"dreams_batch_28.json","???????","????????","legacy","1","3"
"dreams_batch_28.json","???????","????????","legacy","1","3"
"dreams_batch_28.json","???????","???????????","legacy","1","3"
"dreams_batch_28.json","???????","???????","legacy","1","3"
"dreams_batch_28.json","???????","??????","legacy","1","3"
"dreams_batch_28.json","???????","?????????","legacy","1","3"
"dreams_batch_28.json","???????","????????","legacy","1","3"
"dreams_batch_28.json","???????","???????","legacy","1","3"
"dreams_batch_28.json","???????","??????","legacy","1","3"
"dreams_batch_28.json","???????","????????","legacy","1","3"
"dreams_batch_28.json","???????","??????????","legacy","1","3"
"dreams_batch_28.json","???????","??????","legacy","1","3"
"dreams_batch_28.json","???????","??????","legacy","1","3"
"dreams_batch_28.json","???????","????????","legacy","1","3"
"dreams_batch_28.json","???????","???????","legacy","1","3"
"dreams_batch_28.json","???????","????????","legacy","1","3"
"dreams_batch_28.json","???????","??????","legacy","1","3"
"dreams_batch_28.json","???????","???????","legacy","1","3"
"dreams_batch_28.json","???????","??????","legacy","1","3"
"dreams_batch_28.json","???????","???????????","legacy","1","3"
"dreams_batch_28.json","???????","????????","legacy","1","3"
"dreams_batch_28.json","???????","???????","legacy","1","3"
"dreams_batch_28.json","???????","??????","legacy","1","3"
"dreams_batch_28.json","???????","?????????","legacy","1","3"
"dreams_batch_28.json","???????","????????","legacy","1","3"
"dreams_batch_28.json","???????","?????????","legacy","1","3"
"dreams_batch_28.json","???????","?????????","legacy","1","3"
"dreams_batch_28.json","???????","???????","legacy","1","3"
"dreams_batch_28.json","???????","??????","legacy","1","3"
"dreams_batch_28.json","???????","???????","legacy","1","3"
"dreams_batch_28.json","???????","???????","legacy","1","3"
"dreams_batch_28.json","???????","?????????","legacy","1","3"
"dreams_batch_28.json","???????","????????","legacy","1","3"
"dreams_batch_28.json","???????","????","legacy","1","3"
"dreams_batch_28.json","???????","???????","legacy","1","3"
"dreams_batch_28.json","???????","??????","legacy","1","3"
"dreams_batch_28.json","???????","??????","legacy","1","3"
"dreams_batch_28.json","???????","??????","legacy","1","3"
"dreams_batch_28.json","???????","??????","legacy","1","3"
"dreams_batch_28.json","???????","??????","legacy","1","3"
"dreams_batch_28.json","???????","???????","legacy","1","3"
"dreams_batch_28.json","???????","????????","legacy","1","3"
"dreams_batch_28.json","???????","???","legacy","1","3"
"dreams_batch_28.json","???????","?????","legacy","1","3"
"dreams_batch_28.json","???????","??????","legacy","1","3"
"dreams_batch_28.json","???????","?????","legacy","1","3"
"dreams_batch_28.json","???????","?????","legacy","1","3"
"dreams_batch_28.json","???????","????","legacy","1","3"
"dreams_batch_28.json","???????","?????","legacy","1","3"
"dreams_batch_29.json","???????","??????????????","legacy","1","3"
"dreams_batch_29.json","???????","???","legacy","1","3"
"dreams_batch_29.json","???????","????????","legacy","1","3"
"dreams_batch_29.json","???????","?????","legacy","1","3"
"dreams_batch_29.json","???????","??????","legacy","1","3"
"dreams_batch_29.json","???????","????","legacy","1","3"
"dreams_batch_29.json","???????","???????","legacy","1","3"
"dreams_batch_29.json","???????","???????","legacy","1","3"
"dreams_batch_29.json","???????","???????","legacy","1","3"
"dreams_batch_29.json","???????","??????","legacy","1","3"
"dreams_batch_29.json","???????","????","legacy","1","3"
"dreams_batch_29.json","???????","???","legacy","1","3"
"dreams_batch_29.json","???????","?????","legacy","1","3"
"dreams_batch_29.json","???????","?????","legacy","1","3"
"dreams_batch_29.json","???????","???????","legacy","1","3"
"dreams_batch_29.json","???????","???????","legacy","1","3"
"dreams_batch_29.json","???????","????","legacy","1","3"
"dreams_batch_29.json","???????","??????","legacy","1","3"
"dreams_batch_29.json","???????","?????","legacy","1","3"
"dreams_batch_29.json","???????","?????","legacy","1","3"
"dreams_batch_29.json","???????","???????","legacy","1","3"
"dreams_batch_29.json","???????","?????","legacy","1","3"
"dreams_batch_29.json","???????","?????","legacy","1","3"
"dreams_batch_29.json","???????","???","legacy","1","3"
"dreams_batch_29.json","???????","??????","legacy","1","3"
"dreams_batch_29.json","???????","???????","legacy","1","3"
"dreams_batch_29.json","???????","???????","legacy","1","3"
"dreams_batch_29.json","???????","??????????","legacy","1","3"
"dreams_batch_29.json","???????","??????????","legacy","1","3"
"dreams_batch_29.json","???????","????????","legacy","1","3"
"dreams_batch_29.json","???????","?????","legacy","1","3"
"dreams_batch_29.json","???????","??????","legacy","1","3"
"dreams_batch_29.json","???????","??????","legacy","1","3"
"dreams_batch_29.json","???????","????????","legacy","1","3"
"dreams_batch_29.json","???????","??????","legacy","1","3"
"dreams_batch_29.json","???????","????????","legacy","1","3"
"dreams_batch_29.json","???????","??????","legacy","1","3"
"dreams_batch_29.json","???????","???????","legacy","1","3"
"dreams_batch_29.json","???????","??????","legacy","1","3"
"dreams_batch_29.json","???????","??????","legacy","1","3"
"dreams_batch_29.json","???????","???????","legacy","1","3"
"dreams_batch_29.json","???????","?????????","legacy","1","3"
"dreams_batch_29.json","???????","??????","legacy","1","3"
"dreams_batch_29.json","???????","??????","legacy","1","3"
"dreams_batch_29.json","???????","??????","legacy","1","3"
"dreams_batch_29.json","???????","?????","legacy","1","3"
"dreams_batch_29.json","???????","???","legacy","1","3"
"dreams_batch_29.json","???????","??????","legacy","1","3"
"dreams_batch_29.json","???????","????????","legacy","1","3"
"dreams_batch_29.json","???????","??????","legacy","1","3"
"dreams_batch_29.json","???????","????","legacy","1","3"
"dreams_batch_29.json","???????","????","legacy","1","3"
"dreams_batch_29.json","???????","?????","legacy","1","3"
"dreams_batch_29.json","???????","???????","legacy","1","3"
"dreams_batch_29.json","???????","????????","legacy","1","3"
"dreams_batch_29.json","???????","???????","legacy","1","3"
"dreams_batch_29.json","???????","?????????","legacy","1","3"
"dreams_batch_29.json","???????","??????????","legacy","1","3"
"dreams_batch_29.json","???????","????????","legacy","1","3"
"dreams_batch_29.json","???????","??????","legacy","1","3"
"dreams_batch_29.json","???????","???????","legacy","1","3"
"dreams_batch_29.json","???????","??????","legacy","1","3"
"dreams_batch_29.json","???????","?????????","legacy","1","3"
"dreams_batch_29.json","???????","??????????","legacy","1","3"
"dreams_batch_29.json","???????","??????","legacy","1","3"
"dreams_batch_29.json","???????","?????","legacy","1","3"
"dreams_batch_29.json","???????","???????","legacy","1","3"
"dreams_batch_29.json","???????","??????????","legacy","1","3"
"dreams_batch_29.json","???????","???????","legacy","1","3"
"dreams_batch_29.json","???????","?????","legacy","1","3"
"dreams_batch_29.json","???????","?????","legacy","1","3"
"dreams_batch_29.json","???????","??????","legacy","1","3"
"dreams_batch_29.json","???????","????????","legacy","1","3"
"dreams_batch_29.json","???????","?????????","legacy","1","3"
"dreams_batch_29.json","???????","???????????","legacy","1","3"
"dreams_batch_29.json","???????","?????????","legacy","1","3"
"dreams_batch_29.json","???????","????????","legacy","1","3"
"dreams_batch_29.json","???????","?????","legacy","1","3"
"dreams_batch_29.json","???????","????????","legacy","1","3"
"dreams_batch_29.json","???????","??????","legacy","1","3"
"dreams_batch_29.json","???????","??????","legacy","1","3"
"dreams_batch_29.json","???????","????????","legacy","1","3"
"dreams_batch_29.json","???????","?????????","legacy","1","3"
"dreams_batch_29.json","???????","????","legacy","1","3"
"dreams_batch_29.json","???????","???????","legacy","1","3"
"dreams_batch_29.json","???????","??????","legacy","1","3"
"dreams_batch_29.json","???????","????????","legacy","1","3"
"dreams_batch_29.json","???????","??????","legacy","1","3"
"dreams_batch_29.json","???????","??????","legacy","1","3"
"dreams_batch_29.json","???????","??????","legacy","1","3"
"dreams_batch_29.json","???????","??????","legacy","1","3"
"dreams_batch_29.json","???????","???????","legacy","1","3"
"dreams_batch_29.json","???????","?????????","legacy","1","3"
"dreams_batch_29.json","???????","???????","legacy","1","3"
"dreams_batch_29.json","???????","???????????","legacy","1","3"
"dreams_batch_29.json","???????","????????","legacy","1","3"
"dreams_batch_29.json","???????","??????","legacy","1","3"
"dreams_batch_29.json","???????","???????","legacy","1","3"
"dreams_batch_29.json","???????","???????","legacy","1","3"
"dreams_batch_29.json","???????","??????","legacy","1","3"
"dreams_batch_3.json","???????","???????","legacy","1","3"
"dreams_batch_3.json","???????","?????","legacy","1","3"
"dreams_batch_3.json","???????","?????","legacy","1","3"
"dreams_batch_3.json","???????","?????","legacy","1","3"
"dreams_batch_3.json","???????","????????????","legacy","1","3"
"dreams_batch_3.json","???????","??????","legacy","1","3"
"dreams_batch_3.json","???????","????????????","legacy","1","3"
"dreams_batch_3.json","???????","???","legacy","1","3"
"dreams_batch_3.json","???????","??????","legacy","1","3"
"dreams_batch_3.json","???????","?????????????","legacy","1","3"
"dreams_batch_3.json","???????","??????????","legacy","1","3"
"dreams_batch_3.json","???????","?????","legacy","1","3"
"dreams_batch_3.json","???????","??????????","legacy","1","3"
"dreams_batch_3.json","???????","??????","legacy","1","3"
"dreams_batch_3.json","???????","?????","legacy","1","3"
"dreams_batch_3.json","???????","???????","legacy","1","3"
"dreams_batch_3.json","???????","????","legacy","1","3"
"dreams_batch_3.json","???????","?????","legacy","1","3"
"dreams_batch_3.json","???????","??????","legacy","1","3"
"dreams_batch_3.json","???????","?????","legacy","1","3"
"dreams_batch_3.json","???????","?????","legacy","1","3"
"dreams_batch_3.json","???????","???","legacy","1","3"
"dreams_batch_3.json","???????","?????","legacy","1","3"
"dreams_batch_3.json","???????","?????????????","legacy","1","3"
"dreams_batch_3.json","???????","????????????","legacy","1","3"
"dreams_batch_3.json","???????","??????????","legacy","1","3"
"dreams_batch_3.json","???????","?????","legacy","1","3"
"dreams_batch_3.json","???????","????????","legacy","1","3"
"dreams_batch_3.json","???????","????????","legacy","1","3"
"dreams_batch_3.json","???????","?????","legacy","1","3"
"dreams_batch_3.json","???????","???????","legacy","1","3"
"dreams_batch_3.json","???????","?????????","legacy","1","3"
"dreams_batch_3.json","???????","?????","legacy","1","3"
"dreams_batch_3.json","???????","???","legacy","1","3"
"dreams_batch_3.json","???????","?????????","legacy","1","3"
"dreams_batch_3.json","???????","????????","legacy","1","3"
"dreams_batch_3.json","???????","???","legacy","1","3"
"dreams_batch_3.json","???????","?????","legacy","1","3"
"dreams_batch_3.json","???????","????","legacy","1","3"
"dreams_batch_3.json","???????","??????","legacy","1","3"
"dreams_batch_3.json","???????","???????????","legacy","1","3"
"dreams_batch_3.json","???????","????","legacy","1","3"
"dreams_batch_3.json","???????","????????","legacy","1","3"
"dreams_batch_3.json","???????","?????","legacy","1","3"
"dreams_batch_3.json","???????","??????","legacy","1","3"
"dreams_batch_3.json","???????","?????????","legacy","1","3"
"dreams_batch_3.json","???????","????","legacy","1","3"
"dreams_batch_3.json","???????","??????","legacy","1","3"
"dreams_batch_3.json","???????","???????","legacy","1","3"
"dreams_batch_3.json","???????","???????","legacy","1","3"
"dreams_batch_3.json","???????","?????","legacy","1","3"
"dreams_batch_3.json","???????","????","legacy","1","3"
"dreams_batch_3.json","???????","???????","legacy","1","3"
"dreams_batch_3.json","???????","????","legacy","1","3"
"dreams_batch_3.json","???????","??????","legacy","1","3"
"dreams_batch_3.json","???????","???????","legacy","1","3"
"dreams_batch_3.json","???????","???????","legacy","1","3"
"dreams_batch_3.json","???????","?????????","legacy","1","3"
"dreams_batch_3.json","???????","??????","legacy","1","3"
"dreams_batch_3.json","???????","?????","legacy","1","3"
"dreams_batch_3.json","???????","????","legacy","1","3"
"dreams_batch_3.json","???????","???????","legacy","1","3"
"dreams_batch_3.json","???????","??????","legacy","1","3"
"dreams_batch_3.json","???????","?????","legacy","1","3"
"dreams_batch_3.json","???????","??????","legacy","1","3"
"dreams_batch_3.json","???????","?????","legacy","1","3"
"dreams_batch_3.json","???????","????","legacy","1","3"
"dreams_batch_3.json","???????","??????","legacy","1","3"
"dreams_batch_3.json","???????","?????","legacy","1","3"
"dreams_batch_3.json","???????","?????","legacy","1","3"
"dreams_batch_3.json","???????","?????????","legacy","1","3"
"dreams_batch_3.json","???????","?????","legacy","1","3"
"dreams_batch_3.json","???????","???????","legacy","1","3"
"dreams_batch_3.json","???????","?????","legacy","1","3"
"dreams_batch_3.json","???????","??????","legacy","1","3"
"dreams_batch_3.json","???????","??????","legacy","1","3"
"dreams_batch_3.json","???????","???????","legacy","1","3"
"dreams_batch_3.json","???????","?????","legacy","1","3"
"dreams_batch_3.json","???????","???????","legacy","1","3"
"dreams_batch_3.json","???????","?????????","legacy","1","3"
"dreams_batch_3.json","???????","??????","legacy","1","3"
"dreams_batch_3.json","???????","????","legacy","1","3"
"dreams_batch_3.json","???????","?????","legacy","1","3"
"dreams_batch_3.json","???????","????","legacy","1","3"
"dreams_batch_3.json","???????","????","legacy","1","3"
"dreams_batch_3.json","???????","???????","legacy","1","3"
"dreams_batch_3.json","???????","?????","legacy","1","3"
"dreams_batch_3.json","???????","?????????","legacy","1","3"
"dreams_batch_3.json","???????","?????","legacy","1","3"
"dreams_batch_3.json","???????","???","legacy","1","3"
"dreams_batch_3.json","???????","????","legacy","1","3"
"dreams_batch_3.json","???????","????????","legacy","1","3"
"dreams_batch_3.json","???????","???","legacy","1","3"
"dreams_batch_3.json","???????","??????","legacy","1","3"
"dreams_batch_3.json","???????","?????????","legacy","1","3"
"dreams_batch_3.json","???????","????","legacy","1","3"
"dreams_batch_3.json","???????","????","legacy","1","3"
"dreams_batch_3.json","???????","?????","legacy","1","3"
"dreams_batch_3.json","???????","????","legacy","1","3"
"dreams_batch_3.json","???????","????????","legacy","1","3"
"dreams_batch_30.json","???????","????","legacy","1","3"
"dreams_batch_30.json","???????","???????","legacy","1","3"
"dreams_batch_30.json","???????","???????","legacy","1","3"
"dreams_batch_30.json","???????","??????","legacy","1","3"
"dreams_batch_30.json","???????","???","legacy","1","3"
"dreams_batch_30.json","???????","????","legacy","1","3"
"dreams_batch_30.json","???????","???????","legacy","1","3"
"dreams_batch_30.json","???????","????","legacy","1","3"
"dreams_batch_30.json","???????","??????","legacy","1","3"
"dreams_batch_30.json","???????","?????","legacy","1","3"
"dreams_batch_30.json","???????","???","legacy","1","3"
"dreams_batch_30.json","???????","???","legacy","1","3"
"dreams_batch_30.json","???????","??????","legacy","1","3"
"dreams_batch_30.json","???????","??????","legacy","1","3"
"dreams_batch_30.json","???????","???????","legacy","1","3"
"dreams_batch_30.json","???????","????","legacy","1","3"
"dreams_batch_30.json","???????","????","legacy","1","3"
"dreams_batch_30.json","???????","????","legacy","1","3"
"dreams_batch_30.json","???????","??? (??????)","legacy","1","3"
"dreams_batch_30.json","???????","?????","legacy","1","3"
"dreams_batch_30.json","???????","?????","legacy","1","3"
"dreams_batch_30.json","???????","????","legacy","1","3"
"dreams_batch_30.json","???????","?????","legacy","1","3"
"dreams_batch_30.json","???????","?????????","legacy","1","3"
"dreams_batch_30.json","???????","????","legacy","1","3"
"dreams_batch_30.json","???????","???????","legacy","1","3"
"dreams_batch_30.json","???????","????","legacy","1","3"
"dreams_batch_30.json","???????","???","legacy","1","3"
"dreams_batch_30.json","???????","????","legacy","1","3"
"dreams_batch_30.json","???????","???????","legacy","1","3"
"dreams_batch_30.json","???????","?????","legacy","1","3"
"dreams_batch_30.json","???????","?????","legacy","1","3"
"dreams_batch_30.json","???????","?????","legacy","1","3"
"dreams_batch_30.json","???????","?????","legacy","1","3"
"dreams_batch_30.json","???????","????","legacy","1","3"
"dreams_batch_30.json","???????","?????","legacy","1","3"
"dreams_batch_30.json","???????","????","legacy","1","3"
"dreams_batch_30.json","???????","??????","legacy","1","3"
"dreams_batch_30.json","???????","?????","legacy","1","3"
"dreams_batch_30.json","???????","?????","legacy","1","3"
"dreams_batch_30.json","???????","?????","legacy","1","3"
"dreams_batch_30.json","???????","????","legacy","1","3"
"dreams_batch_30.json","???????","?????","legacy","1","3"
"dreams_batch_30.json","???????","???????","legacy","1","3"
"dreams_batch_30.json","???????","?????","legacy","1","3"
"dreams_batch_30.json","???????","?????","legacy","1","3"
"dreams_batch_30.json","???????","????","legacy","1","3"
"dreams_batch_30.json","???????","??????","legacy","1","3"
"dreams_batch_30.json","???????","?????","legacy","1","3"
"dreams_batch_30.json","???????","??????","legacy","1","3"
"dreams_batch_30.json","???????","??????","legacy","1","3"
"dreams_batch_30.json","???????","???","legacy","1","3"
"dreams_batch_30.json","???????","???","legacy","1","3"
"dreams_batch_30.json","???????","????????","legacy","1","3"
"dreams_batch_30.json","???????","?????","legacy","1","3"
"dreams_batch_30.json","???????","????","legacy","1","3"
"dreams_batch_30.json","???????","?????","legacy","1","3"
"dreams_batch_30.json","???????","???????","legacy","1","3"
"dreams_batch_30.json","???????","???????","legacy","1","3"
"dreams_batch_30.json","???????","?????????","legacy","1","3"
"dreams_batch_30.json","???????","????????","legacy","1","3"
"dreams_batch_30.json","???????","?????????","legacy","1","3"
"dreams_batch_30.json","???????","????????","legacy","1","3"
"dreams_batch_30.json","???????","????","legacy","1","3"
"dreams_batch_30.json","???????","???????","legacy","1","3"
"dreams_batch_30.json","???????","?????","legacy","1","3"
"dreams_batch_30.json","???????","??????","legacy","1","3"
"dreams_batch_30.json","???????","?????","legacy","1","3"
"dreams_batch_30.json","???????","???????","legacy","1","3"
"dreams_batch_30.json","???????","?????","legacy","1","3"
"dreams_batch_30.json","???????","?????????","legacy","1","3"
"dreams_batch_30.json","???????","???????","legacy","1","3"
"dreams_batch_30.json","???????","??????","legacy","1","3"
"dreams_batch_30.json","???????","??????","legacy","1","3"
"dreams_batch_30.json","???????","????","legacy","1","3"
"dreams_batch_30.json","???????","??????????","legacy","1","3"
"dreams_batch_30.json","???????","?????","legacy","1","3"
"dreams_batch_30.json","???????","????????","legacy","1","3"
"dreams_batch_30.json","???????","??????","legacy","1","3"
"dreams_batch_30.json","???????","???????","legacy","1","3"
"dreams_batch_30.json","???????","???????","legacy","1","3"
"dreams_batch_30.json","???????","????","legacy","1","3"
"dreams_batch_30.json","???????","??????","legacy","1","3"
"dreams_batch_30.json","???????","???????","legacy","1","3"
"dreams_batch_30.json","???????","?????","legacy","1","3"
"dreams_batch_30.json","???????","??????","legacy","1","3"
"dreams_batch_30.json","???????","?????????","legacy","1","3"
"dreams_batch_30.json","???????","???","legacy","1","3"
"dreams_batch_30.json","???????","?????","legacy","1","3"
"dreams_batch_30.json","???????","???????","legacy","1","3"
"dreams_batch_30.json","???????","?????","legacy","1","3"
"dreams_batch_30.json","???????","????","legacy","1","3"
"dreams_batch_30.json","???????","??????","legacy","1","3"
"dreams_batch_30.json","???????","??????","legacy","1","3"
"dreams_batch_30.json","???????","?????","legacy","1","3"
"dreams_batch_30.json","???????","??????","legacy","1","3"
"dreams_batch_30.json","???????","???????","legacy","1","3"
"dreams_batch_30.json","???????","???????","legacy","1","3"
"dreams_batch_30.json","???????","?????????","legacy","1","3"
"dreams_batch_30.json","???????","????????","legacy","1","3"
"dreams_batch_31.json","???????","???????","legacy","1","3"
"dreams_batch_31.json","???????","???????","legacy","1","3"
"dreams_batch_31.json","???????","????","legacy","1","3"
"dreams_batch_31.json","???????","??????","legacy","1","3"
"dreams_batch_31.json","???????","??????","legacy","1","3"
"dreams_batch_31.json","???????","??????????????","legacy","1","3"
"dreams_batch_31.json","???????","???????","legacy","1","3"
"dreams_batch_31.json","???????","?????????","legacy","1","3"
"dreams_batch_31.json","???????","?????????","legacy","1","3"
"dreams_batch_31.json","???????","??????","legacy","1","3"
"dreams_batch_31.json","???????","???????","legacy","1","3"
"dreams_batch_31.json","???????","?????","legacy","1","3"
"dreams_batch_31.json","???????","????","legacy","1","3"
"dreams_batch_31.json","???????","???????","legacy","1","3"
"dreams_batch_31.json","???????","???????????","legacy","1","3"
"dreams_batch_31.json","???????","?????????????","legacy","1","3"
"dreams_batch_31.json","???????","????????","legacy","1","3"
"dreams_batch_31.json","???????","?????????????????","legacy","1","3"
"dreams_batch_31.json","???????","????????","legacy","1","3"
"dreams_batch_31.json","???????","??????????","legacy","1","3"
"dreams_batch_31.json","???????","???????","legacy","1","3"
"dreams_batch_31.json","???????","??????","legacy","1","3"
"dreams_batch_31.json","???????","??????","legacy","1","3"
"dreams_batch_31.json","???????","????????","legacy","1","3"
"dreams_batch_31.json","???????","??????","legacy","1","3"
"dreams_batch_31.json","???????","????????????","legacy","1","3"
"dreams_batch_31.json","???????","???????","legacy","1","3"
"dreams_batch_31.json","???????","????????","legacy","1","3"
"dreams_batch_31.json","???????","?????","legacy","1","3"
"dreams_batch_31.json","???????","????","legacy","1","3"
"dreams_batch_31.json","???????","??????","legacy","1","3"
"dreams_batch_31.json","???????","??????","legacy","1","3"
"dreams_batch_31.json","???????","?????","legacy","1","3"
"dreams_batch_31.json","???????","??????","legacy","1","3"
"dreams_batch_31.json","???????","????????","legacy","1","3"
"dreams_batch_31.json","???????","??????","legacy","1","3"
"dreams_batch_31.json","???????","??????????","legacy","1","3"
"dreams_batch_31.json","???????","???????","legacy","1","3"
"dreams_batch_31.json","???????","???????","legacy","1","3"
"dreams_batch_31.json","???????","????","legacy","1","3"
"dreams_batch_31.json","???????","??????","legacy","1","3"
"dreams_batch_31.json","???????","??????","legacy","1","3"
"dreams_batch_31.json","???????","?????????","legacy","1","3"
"dreams_batch_31.json","???????","????????","legacy","1","3"
"dreams_batch_31.json","???????","????????","legacy","1","3"
"dreams_batch_31.json","???????","??????","legacy","1","3"
"dreams_batch_31.json","???????","??????","legacy","1","3"
"dreams_batch_31.json","???????","?????","legacy","1","3"
"dreams_batch_31.json","???????","??????","legacy","1","3"
"dreams_batch_31.json","???????","??????","legacy","1","3"
"dreams_batch_31.json","???????","??????","legacy","1","3"
"dreams_batch_31.json","???????","???????","legacy","1","3"
"dreams_batch_31.json","???????","?????","legacy","1","3"
"dreams_batch_31.json","???????","????","legacy","1","3"
"dreams_batch_31.json","???????","????????","legacy","1","3"
"dreams_batch_31.json","???????","??????","legacy","1","3"
"dreams_batch_31.json","???????","??????","legacy","1","3"
"dreams_batch_31.json","???????","?????","legacy","1","3"
"dreams_batch_31.json","???????","????????","legacy","1","3"
"dreams_batch_31.json","???????","??????","legacy","1","3"
"dreams_batch_31.json","???????","???????","legacy","1","3"
"dreams_batch_31.json","???????","??????","legacy","1","3"
"dreams_batch_31.json","???????","????????","legacy","1","3"
"dreams_batch_31.json","???????","????????","legacy","1","3"
"dreams_batch_31.json","???????","???????","legacy","1","3"
"dreams_batch_31.json","???????","??????????","legacy","1","3"
"dreams_batch_31.json","???????","??????","legacy","1","3"
"dreams_batch_31.json","???????","??????","legacy","1","3"
"dreams_batch_31.json","???????","?????","legacy","1","3"
"dreams_batch_31.json","???????","???????","legacy","1","3"
"dreams_batch_31.json","???????","?????","legacy","1","3"
"dreams_batch_31.json","???????","?????","legacy","1","3"
"dreams_batch_31.json","???????","?????????","legacy","1","3"
"dreams_batch_31.json","???????","?????","legacy","1","3"
"dreams_batch_31.json","???????","?????????","legacy","1","3"
"dreams_batch_31.json","???????","????","legacy","1","3"
"dreams_batch_31.json","???????","??????????","legacy","1","3"
"dreams_batch_31.json","???????","????????","legacy","1","3"
"dreams_batch_31.json","???????","????????","legacy","1","3"
"dreams_batch_31.json","???????","????????","legacy","1","3"
"dreams_batch_31.json","???????","????","legacy","1","3"
"dreams_batch_31.json","???????","???????","legacy","1","3"
"dreams_batch_31.json","???????","???????","legacy","1","3"
"dreams_batch_31.json","???????","???????","legacy","1","3"
"dreams_batch_31.json","???????","??????????","legacy","1","3"
"dreams_batch_31.json","???????","??????????","legacy","1","3"
"dreams_batch_31.json","???????","?????","legacy","1","3"
"dreams_batch_31.json","???????","?????????","legacy","1","3"
"dreams_batch_31.json","???????","??????????","legacy","1","3"
"dreams_batch_31.json","???????","????????","legacy","1","3"
"dreams_batch_31.json","???????","?????","legacy","1","3"
"dreams_batch_31.json","???????","????????","legacy","1","3"
"dreams_batch_31.json","???????","??????","legacy","1","3"
"dreams_batch_31.json","???????","??????","legacy","1","3"
"dreams_batch_31.json","???????","?????????","legacy","1","3"
"dreams_batch_31.json","???????","?????","legacy","1","3"
"dreams_batch_31.json","???????","??????","legacy","1","3"
"dreams_batch_31.json","???????","????????","legacy","1","3"
"dreams_batch_31.json","???????","???????","legacy","1","3"
"dreams_batch_31.json","???????","?????","legacy","1","3"
"dreams_batch_32.json","???????","??????","legacy","1","3"
"dreams_batch_32.json","???????","??????","legacy","1","3"
"dreams_batch_32.json","???????","???????","legacy","1","3"
"dreams_batch_32.json","???????","?????","legacy","1","3"
"dreams_batch_32.json","???????","????","legacy","1","3"
"dreams_batch_32.json","???????","????","legacy","1","3"
"dreams_batch_32.json","???????","????","legacy","1","3"
"dreams_batch_32.json","???????","??????","legacy","1","3"
"dreams_batch_32.json","???????","????","legacy","1","3"
"dreams_batch_32.json","???????","????????","legacy","1","3"
"dreams_batch_32.json","???????","?????","legacy","1","3"
"dreams_batch_32.json","???????","???????","legacy","1","3"
"dreams_batch_32.json","???????","??????","legacy","1","3"
"dreams_batch_32.json","???????","????????","legacy","1","3"
"dreams_batch_32.json","???????","?????","legacy","1","3"
"dreams_batch_32.json","???????","?????????","legacy","1","3"
"dreams_batch_32.json","???????","??????","legacy","1","3"
"dreams_batch_32.json","???????","?????","legacy","1","3"
"dreams_batch_32.json","???????","?????","legacy","1","3"
"dreams_batch_32.json","???????","????","legacy","1","3"
"dreams_batch_32.json","???????","????????","legacy","1","3"
"dreams_batch_32.json","???????","?????","legacy","1","3"
"dreams_batch_32.json","???????","?????????","legacy","1","3"
"dreams_batch_32.json","???????","????????","legacy","1","3"
"dreams_batch_32.json","???????","?????","legacy","1","3"
"dreams_batch_32.json","???????","???????","legacy","1","3"
"dreams_batch_32.json","???????","??????","legacy","1","3"
"dreams_batch_32.json","???????","??????","legacy","1","3"
"dreams_batch_32.json","???????","????","legacy","1","3"
"dreams_batch_32.json","???????","???????","legacy","1","3"
"dreams_batch_32.json","???????","????????","legacy","1","3"
"dreams_batch_32.json","???????","??????","legacy","1","3"
"dreams_batch_32.json","???????","????","legacy","1","3"
"dreams_batch_32.json","???????","????","legacy","1","3"
"dreams_batch_32.json","???????","????????","legacy","1","3"
"dreams_batch_32.json","???????","????","legacy","1","3"
"dreams_batch_32.json","???????","??????????","legacy","1","3"
"dreams_batch_32.json","???????","??????","legacy","1","3"
"dreams_batch_32.json","???????","?????????","legacy","1","3"
"dreams_batch_32.json","???????","???????","legacy","1","3"
"dreams_batch_32.json","???????","????????????","legacy","1","3"
"dreams_batch_32.json","???????","??????","legacy","1","3"
"dreams_batch_32.json","???????","????????","legacy","1","3"
"dreams_batch_32.json","???????","?????????????","legacy","1","3"
"dreams_batch_32.json","???????","???????","legacy","1","3"
"dreams_batch_32.json","???????","????","legacy","1","3"
"dreams_batch_32.json","???????","???????","legacy","1","3"
"dreams_batch_32.json","???????","?????","legacy","1","3"
"dreams_batch_32.json","???????","????????","legacy","1","3"
"dreams_batch_32.json","???????","?????????","legacy","1","3"
"dreams_batch_32.json","???????","????","legacy","1","3"
"dreams_batch_32.json","???????","?????????","legacy","1","3"
"dreams_batch_32.json","???????","????????","legacy","1","3"
"dreams_batch_32.json","???????","????????","legacy","1","3"
"dreams_batch_32.json","???????","?????","legacy","1","3"
"dreams_batch_32.json","???????","???","legacy","1","3"
"dreams_batch_32.json","???????","?????","legacy","1","3"
"dreams_batch_32.json","???????","??????????","legacy","1","3"
"dreams_batch_32.json","???????","??????","legacy","1","3"
"dreams_batch_32.json","???????","??????","legacy","1","3"
"dreams_batch_32.json","???????","???????","legacy","1","3"
"dreams_batch_32.json","???????","??????","legacy","1","3"
"dreams_batch_32.json","???????","???????","legacy","1","3"
"dreams_batch_32.json","???????","????","legacy","1","3"
"dreams_batch_32.json","???????","???","legacy","1","3"
"dreams_batch_32.json","???????","????????","legacy","1","3"
"dreams_batch_32.json","???????","???","legacy","1","3"
"dreams_batch_32.json","???????","??????","legacy","1","3"
"dreams_batch_32.json","???????","?????","legacy","1","3"
"dreams_batch_32.json","???????","????????","legacy","1","3"
"dreams_batch_32.json","???????","?????","legacy","1","3"
"dreams_batch_32.json","???????","???????","legacy","1","3"
"dreams_batch_32.json","???????","?????????????","legacy","1","3"
"dreams_batch_32.json","???????","???","legacy","1","3"
"dreams_batch_32.json","???????","????????","legacy","1","3"
"dreams_batch_32.json","???????","????????????","legacy","1","3"
"dreams_batch_32.json","???????","??????????","legacy","1","3"
"dreams_batch_32.json","???????","?????","legacy","1","3"
"dreams_batch_32.json","???????","??????","legacy","1","3"
"dreams_batch_32.json","???????","?????????","legacy","1","3"
"dreams_batch_32.json","???????","?????","legacy","1","3"
"dreams_batch_32.json","???????","?????","legacy","1","3"
"dreams_batch_32.json","???????","????","legacy","1","3"
"dreams_batch_32.json","???????","????","legacy","1","3"
"dreams_batch_32.json","???????","????","legacy","1","3"
"dreams_batch_32.json","???????","?????????","legacy","1","3"
"dreams_batch_32.json","???????","?????????","legacy","1","3"
"dreams_batch_32.json","???????","??????????","legacy","1","3"
"dreams_batch_32.json","???????","????","legacy","1","3"
"dreams_batch_32.json","???????","???????","legacy","1","3"
"dreams_batch_32.json","???????","????????","legacy","1","3"
"dreams_batch_32.json","???????","?????????","legacy","1","3"
"dreams_batch_32.json","???????","????????","legacy","1","3"
"dreams_batch_32.json","???????","?????????","legacy","1","3"
"dreams_batch_32.json","???????","?????????","legacy","1","3"
"dreams_batch_32.json","???????","??????????","legacy","1","3"
"dreams_batch_32.json","???????","??????","legacy","1","3"
"dreams_batch_32.json","???????","???????","legacy","1","3"
"dreams_batch_32.json","???????","??????","legacy","1","3"
"dreams_batch_32.json","???????","???????","legacy","1","3"
"dreams_batch_33.json","???????","?????","legacy","1","3"
"dreams_batch_33.json","???????","??????","legacy","1","3"
"dreams_batch_33.json","???????","??????","legacy","1","3"
"dreams_batch_33.json","???????","?????","legacy","1","3"
"dreams_batch_33.json","???????","???????","legacy","1","3"
"dreams_batch_33.json","???????","???????????","legacy","1","3"
"dreams_batch_33.json","???????","????","legacy","1","3"
"dreams_batch_33.json","???????","????????","legacy","1","3"
"dreams_batch_33.json","???????","?????????","legacy","1","3"
"dreams_batch_33.json","???????","??????","legacy","1","3"
"dreams_batch_33.json","???????","???????","legacy","1","3"
"dreams_batch_33.json","???????","?????","legacy","1","3"
"dreams_batch_33.json","???????","?????","legacy","1","3"
"dreams_batch_33.json","???????","???????","legacy","1","3"
"dreams_batch_33.json","???????","?????","legacy","1","3"
"dreams_batch_33.json","???????","????","legacy","1","3"
"dreams_batch_33.json","???????","?????","legacy","1","3"
"dreams_batch_33.json","???????","?????","legacy","1","3"
"dreams_batch_33.json","???????","??????","legacy","1","3"
"dreams_batch_33.json","???????","???????","legacy","1","3"
"dreams_batch_33.json","???????","?????","legacy","1","3"
"dreams_batch_33.json","???????","??????","legacy","1","3"
"dreams_batch_33.json","???????","??????","legacy","1","3"
"dreams_batch_33.json","???????","?????","legacy","1","3"
"dreams_batch_33.json","???????","???????","legacy","1","3"
"dreams_batch_33.json","???????","??????","legacy","1","3"
"dreams_batch_33.json","???????","???????","legacy","1","3"
"dreams_batch_33.json","???????","????????","legacy","1","3"
"dreams_batch_33.json","???????","????????","legacy","1","3"
"dreams_batch_33.json","???????","?????","legacy","1","3"
"dreams_batch_33.json","???????","??????","legacy","1","3"
"dreams_batch_33.json","???????","?????????","legacy","1","3"
"dreams_batch_33.json","???????","??????","legacy","1","3"
"dreams_batch_33.json","???????","?????","legacy","1","3"
"dreams_batch_33.json","???????","???????","legacy","1","3"
"dreams_batch_33.json","???????","???????","legacy","1","3"
"dreams_batch_33.json","???????","???????","legacy","1","3"
"dreams_batch_33.json","???????","?????","legacy","1","3"
"dreams_batch_33.json","???????","?????","legacy","1","3"
"dreams_batch_33.json","???????","?????????","legacy","1","3"
"dreams_batch_33.json","???????","????????","legacy","1","3"
"dreams_batch_33.json","???????","?????????","legacy","1","3"
"dreams_batch_33.json","???????","?????","legacy","1","3"
"dreams_batch_33.json","???????","??????","legacy","1","3"
"dreams_batch_33.json","???????","?????????","legacy","1","3"
"dreams_batch_33.json","???????","??????","legacy","1","3"
"dreams_batch_33.json","???????","??????","legacy","1","3"
"dreams_batch_33.json","???????","?????????????","legacy","1","3"
"dreams_batch_33.json","???????","????","legacy","1","3"
"dreams_batch_33.json","???????","?????","legacy","1","3"
"dreams_batch_33.json","???????","??????????","legacy","1","3"
"dreams_batch_33.json","???????","???????","legacy","1","3"
"dreams_batch_33.json","???????","????????????","legacy","1","3"
"dreams_batch_33.json","???????","????????","legacy","1","3"
"dreams_batch_33.json","???????","??????","legacy","1","3"
"dreams_batch_33.json","???????","????","legacy","1","3"
"dreams_batch_33.json","???????","?????","legacy","1","3"
"dreams_batch_33.json","???????","??????","legacy","1","3"
"dreams_batch_33.json","???????","???????","legacy","1","3"
"dreams_batch_33.json","???????","???????","legacy","1","3"
"dreams_batch_33.json","???????","??????","legacy","1","3"
"dreams_batch_33.json","???????","????????","legacy","1","3"
"dreams_batch_33.json","???????","????????","legacy","1","3"
"dreams_batch_33.json","???????","??????????","legacy","1","3"
"dreams_batch_33.json","???????","???????","legacy","1","3"
"dreams_batch_33.json","???????","?????????","legacy","1","3"
"dreams_batch_33.json","???????","?????","legacy","1","3"
"dreams_batch_33.json","???????","??????","legacy","1","3"
"dreams_batch_33.json","???????","????????","legacy","1","3"
"dreams_batch_33.json","???????","??????","legacy","1","3"
"dreams_batch_33.json","???????","?????????","legacy","1","3"
"dreams_batch_33.json","???????","??????","legacy","1","3"
"dreams_batch_33.json","???????","?????","legacy","1","3"
"dreams_batch_33.json","???????","???????","legacy","1","3"
"dreams_batch_33.json","???????","???????","legacy","1","3"
"dreams_batch_33.json","???????","??????","legacy","1","3"
"dreams_batch_33.json","???????","?????????","legacy","1","3"
"dreams_batch_33.json","???????","????","legacy","1","3"
"dreams_batch_33.json","???????","???????","legacy","1","3"
"dreams_batch_33.json","???????","??????????","legacy","1","3"
"dreams_batch_33.json","???????","???????","legacy","1","3"
"dreams_batch_33.json","???????","????????","legacy","1","3"
"dreams_batch_33.json","???????","???????","legacy","1","3"
"dreams_batch_33.json","???????","??????","legacy","1","3"
"dreams_batch_33.json","???????","?????","legacy","1","3"
"dreams_batch_33.json","???????","?????????","legacy","1","3"
"dreams_batch_33.json","???????","?????????","legacy","1","3"
"dreams_batch_33.json","???????","????????","legacy","1","3"
"dreams_batch_33.json","???????","??????","legacy","1","3"
"dreams_batch_33.json","???????","?????","legacy","1","3"
"dreams_batch_33.json","???????","?????","legacy","1","3"
"dreams_batch_33.json","???????","???","legacy","1","3"
"dreams_batch_33.json","???????","?????","legacy","1","3"
"dreams_batch_33.json","???????","??????","legacy","1","3"
"dreams_batch_33.json","???????","?????","legacy","1","3"
"dreams_batch_33.json","???????","??????","legacy","1","3"
"dreams_batch_33.json","???????","???","legacy","1","3"
"dreams_batch_33.json","???????","???????????","legacy","1","3"
"dreams_batch_33.json","???????","???????","legacy","1","3"
"dreams_batch_33.json","???????","?????","legacy","1","3"
"dreams_batch_34.json","???????","??????","legacy","1","3"
"dreams_batch_34.json","???????","??????","legacy","1","3"
"dreams_batch_34.json","???????","??????","legacy","1","3"
"dreams_batch_34.json","???????","?????","legacy","1","3"
"dreams_batch_34.json","???????","?????","legacy","1","3"
"dreams_batch_34.json","???????","??????","legacy","1","3"
"dreams_batch_34.json","???????","??????","legacy","1","3"
"dreams_batch_34.json","???????","????","legacy","1","3"
"dreams_batch_34.json","???????","?????","legacy","1","3"
"dreams_batch_34.json","???????","?????","legacy","1","3"
"dreams_batch_34.json","???????","?????","legacy","1","3"
"dreams_batch_34.json","???????","????????","legacy","1","3"
"dreams_batch_34.json","???????","?????","legacy","1","3"
"dreams_batch_34.json","???????","????????","legacy","1","3"
"dreams_batch_34.json","???????","?????????","legacy","1","3"
"dreams_batch_34.json","???????","??????","legacy","1","3"
"dreams_batch_34.json","???????","???????","legacy","1","3"
"dreams_batch_34.json","???????","????","legacy","1","3"
"dreams_batch_34.json","???????","???????","legacy","1","3"
"dreams_batch_34.json","???????","?????","legacy","1","3"
"dreams_batch_34.json","???????","???","legacy","1","3"
"dreams_batch_34.json","???????","????","legacy","1","3"
"dreams_batch_34.json","???????","???","legacy","1","3"
"dreams_batch_34.json","???????","???????","legacy","1","3"
"dreams_batch_34.json","???????","?????","legacy","1","3"
"dreams_batch_34.json","???????","?????","legacy","1","3"
"dreams_batch_34.json","???????","???????","legacy","1","3"
"dreams_batch_34.json","???????","?????","legacy","1","3"
"dreams_batch_34.json","???????","??????","legacy","1","3"
"dreams_batch_34.json","???????","????????","legacy","1","3"
"dreams_batch_34.json","???????","???????","legacy","1","3"
"dreams_batch_34.json","???????","???????","legacy","1","3"
"dreams_batch_34.json","???????","???","legacy","1","3"
"dreams_batch_34.json","???????","?????","legacy","1","3"
"dreams_batch_34.json","???????","????","legacy","1","3"
"dreams_batch_34.json","???????","?????","legacy","1","3"
"dreams_batch_34.json","???????","??????","legacy","1","3"
"dreams_batch_34.json","???????","?????","legacy","1","3"
"dreams_batch_34.json","???????","?????","legacy","1","3"
"dreams_batch_34.json","???????","??????","legacy","1","3"
"dreams_batch_34.json","???????","????????","legacy","1","3"
"dreams_batch_34.json","???????","?????","legacy","1","3"
"dreams_batch_34.json","???????","?????","legacy","1","3"
"dreams_batch_34.json","???????","??????","legacy","1","3"
"dreams_batch_34.json","???????","???????","legacy","1","3"
"dreams_batch_34.json","???????","?????","legacy","1","3"
"dreams_batch_34.json","???????","????","legacy","1","3"
"dreams_batch_34.json","???????","??????","legacy","1","3"
"dreams_batch_34.json","???????","??????????","legacy","1","3"
"dreams_batch_34.json","???????","?????","legacy","1","3"
"dreams_batch_34.json","???????","???????","legacy","1","3"
"dreams_batch_34.json","???????","?????","legacy","1","3"
"dreams_batch_34.json","???????","???????","legacy","1","3"
"dreams_batch_34.json","???????","?????","legacy","1","3"
"dreams_batch_34.json","???????","????","legacy","1","3"
"dreams_batch_34.json","???????","?????","legacy","1","3"
"dreams_batch_34.json","???????","?????","legacy","1","3"
"dreams_batch_34.json","???????","??????","legacy","1","3"
"dreams_batch_34.json","???????","??????","legacy","1","3"
"dreams_batch_34.json","???????","??????????","legacy","1","3"
"dreams_batch_34.json","???????","?????","legacy","1","3"
"dreams_batch_34.json","???????","?????????????","legacy","1","3"
"dreams_batch_34.json","???????","?????","legacy","1","3"
"dreams_batch_34.json","???????","?????","legacy","1","3"
"dreams_batch_34.json","???????","?????????","legacy","1","3"
"dreams_batch_34.json","???????","??????","legacy","1","3"
"dreams_batch_34.json","???????","??????????","legacy","1","3"
"dreams_batch_34.json","???????","????????","legacy","1","3"
"dreams_batch_34.json","???????","?????????","legacy","1","3"
"dreams_batch_34.json","???????","?????????","legacy","1","3"
"dreams_batch_34.json","???????","????????","legacy","1","3"
"dreams_batch_34.json","???????","???????","legacy","1","3"
"dreams_batch_34.json","???????","????","legacy","1","3"
"dreams_batch_34.json","???????","????","legacy","1","3"
"dreams_batch_34.json","???????","????","legacy","1","3"
"dreams_batch_34.json","???????","???????????","legacy","1","3"
"dreams_batch_34.json","???????","???????????","legacy","1","3"
"dreams_batch_34.json","???????","????","legacy","1","3"
"dreams_batch_34.json","???????","??????","legacy","1","3"
"dreams_batch_34.json","???????","???????","legacy","1","3"
"dreams_batch_34.json","???????","??????","legacy","1","3"
"dreams_batch_34.json","???????","???????","legacy","1","3"
"dreams_batch_34.json","???????","?????","legacy","1","3"
"dreams_batch_34.json","???????","????????","legacy","1","3"
"dreams_batch_34.json","???????","????????","legacy","1","3"
"dreams_batch_34.json","???????","???????","legacy","1","3"
"dreams_batch_34.json","???????","??????","legacy","1","3"
"dreams_batch_34.json","???????","????????","legacy","1","3"
"dreams_batch_34.json","???????","??????","legacy","1","3"
"dreams_batch_34.json","???????","??????","legacy","1","3"
"dreams_batch_34.json","???????","??????????","legacy","1","3"
"dreams_batch_34.json","???????","?????????","legacy","1","3"
"dreams_batch_34.json","???????","???????","legacy","1","3"
"dreams_batch_34.json","???????","??????????","legacy","1","3"
"dreams_batch_34.json","???????","??????","legacy","1","3"
"dreams_batch_34.json","???????","????","legacy","1","3"
"dreams_batch_34.json","???????","??????","legacy","1","3"
"dreams_batch_34.json","???????","???????","legacy","1","3"
"dreams_batch_34.json","???????","????","legacy","1","3"
"dreams_batch_34.json","???????","???????","legacy","1","3"
"dreams_batch_35.json","???????","????","legacy","1","3"
"dreams_batch_35.json","???????","?????","legacy","1","3"
"dreams_batch_35.json","???????","?????","legacy","1","3"
"dreams_batch_35.json","???????","????","legacy","1","3"
"dreams_batch_35.json","???????","?????","legacy","1","3"
"dreams_batch_35.json","???????","?????","legacy","1","3"
"dreams_batch_35.json","???????","????","legacy","1","3"
"dreams_batch_35.json","???????","????","legacy","1","3"
"dreams_batch_35.json","???????","?????","legacy","1","3"
"dreams_batch_35.json","???????","??????","legacy","1","3"
"dreams_batch_35.json","???????","?????","legacy","1","3"
"dreams_batch_35.json","???????","???????","legacy","1","3"
"dreams_batch_35.json","???????","?????????","legacy","1","3"
"dreams_batch_35.json","???????","???","legacy","1","3"
"dreams_batch_35.json","???????","??????????","legacy","1","3"
"dreams_batch_35.json","???????","?????","legacy","1","3"
"dreams_batch_35.json","???????","?????","legacy","1","3"
"dreams_batch_35.json","???????","?????","legacy","1","3"
"dreams_batch_35.json","???????","?????","legacy","1","3"
"dreams_batch_35.json","???????","????","legacy","1","3"
"dreams_batch_35.json","???????","?????????","legacy","1","3"
"dreams_batch_35.json","???????","??????","legacy","1","3"
"dreams_batch_35.json","???????","????????????","legacy","1","3"
"dreams_batch_35.json","???????","????","legacy","1","3"
"dreams_batch_35.json","???????","????","legacy","1","3"
"dreams_batch_35.json","???????","?????","legacy","1","3"
"dreams_batch_35.json","???????","????","legacy","1","3"
"dreams_batch_35.json","???????","?????","legacy","1","3"
"dreams_batch_35.json","???????","?????","legacy","1","3"
"dreams_batch_35.json","???????","????????","legacy","1","3"
"dreams_batch_35.json","???????","???????","legacy","1","3"
"dreams_batch_35.json","???????","???????","legacy","1","3"
"dreams_batch_35.json","???????","???????","legacy","1","3"
"dreams_batch_35.json","???????","??????????","legacy","1","3"
"dreams_batch_35.json","???????","????","legacy","1","3"
"dreams_batch_35.json","???????","??????","legacy","1","3"
"dreams_batch_35.json","???????","?????","legacy","1","3"
"dreams_batch_35.json","???????","?????","legacy","1","3"
"dreams_batch_35.json","???????","????????","legacy","1","3"
"dreams_batch_35.json","???????","???????","legacy","1","3"
"dreams_batch_35.json","???????","????????","legacy","1","3"
"dreams_batch_35.json","???????","?????","legacy","1","3"
"dreams_batch_35.json","???????","??????","legacy","1","3"
"dreams_batch_35.json","???????","??????????","legacy","1","3"
"dreams_batch_35.json","???????","??????","legacy","1","3"
"dreams_batch_35.json","???????","?????","legacy","1","3"
"dreams_batch_35.json","???????","???????","legacy","1","3"
"dreams_batch_35.json","???????","???????","legacy","1","3"
"dreams_batch_35.json","???????","??????","legacy","1","3"
"dreams_batch_35.json","???????","??????????","legacy","1","3"
"dreams_batch_35.json","???????","????","legacy","1","3"
"dreams_batch_35.json","???????","?????","legacy","1","3"
"dreams_batch_35.json","???????","??????","legacy","1","3"
"dreams_batch_35.json","???????","???????","legacy","1","3"
"dreams_batch_35.json","???????","??????","legacy","1","3"
"dreams_batch_35.json","???????","?????","legacy","1","3"
"dreams_batch_35.json","???????","??????","legacy","1","3"
"dreams_batch_35.json","???????","??????","legacy","1","3"
"dreams_batch_35.json","???????","????","legacy","1","3"
"dreams_batch_35.json","???????","?????????","legacy","1","3"
"dreams_batch_35.json","???????","??????????","legacy","1","3"
"dreams_batch_35.json","???????","????","legacy","1","3"
"dreams_batch_35.json","???????","????","legacy","1","3"
"dreams_batch_35.json","???????","????????","legacy","1","3"
"dreams_batch_35.json","???????","????","legacy","1","3"
"dreams_batch_35.json","???????","????","legacy","1","3"
"dreams_batch_35.json","???????","??????","legacy","1","3"
"dreams_batch_35.json","???????","???????","legacy","1","3"
"dreams_batch_35.json","???????","??????","legacy","1","3"
"dreams_batch_35.json","???????","?????","legacy","1","3"
"dreams_batch_35.json","???????","????????","legacy","1","3"
"dreams_batch_35.json","???????","????????","legacy","1","3"
"dreams_batch_35.json","???????","?????","legacy","1","3"
"dreams_batch_35.json","???????","???","legacy","1","3"
"dreams_batch_35.json","???????","???????","legacy","1","3"
"dreams_batch_35.json","???????","??????","legacy","1","3"
"dreams_batch_35.json","???????","???????","legacy","1","3"
"dreams_batch_35.json","???????","?????","legacy","1","3"
"dreams_batch_35.json","???????","????","legacy","1","3"
"dreams_batch_35.json","???????","????","legacy","1","3"
"dreams_batch_35.json","???????","????","legacy","1","3"
"dreams_batch_35.json","???????","?????","legacy","1","3"
"dreams_batch_35.json","???????","???","legacy","1","3"
"dreams_batch_35.json","???????","??????","legacy","1","3"
"dreams_batch_35.json","???????","????","legacy","1","3"
"dreams_batch_35.json","???????","?????","legacy","1","3"
"dreams_batch_35.json","???????","???","legacy","1","3"
"dreams_batch_35.json","???????","????","legacy","1","3"
"dreams_batch_35.json","???????","???????","legacy","1","3"
"dreams_batch_35.json","???????","??????","legacy","1","3"
"dreams_batch_35.json","???????","????","legacy","1","3"
"dreams_batch_35.json","???????","???????","legacy","1","3"
"dreams_batch_35.json","???????","?????","legacy","1","3"
"dreams_batch_35.json","???????","?????????","legacy","1","3"
"dreams_batch_35.json","???????","???????","legacy","1","3"
"dreams_batch_35.json","???????","????????","legacy","1","3"
"dreams_batch_35.json","???????","??????","legacy","1","3"
"dreams_batch_35.json","???????","??????","legacy","1","3"
"dreams_batch_35.json","???????","????????","legacy","1","3"
"dreams_batch_35.json","???????","???????????","legacy","1","3"
"dreams_batch_36.json","???????","???????????","legacy","1","3"
"dreams_batch_36.json","???????","?????????","legacy","1","3"
"dreams_batch_36.json","???????","??????????","legacy","1","3"
"dreams_batch_36.json","???????","????????","legacy","1","3"
"dreams_batch_36.json","???????","???????","legacy","1","3"
"dreams_batch_36.json","???????","??????","legacy","1","3"
"dreams_batch_36.json","???????","?????","legacy","1","3"
"dreams_batch_36.json","???????","????","legacy","1","3"
"dreams_batch_36.json","???????","????????","legacy","1","3"
"dreams_batch_36.json","???????","??????","legacy","1","3"
"dreams_batch_36.json","???????","????","legacy","1","3"
"dreams_batch_36.json","???????","?????","legacy","1","3"
"dreams_batch_36.json","???????","????","legacy","1","3"
"dreams_batch_36.json","???????","?????????","legacy","1","3"
"dreams_batch_36.json","???????","??????","legacy","1","3"
"dreams_batch_36.json","???????","??????","legacy","1","3"
"dreams_batch_36.json","???????","????","legacy","1","3"
"dreams_batch_36.json","???????","????","legacy","1","3"
"dreams_batch_36.json","???????","????","legacy","1","3"
"dreams_batch_36.json","???????","????","legacy","1","3"
"dreams_batch_36.json","???????","???????","legacy","1","3"
"dreams_batch_36.json","???????","?????","legacy","1","3"
"dreams_batch_36.json","???????","????","legacy","1","3"
"dreams_batch_36.json","???????","?????","legacy","1","3"
"dreams_batch_36.json","???????","??????","legacy","1","3"
"dreams_batch_36.json","???????","?????","legacy","1","3"
"dreams_batch_36.json","???????","????","legacy","1","3"
"dreams_batch_36.json","???????","??????","legacy","1","3"
"dreams_batch_36.json","???????","???????????","legacy","1","3"
"dreams_batch_36.json","???????","??????????","legacy","1","3"
"dreams_batch_36.json","???????","????????????","legacy","1","3"
"dreams_batch_36.json","???????","??","legacy","1","3"
"dreams_batch_36.json","???????","??????","legacy","1","3"
"dreams_batch_36.json","???????","??????????","legacy","1","3"
"dreams_batch_36.json","???????","??????","legacy","1","3"
"dreams_batch_36.json","???????","?????????","legacy","1","3"
"dreams_batch_36.json","???????","??????","legacy","1","3"
"dreams_batch_36.json","???????","????","legacy","1","3"
"dreams_batch_36.json","???????","????","legacy","1","3"
"dreams_batch_36.json","???????","??????","legacy","1","3"
"dreams_batch_36.json","???????","????","legacy","1","3"
"dreams_batch_36.json","???????","???????","legacy","1","3"
"dreams_batch_36.json","???????","???????","legacy","1","3"
"dreams_batch_36.json","???????","?????","legacy","1","3"
"dreams_batch_36.json","???????","?????","legacy","1","3"
"dreams_batch_36.json","???????","?????????","legacy","1","3"
"dreams_batch_36.json","???????","????????????","legacy","1","3"
"dreams_batch_36.json","???????","??????????","legacy","1","3"
"dreams_batch_36.json","???????","???????","legacy","1","3"
"dreams_batch_36.json","???????","?????","legacy","1","3"
"dreams_batch_36.json","???????","????????","legacy","1","3"
"dreams_batch_36.json","???????","????","legacy","1","3"
"dreams_batch_36.json","???????","????","legacy","1","3"
"dreams_batch_36.json","???????","???","legacy","1","3"
"dreams_batch_36.json","???????","????","legacy","1","3"
"dreams_batch_36.json","???????","???????","legacy","1","3"
"dreams_batch_36.json","???????","??????","legacy","1","3"
"dreams_batch_36.json","???????","??????","legacy","1","3"
"dreams_batch_36.json","???????","???????","legacy","1","3"
"dreams_batch_36.json","???????","??????????","legacy","1","3"
"dreams_batch_36.json","???????","??????","legacy","1","3"
"dreams_batch_36.json","???????","???","legacy","1","3"
"dreams_batch_36.json","???????","???????","legacy","1","3"
"dreams_batch_36.json","???????","???????","legacy","1","3"
"dreams_batch_36.json","???????","?????","legacy","1","3"
"dreams_batch_36.json","???????","???????","legacy","1","3"
"dreams_batch_36.json","???????","?????","legacy","1","3"
"dreams_batch_36.json","???????","????","legacy","1","3"
"dreams_batch_36.json","???????","?????????","legacy","1","3"
"dreams_batch_36.json","???????","??????","legacy","1","3"
"dreams_batch_36.json","???????","???????","legacy","1","3"
"dreams_batch_36.json","???????","?????","legacy","1","3"
"dreams_batch_36.json","???????","????????","legacy","1","3"
"dreams_batch_36.json","???????","????????","legacy","1","3"
"dreams_batch_36.json","???????","??????","legacy","1","3"
"dreams_batch_36.json","???????","????","legacy","1","3"
"dreams_batch_36.json","???????","??????","legacy","1","3"
"dreams_batch_36.json","???????","??????","legacy","1","3"
"dreams_batch_36.json","???????","??????","legacy","1","3"
"dreams_batch_36.json","???????","?????","legacy","1","3"
"dreams_batch_36.json","???????","??????","legacy","1","3"
"dreams_batch_36.json","???????","?????","legacy","1","3"
"dreams_batch_36.json","???????","????","legacy","1","3"
"dreams_batch_36.json","???????","????????","legacy","1","3"
"dreams_batch_36.json","???????","?????","legacy","1","3"
"dreams_batch_36.json","???????","???????","legacy","1","3"
"dreams_batch_36.json","???????","??????","legacy","1","3"
"dreams_batch_36.json","???????","????????","legacy","1","3"
"dreams_batch_36.json","???????","????????","legacy","1","3"
"dreams_batch_36.json","???????","?????","legacy","1","3"
"dreams_batch_36.json","???????","??????","legacy","1","3"
"dreams_batch_36.json","???????","?????????","legacy","1","3"
"dreams_batch_36.json","???????","?????","legacy","1","3"
"dreams_batch_36.json","???????","???","legacy","1","3"
"dreams_batch_36.json","???????","??????","legacy","1","3"
"dreams_batch_36.json","???????","??????","legacy","1","3"
"dreams_batch_36.json","???????","?????","legacy","1","3"
"dreams_batch_36.json","???????","??????","legacy","1","3"
"dreams_batch_36.json","???????","?????","legacy","1","3"
"dreams_batch_36.json","???????","?????","legacy","1","3"
"dreams_batch_37.json","???????","???????","legacy","1","3"
"dreams_batch_37.json","???????","?????","legacy","1","3"
"dreams_batch_37.json","???????","?????","legacy","1","3"
"dreams_batch_37.json","???????","????????","legacy","1","3"
"dreams_batch_37.json","???????","??????","legacy","1","3"
"dreams_batch_37.json","???????","????","legacy","1","3"
"dreams_batch_37.json","???????","??????","legacy","1","3"
"dreams_batch_37.json","???????","????????","legacy","1","3"
"dreams_batch_37.json","???????","?????","legacy","1","3"
"dreams_batch_37.json","???????","??????","legacy","1","3"
"dreams_batch_37.json","???????","????","legacy","1","3"
"dreams_batch_37.json","???????","?????","legacy","1","3"
"dreams_batch_37.json","???????","???","legacy","1","3"
"dreams_batch_37.json","???????","??????","legacy","1","3"
"dreams_batch_37.json","???????","????","legacy","1","3"
"dreams_batch_37.json","???????","??????","legacy","1","3"
"dreams_batch_37.json","???????","?????","legacy","1","3"
"dreams_batch_37.json","???????","??????","legacy","1","3"
"dreams_batch_37.json","???????","???????","legacy","1","3"
"dreams_batch_37.json","???????","????????","legacy","1","3"
"dreams_batch_37.json","???????","???????","legacy","1","3"
"dreams_batch_37.json","???????","?????","legacy","1","3"
"dreams_batch_37.json","???????","????????","legacy","1","3"
"dreams_batch_37.json","???????","??????????","legacy","1","3"
"dreams_batch_37.json","???????","????????","legacy","1","3"
"dreams_batch_37.json","???????","?????","legacy","1","3"
"dreams_batch_37.json","???????","?????","legacy","1","3"
"dreams_batch_37.json","???????","?????????","legacy","1","3"
"dreams_batch_37.json","???????","????","legacy","1","3"
"dreams_batch_37.json","???????","?????","legacy","1","3"
"dreams_batch_37.json","???????","??????","legacy","1","3"
"dreams_batch_37.json","???????","?????","legacy","1","3"
"dreams_batch_37.json","???????","????????","legacy","1","3"
"dreams_batch_37.json","???????","????","legacy","1","3"
"dreams_batch_37.json","???????","????????","legacy","1","3"
"dreams_batch_37.json","???????","???????","legacy","1","3"
"dreams_batch_37.json","???????","????","legacy","1","3"
"dreams_batch_37.json","???????","?????","legacy","1","3"
"dreams_batch_37.json","???????","?????","legacy","1","3"
"dreams_batch_37.json","???????","????","legacy","1","3"
"dreams_batch_37.json","???????","??????","legacy","1","3"
"dreams_batch_37.json","???????","??????","legacy","1","3"
"dreams_batch_37.json","???????","????????","legacy","1","3"
"dreams_batch_37.json","???????","??????","legacy","1","3"
"dreams_batch_37.json","???????","????","legacy","1","3"
"dreams_batch_37.json","???????","????","legacy","1","3"
"dreams_batch_37.json","???????","??????","legacy","1","3"
"dreams_batch_37.json","???????","???????","legacy","1","3"
"dreams_batch_37.json","???????","?????","legacy","1","3"
"dreams_batch_37.json","???????","?????","legacy","1","3"
"dreams_batch_37.json","???????","????????","legacy","1","3"
"dreams_batch_37.json","???????","??????","legacy","1","3"
"dreams_batch_37.json","???????","?????????","legacy","1","3"
"dreams_batch_37.json","???????","????","legacy","1","3"
"dreams_batch_37.json","???????","?????","legacy","1","3"
"dreams_batch_37.json","???????","???????????","legacy","1","3"
"dreams_batch_37.json","???????","?????","legacy","1","3"
"dreams_batch_37.json","???????","?????","legacy","1","3"
"dreams_batch_37.json","???????","?????","legacy","1","3"
"dreams_batch_37.json","???????","???","legacy","1","3"
"dreams_batch_37.json","???????","???????","legacy","1","3"
"dreams_batch_37.json","???????","?????","legacy","1","3"
"dreams_batch_37.json","???????","?????????","legacy","1","3"
"dreams_batch_37.json","???????","????","legacy","1","3"
"dreams_batch_37.json","???????","????????","legacy","1","3"
"dreams_batch_37.json","???????","????","legacy","1","3"
"dreams_batch_37.json","???????","??????","legacy","1","3"
"dreams_batch_37.json","???????","?????","legacy","1","3"
"dreams_batch_37.json","???????","????????","legacy","1","3"
"dreams_batch_37.json","???????","?????","legacy","1","3"
"dreams_batch_37.json","???????","?????","legacy","1","3"
"dreams_batch_37.json","???????","????????","legacy","1","3"
"dreams_batch_37.json","???????","???????","legacy","1","3"
"dreams_batch_37.json","???????","????","legacy","1","3"
"dreams_batch_37.json","???????","????????","legacy","1","3"
"dreams_batch_37.json","???????","??????","legacy","1","3"
"dreams_batch_37.json","???????","??????","legacy","1","3"
"dreams_batch_37.json","???????","????????","legacy","1","3"
"dreams_batch_37.json","???????","???????????","legacy","1","3"
"dreams_batch_37.json","???????","????","legacy","1","3"
"dreams_batch_37.json","???????","??????","legacy","1","3"
"dreams_batch_37.json","???????","????","legacy","1","3"
"dreams_batch_37.json","???????","????????","legacy","1","3"
"dreams_batch_37.json","???????","?????","legacy","1","3"
"dreams_batch_37.json","???????","????","legacy","1","3"
"dreams_batch_37.json","???????","?????????","legacy","1","3"
"dreams_batch_37.json","???????","???????","legacy","1","3"
"dreams_batch_37.json","???????","???","legacy","1","3"
"dreams_batch_37.json","???????","???????????","legacy","1","3"
"dreams_batch_37.json","???????","????","legacy","1","3"
"dreams_batch_37.json","???????","????","legacy","1","3"
"dreams_batch_37.json","???????","??????","legacy","1","3"
"dreams_batch_37.json","???????","?????","legacy","1","3"
"dreams_batch_37.json","???????","?????","legacy","1","3"
"dreams_batch_37.json","???????","????????","legacy","1","3"
"dreams_batch_37.json","???????","???","legacy","1","3"
"dreams_batch_37.json","???????","???","legacy","1","3"
"dreams_batch_37.json","???????","???????","legacy","1","3"
"dreams_batch_37.json","???????","????","legacy","1","3"
"dreams_batch_37.json","???????","????","legacy","1","3"
"dreams_batch_38.json","???????","?????","legacy","1","3"
"dreams_batch_38.json","???????","??????","legacy","1","3"
"dreams_batch_38.json","???????","???","legacy","1","3"
"dreams_batch_38.json","???????","???????","legacy","1","3"
"dreams_batch_38.json","???????","???????","legacy","1","3"
"dreams_batch_38.json","???????","???????","legacy","1","3"
"dreams_batch_38.json","???????","??????","legacy","1","3"
"dreams_batch_38.json","???????","???????","legacy","1","3"
"dreams_batch_38.json","???????","?????","legacy","1","3"
"dreams_batch_38.json","???????","??????","legacy","1","3"
"dreams_batch_38.json","???????","?????","legacy","1","3"
"dreams_batch_38.json","???????","????????","legacy","1","3"
"dreams_batch_38.json","???????","?????","legacy","1","3"
"dreams_batch_38.json","???????","???????","legacy","1","3"
"dreams_batch_38.json","???????","???????","legacy","1","3"
"dreams_batch_38.json","???????","???????","legacy","1","3"
"dreams_batch_38.json","???????","????","legacy","1","3"
"dreams_batch_38.json","???????","????????","legacy","1","3"
"dreams_batch_38.json","???????","???????","legacy","1","3"
"dreams_batch_38.json","???????","?????","legacy","1","3"
"dreams_batch_38.json","???????","?????","legacy","1","3"
"dreams_batch_38.json","???????","????????","legacy","1","3"
"dreams_batch_38.json","???????","????","legacy","1","3"
"dreams_batch_38.json","???????","???","legacy","1","3"
"dreams_batch_38.json","???????","?????","legacy","1","3"
"dreams_batch_38.json","???????","??????","legacy","1","3"
"dreams_batch_38.json","???????","?????","legacy","1","3"
"dreams_batch_38.json","???????","??????????","legacy","1","3"
"dreams_batch_38.json","???????","??????????","legacy","1","3"
"dreams_batch_38.json","???????","????","legacy","1","3"
"dreams_batch_38.json","???????","??????","legacy","1","3"
"dreams_batch_38.json","???????","?????","legacy","1","3"
"dreams_batch_38.json","???????","???","legacy","1","3"
"dreams_batch_38.json","???????","????????","legacy","1","3"
"dreams_batch_38.json","???????","????","legacy","1","3"
"dreams_batch_38.json","???????","???????","legacy","1","3"
"dreams_batch_38.json","???????","?????","legacy","1","3"
"dreams_batch_38.json","???????","?????","legacy","1","3"
"dreams_batch_38.json","???????","??????? ??????","legacy","1","3"
"dreams_batch_38.json","???????","???????","legacy","1","3"
"dreams_batch_38.json","???????","??????","legacy","1","3"
"dreams_batch_38.json","???????","????","legacy","1","3"
"dreams_batch_38.json","???????","?????","legacy","1","3"
"dreams_batch_38.json","???????","??????","legacy","1","3"
"dreams_batch_38.json","???????","???????","legacy","1","3"
"dreams_batch_38.json","???????","???","legacy","1","3"
"dreams_batch_38.json","???????","????","legacy","1","3"
"dreams_batch_38.json","???????","???","legacy","1","3"
"dreams_batch_38.json","???????","?????","legacy","1","3"
"dreams_batch_38.json","???????","?????","legacy","1","3"
"dreams_batch_38.json","???????","????","legacy","1","3"
"dreams_batch_38.json","???????","?????","legacy","1","3"
"dreams_batch_38.json","???????","?????","legacy","1","3"
"dreams_batch_38.json","???????","????????","legacy","1","3"
"dreams_batch_38.json","???????","?????","legacy","1","3"
"dreams_batch_38.json","???????","????","legacy","1","3"
"dreams_batch_38.json","???????","?????","legacy","1","3"
"dreams_batch_38.json","???????","?????","legacy","1","3"
"dreams_batch_38.json","???????","??????","legacy","1","3"
"dreams_batch_38.json","???????","???????","legacy","1","3"
"dreams_batch_38.json","???????","?????","legacy","1","3"
"dreams_batch_38.json","???????","?????","legacy","1","3"
"dreams_batch_38.json","???????","?????","legacy","1","3"
"dreams_batch_38.json","???????","?????","legacy","1","3"
"dreams_batch_38.json","???????","????","legacy","1","3"
"dreams_batch_38.json","???????","?????","legacy","1","3"
"dreams_batch_38.json","???????","?????","legacy","1","3"
"dreams_batch_38.json","???????","?????","legacy","1","3"
"dreams_batch_38.json","???????","?????","legacy","1","3"
"dreams_batch_38.json","???????","???","legacy","1","3"
"dreams_batch_38.json","???????","?????","legacy","1","3"
"dreams_batch_38.json","???????","??????","legacy","1","3"
"dreams_batch_38.json","???????","????????","legacy","1","3"
"dreams_batch_38.json","???????","????","legacy","1","3"
"dreams_batch_38.json","???????","???????","legacy","1","3"
"dreams_batch_38.json","???????","?????","legacy","1","3"
"dreams_batch_38.json","???????","????","legacy","1","3"
"dreams_batch_38.json","???????","?????","legacy","1","3"
"dreams_batch_38.json","???????","?????","legacy","1","3"
"dreams_batch_38.json","???????","??????","legacy","1","3"
"dreams_batch_38.json","???????","??","legacy","1","3"
"dreams_batch_38.json","???????","???","legacy","1","3"
"dreams_batch_38.json","???????","????","legacy","1","3"
"dreams_batch_38.json","???????","????????","legacy","1","3"
"dreams_batch_38.json","???????","??????","legacy","1","3"
"dreams_batch_38.json","???????","????","legacy","1","3"
"dreams_batch_38.json","???????","???????","legacy","1","3"
"dreams_batch_38.json","???????","???????","legacy","1","3"
"dreams_batch_38.json","???????","??????","legacy","1","3"
"dreams_batch_38.json","???????","?????","legacy","1","3"
"dreams_batch_38.json","???????","??????????","legacy","1","3"
"dreams_batch_38.json","???????","???????????","legacy","1","3"
"dreams_batch_38.json","???????","???????","legacy","1","3"
"dreams_batch_38.json","???????","????????","legacy","1","3"
"dreams_batch_38.json","???????","????????","legacy","1","3"
"dreams_batch_38.json","???????","??????","legacy","1","3"
"dreams_batch_38.json","???????","????????","legacy","1","3"
"dreams_batch_38.json","???????","????????????","legacy","1","3"
"dreams_batch_38.json","???????","???????","legacy","1","3"
"dreams_batch_38.json","???????","???????","legacy","1","3"
"dreams_batch_39.json","???????","?????","legacy","1","3"
"dreams_batch_39.json","???????","??????","legacy","1","3"
"dreams_batch_39.json","???????","???????","legacy","1","3"
"dreams_batch_39.json","???????","??????","legacy","1","3"
"dreams_batch_39.json","???????","???????","legacy","1","3"
"dreams_batch_39.json","???????","?????????","legacy","1","3"
"dreams_batch_39.json","???????","????????","legacy","1","3"
"dreams_batch_39.json","???????","??????","legacy","1","3"
"dreams_batch_39.json","???????","??????","legacy","1","3"
"dreams_batch_39.json","???????","?????","legacy","1","3"
"dreams_batch_39.json","???????","????????","legacy","1","3"
"dreams_batch_39.json","???????","?????","legacy","1","3"
"dreams_batch_39.json","???????","????????","legacy","1","3"
"dreams_batch_39.json","???????","?????","legacy","1","3"
"dreams_batch_39.json","???????","????????","legacy","1","3"
"dreams_batch_39.json","???????","??????","legacy","1","3"
"dreams_batch_39.json","???????","???","legacy","1","3"
"dreams_batch_39.json","???????","??????","legacy","1","3"
"dreams_batch_39.json","???????","????","legacy","1","3"
"dreams_batch_39.json","???????","??????","legacy","1","3"
"dreams_batch_39.json","???????","??","legacy","1","3"
"dreams_batch_39.json","???????","????","legacy","1","3"
"dreams_batch_39.json","???????","????","legacy","1","3"
"dreams_batch_39.json","???????","??????","legacy","1","3"
"dreams_batch_39.json","???????","??????","legacy","1","3"
"dreams_batch_39.json","???????","?????","legacy","1","3"
"dreams_batch_39.json","???????","????","legacy","1","3"
"dreams_batch_39.json","???????","???????","legacy","1","3"
"dreams_batch_39.json","???????","??????","legacy","1","3"
"dreams_batch_39.json","???????","???????","legacy","1","3"
"dreams_batch_39.json","???????","???","legacy","1","3"
"dreams_batch_39.json","???????","???????","legacy","1","3"
"dreams_batch_39.json","???????","?????","legacy","1","3"
"dreams_batch_39.json","???????","??","legacy","1","3"
"dreams_batch_39.json","???????","????","legacy","1","3"
"dreams_batch_39.json","???????","????","legacy","1","3"
"dreams_batch_39.json","???????","????","legacy","1","3"
"dreams_batch_39.json","???????","????","legacy","1","3"
"dreams_batch_39.json","???????","?????","legacy","1","3"
"dreams_batch_39.json","???????","???","legacy","1","3"
"dreams_batch_39.json","???????","??????","legacy","1","3"
"dreams_batch_39.json","???????","??????","legacy","1","3"
"dreams_batch_39.json","???????","?????","legacy","1","3"
"dreams_batch_39.json","???????","???????","legacy","1","3"
"dreams_batch_39.json","???????","????","legacy","1","3"
"dreams_batch_39.json","???????","??????","legacy","1","3"
"dreams_batch_39.json","???????","????","legacy","1","3"
"dreams_batch_39.json","???????","???????","legacy","1","3"
"dreams_batch_39.json","???????","?????","legacy","1","3"
"dreams_batch_39.json","???????","??????","legacy","1","3"
"dreams_batch_39.json","???????","?????","legacy","1","3"
"dreams_batch_39.json","???????","????","legacy","1","3"
"dreams_batch_39.json","???????","??????","legacy","1","3"
"dreams_batch_39.json","???????","??????","legacy","1","3"
"dreams_batch_39.json","???????","???????","legacy","1","3"
"dreams_batch_39.json","???????","????","legacy","1","3"
"dreams_batch_39.json","???????","????","legacy","1","3"
"dreams_batch_4.json","???????","??????","legacy","1","3"
"dreams_batch_4.json","???????","???","legacy","1","3"
"dreams_batch_4.json","???????","???????","legacy","1","3"
"dreams_batch_4.json","???????","?????????","legacy","1","3"
"dreams_batch_4.json","???????","?????","legacy","1","3"
"dreams_batch_4.json","???????","??????","legacy","1","3"
"dreams_batch_4.json","???????","??????","legacy","1","3"
"dreams_batch_4.json","???????","?????","legacy","1","3"
"dreams_batch_4.json","???????","???????","legacy","1","3"
"dreams_batch_4.json","???????","???????","legacy","1","3"
"dreams_batch_4.json","???????","??????","legacy","1","3"
"dreams_batch_4.json","???????","????","legacy","1","3"
"dreams_batch_4.json","???????","?????","legacy","1","3"
"dreams_batch_4.json","???????","?????","legacy","1","3"
"dreams_batch_4.json","???????","??????","legacy","1","3"
"dreams_batch_4.json","???????","????","legacy","1","3"
"dreams_batch_4.json","???????","??????????","legacy","1","3"
"dreams_batch_4.json","???????","???????","legacy","1","3"
"dreams_batch_4.json","???????","???","legacy","1","3"
"dreams_batch_4.json","???????","??????","legacy","1","3"
"dreams_batch_4.json","???????","???????","legacy","1","3"
"dreams_batch_4.json","???????","???????????","legacy","1","3"
"dreams_batch_4.json","???????","????????","legacy","1","3"
"dreams_batch_4.json","???????","?????????","legacy","1","3"
"dreams_batch_4.json","???????","?????","legacy","1","3"
"dreams_batch_4.json","???????","?????","legacy","1","3"
"dreams_batch_4.json","???????","?????","legacy","1","3"
"dreams_batch_4.json","???????","??????????","legacy","1","3"
"dreams_batch_4.json","???????","????????","legacy","1","3"
"dreams_batch_4.json","???????","????","legacy","1","3"
"dreams_batch_4.json","???????","?????","legacy","1","3"
"dreams_batch_4.json","???????","???????","legacy","1","3"
"dreams_batch_4.json","???????","???????","legacy","1","3"
"dreams_batch_4.json","???????","???????","legacy","1","3"
"dreams_batch_4.json","???????","??????","legacy","1","3"
"dreams_batch_4.json","???????","????????","legacy","1","3"
"dreams_batch_4.json","???????","??????","legacy","1","3"
"dreams_batch_4.json","???????","???????","legacy","1","3"
"dreams_batch_4.json","???????","????????","legacy","1","3"
"dreams_batch_4.json","???????","?????","legacy","1","3"
"dreams_batch_4.json","???????","???????","legacy","1","3"
"dreams_batch_4.json","???????","???","legacy","1","3"
"dreams_batch_4.json","???????","???????","legacy","1","3"
"dreams_batch_4.json","???????","?????","legacy","1","3"
"dreams_batch_4.json","???????","?????","legacy","1","3"
"dreams_batch_4.json","???????","????","legacy","1","3"
"dreams_batch_4.json","???????","?????","legacy","1","3"
"dreams_batch_4.json","???????","?????","legacy","1","3"
"dreams_batch_4.json","???????","?????","legacy","1","3"
"dreams_batch_4.json","???????","????????","legacy","1","3"
"dreams_batch_4.json","???????","???????","legacy","1","3"
"dreams_batch_4.json","???????","????","legacy","1","3"
"dreams_batch_4.json","???????","??????????","legacy","1","3"
"dreams_batch_4.json","???????","??????","legacy","1","3"
"dreams_batch_4.json","???????","?????","legacy","1","3"
"dreams_batch_4.json","???????","?????","legacy","1","3"
"dreams_batch_4.json","???????","?????","legacy","1","3"
"dreams_batch_4.json","???????","?????","legacy","1","3"
"dreams_batch_4.json","???????","?????","legacy","1","3"
"dreams_batch_4.json","???????","?????","legacy","1","3"
"dreams_batch_4.json","???????","??????","legacy","1","3"
"dreams_batch_4.json","???????","????????","legacy","1","3"
"dreams_batch_4.json","???????","????","legacy","1","3"
"dreams_batch_4.json","???????","?????","legacy","1","3"
"dreams_batch_4.json","???????","???????","legacy","1","3"
"dreams_batch_4.json","???????","?????????","legacy","1","3"
"dreams_batch_4.json","???????","?????","legacy","1","3"
"dreams_batch_4.json","???????","?????","legacy","1","3"
"dreams_batch_4.json","???????","????","legacy","1","3"
"dreams_batch_4.json","???????","????????","legacy","1","3"
"dreams_batch_4.json","???????","????","legacy","1","3"
"dreams_batch_4.json","???????","????????","legacy","1","3"
"dreams_batch_4.json","???????","????","legacy","1","3"
"dreams_batch_4.json","???????","???????","legacy","1","3"
"dreams_batch_4.json","???????","????????","legacy","1","3"
"dreams_batch_4.json","???????","???????","legacy","1","3"
"dreams_batch_4.json","???????","?????","legacy","1","3"
"dreams_batch_4.json","???????","?????","legacy","1","3"
"dreams_batch_4.json","???????","?????","legacy","1","3"
"dreams_batch_4.json","???????","????","legacy","1","3"
"dreams_batch_4.json","???????","?????","legacy","1","3"
"dreams_batch_4.json","???????","????????","legacy","1","3"
"dreams_batch_4.json","???????","??????","legacy","1","3"
"dreams_batch_4.json","???????","????????","legacy","1","3"
"dreams_batch_4.json","???????","???????","legacy","1","3"
"dreams_batch_4.json","???????","????????","legacy","1","3"
"dreams_batch_4.json","???????","????????????","legacy","1","3"
"dreams_batch_4.json","???????","?????????????","legacy","1","3"
"dreams_batch_4.json","???????","???????","legacy","1","3"
"dreams_batch_4.json","???????","???????????","legacy","1","3"
"dreams_batch_4.json","???????","?????","legacy","1","3"
"dreams_batch_4.json","???????","????","legacy","1","3"
"dreams_batch_4.json","???????","????????","legacy","1","3"
"dreams_batch_4.json","???????","?????","legacy","1","3"
"dreams_batch_4.json","???????","???????","legacy","1","3"
"dreams_batch_4.json","???????","????????????","legacy","1","3"
"dreams_batch_4.json","???????","???????????","legacy","1","3"
"dreams_batch_4.json","???????","??????","legacy","1","3"
"dreams_batch_4.json","???????","?????","legacy","1","3"
"dreams_batch_4.json","???????","??????????","legacy","1","3"
"dreams_batch_40.json","???????","????????????????","legacy","1","3"
"dreams_batch_40.json","???????","????????????????????????","legacy","1","3"
"dreams_batch_40.json","???????","??????????","legacy","1","3"
"dreams_batch_40.json","???????","??????????","legacy","1","3"
"dreams_batch_40.json","???????","??????","legacy","1","3"
"dreams_batch_40.json","???????","??????????","legacy","1","3"
"dreams_batch_40.json","???????","????????","legacy","1","3"
"dreams_batch_40.json","???????","?????????????????????? ????????????????????","legacy","1","3"
"dreams_batch_40.json","???????","????????????","legacy","1","3"
"dreams_batch_40.json","???????","??????????????????","legacy","1","3"
"dreams_batch_40.json","???????","????????????????","legacy","1","3"
"dreams_batch_40.json","???????","????????????","legacy","1","3"
"dreams_batch_40.json","???????","??????????????","legacy","1","3"
"dreams_batch_40.json","???????","????????????","legacy","1","3"
"dreams_batch_40.json","???????","????????????????","legacy","1","3"
"dreams_batch_40.json","???????","??????????????","legacy","1","3"
"dreams_batch_40.json","???????","????????????","legacy","1","3"
"dreams_batch_40.json","???????","????????????????","legacy","1","3"
"dreams_batch_40.json","???????","????????????","legacy","1","3"
"dreams_batch_40.json","???????","????????????????????","legacy","1","3"
"dreams_batch_40.json","???????","??????????????????","legacy","1","3"
"dreams_batch_40.json","???????","????????????","legacy","1","3"
"dreams_batch_40.json","???????","??????????????","legacy","1","3"
"dreams_batch_40.json","???????","???????????? ????????","legacy","1","3"
"dreams_batch_40.json","???????","??????????????????","legacy","1","3"
"dreams_batch_40.json","???????","????????????????","legacy","1","3"
"dreams_batch_40.json","???????","???????????? ??????????????","legacy","1","3"
"dreams_batch_40.json","???????","????????","legacy","1","3"
"dreams_batch_40.json","???????","??????????????","legacy","1","3"
"dreams_batch_40.json","???????","??????????????????","legacy","1","3"
"dreams_batch_40.json","???????","????????????????","legacy","1","3"
"dreams_batch_40.json","???????","??????????????","legacy","1","3"
"dreams_batch_40.json","???????","??????????","legacy","1","3"
"dreams_batch_40.json","???????","????????????????????","legacy","1","3"
"dreams_batch_40.json","???????","??????","legacy","1","3"
"dreams_batch_40.json","???????","??????????????","legacy","1","3"
"dreams_batch_40.json","???????","??????????","legacy","1","3"
"dreams_batch_40.json","???????","??????????","legacy","1","3"
"dreams_batch_40.json","???????","????????????","legacy","1","3"
"dreams_batch_40.json","???????","????????????????????","legacy","1","3"
"dreams_batch_40.json","???????","????????????????????????????","legacy","1","3"
"dreams_batch_40.json","???????","????????????????????????","legacy","1","3"
"dreams_batch_40.json","???????","?????????? ????????","legacy","1","3"
"dreams_batch_40.json","???????","??????????","legacy","1","3"
"dreams_batch_40.json","???????","??????????????","legacy","1","3"
"dreams_batch_40.json","???????","?????????????????????? ??????????","legacy","1","3"
"dreams_batch_40.json","???????","??????????????????????????","legacy","1","3"
"dreams_batch_40.json","???????","??????????????????","legacy","1","3"
"dreams_batch_40.json","???????","??????????????","legacy","1","3"
"dreams_batch_40.json","???????","??????-??????","legacy","1","3"
"dreams_batch_41.json","???????","??????????????????????","legacy","1","3"
"dreams_batch_41.json","???????","????????????????","legacy","1","3"
"dreams_batch_41.json","???????","??????????????????","legacy","1","3"
"dreams_batch_41.json","???????","??????????????","legacy","1","3"
"dreams_batch_41.json","???????","??????????????","legacy","1","3"
"dreams_batch_41.json","???????","????????","legacy","1","3"
"dreams_batch_41.json","???????","????????????","legacy","1","3"
"dreams_batch_41.json","???????","??????????","legacy","1","3"
"dreams_batch_41.json","???????","????????","legacy","1","3"
"dreams_batch_41.json","???????","????????????????","legacy","1","3"
"dreams_batch_41.json","???????","????????????","legacy","1","3"
"dreams_batch_41.json","???????","????????","legacy","1","3"
"dreams_batch_41.json","???????","??????","legacy","1","3"
"dreams_batch_41.json","???????","????????????","legacy","1","3"
"dreams_batch_41.json","???????","??????????????????????","legacy","1","3"
"dreams_batch_41.json","???????","??????????????????????????","legacy","1","3"
"dreams_batch_41.json","???????","??????????????????","legacy","1","3"
"dreams_batch_41.json","???????","????????????","legacy","1","3"
"dreams_batch_41.json","???????","????????????????","legacy","1","3"
"dreams_batch_42.json","???????","??????????????????","legacy","1","3"
"dreams_batch_42.json","???????","??????????????????","legacy","1","3"
"dreams_batch_42.json","???????","????????????","legacy","1","3"
"dreams_batch_42.json","???????","??????????????????","legacy","1","3"
"dreams_batch_42.json","???????","??????????????","legacy","1","3"
"dreams_batch_42.json","???????","??????????","legacy","1","3"
"dreams_batch_42.json","???????","????????","legacy","1","3"
"dreams_batch_42.json","???????","????????????????????","legacy","1","3"
"dreams_batch_42.json","???????","????????????-??????????","legacy","1","3"
"dreams_batch_42.json","???????","??????????????","legacy","1","3"
"dreams_batch_42.json","???????","???????????????????? ????????????????","legacy","1","3"
"dreams_batch_42.json","???????","??????????-??????","legacy","1","3"
"dreams_batch_42.json","???????","????????????????????????????","legacy","1","3"
"dreams_batch_42.json","???????","????????????????","legacy","1","3"
"dreams_batch_42.json","???????","??????????????????","legacy","1","3"
"dreams_batch_42.json","???????","??????-????????","legacy","1","3"
"dreams_batch_42.json","???????","????????????????????????","legacy","1","3"
"dreams_batch_42.json","???????","??????????????????","legacy","1","3"
"dreams_batch_42.json","???????","??????????","legacy","1","3"
"dreams_batch_42.json","???????","????????????????","legacy","1","3"
"dreams_batch_43.json","???????","??????????????","legacy","1","3"
"dreams_batch_43.json","???????","??????????","legacy","1","3"
"dreams_batch_43.json","???????","????????","legacy","1","3"
"dreams_batch_43.json","???????","????????????","legacy","1","3"
"dreams_batch_43.json","???????","????????????????","legacy","1","3"
"dreams_batch_43.json","???????","??????????","legacy","1","3"
"dreams_batch_43.json","???????","??????????","legacy","1","3"
"dreams_batch_43.json","???????","??????????","legacy","1","3"
"dreams_batch_43.json","???????","??????????","legacy","1","3"
"dreams_batch_43.json","???????","????????????????????","legacy","1","3"
"dreams_batch_43.json","???????","??????-??????????","legacy","1","3"
"dreams_batch_43.json","???????","????????????","legacy","1","3"
"dreams_batch_43.json","???????","????????????","legacy","1","3"
"dreams_batch_43.json","???????","??????????????????????","legacy","1","3"
"dreams_batch_43.json","???????","??????????????????","legacy","1","3"
"dreams_batch_43.json","???????","??????????????","legacy","1","3"
"dreams_batch_43.json","???????","????????????","legacy","1","3"
"dreams_batch_43.json","???????","????????????????","legacy","1","3"
"dreams_batch_43.json","???????","????????","legacy","1","3"
"dreams_batch_43.json","???????","????????????","legacy","1","3"
"dreams_batch_44.json","???????","??????????-??????????????","legacy","1","3"
"dreams_batch_44.json","???????","?????????? ??????","legacy","1","3"
"dreams_batch_44.json","???????","??????????-????","legacy","1","3"
"dreams_batch_44.json","???????","????????????","legacy","1","3"
"dreams_batch_44.json","???????","???????????????? ??????","legacy","1","3"
"dreams_batch_44.json","???????","????????????-????????????","legacy","1","3"
"dreams_batch_44.json","???????","??????????????????????????????","legacy","1","3"
"dreams_batch_44.json","???????","??????????????","legacy","1","3"
"dreams_batch_44.json","???????","??????????????","legacy","1","3"
"dreams_batch_44.json","???????","?????????????????? ??????????????","legacy","1","3"
"dreams_batch_44.json","???????","????????????????????","legacy","1","3"
"dreams_batch_44.json","???????","??????????????????????","legacy","1","3"
"dreams_batch_44.json","???????","??????????????????????","legacy","1","3"
"dreams_batch_44.json","???????","?????????????????????? ??????????????","legacy","1","3"
"dreams_batch_44.json","???????","??????????????????????","legacy","1","3"
"dreams_batch_44.json","???????","????????????????????","legacy","1","3"
"dreams_batch_44.json","???????","??????????????","legacy","1","3"
"dreams_batch_44.json","???????","??????????????????????","legacy","1","3"
"dreams_batch_44.json","???????","????????????????","legacy","1","3"
"dreams_batch_44.json","???????","????????????????","legacy","1","3"
"dreams_batch_5.json","???????","???????","legacy","1","3"
"dreams_batch_5.json","???????","????","legacy","1","3"
"dreams_batch_5.json","???????","?????","legacy","1","3"
"dreams_batch_5.json","???????","??????","legacy","1","3"
"dreams_batch_5.json","???????","?????","legacy","1","3"
"dreams_batch_5.json","???????","??????","legacy","1","3"
"dreams_batch_5.json","???????","?????","legacy","1","3"
"dreams_batch_5.json","???????","????","legacy","1","3"
"dreams_batch_5.json","???????","?????","legacy","1","3"
"dreams_batch_5.json","???????","??????","legacy","1","3"
"dreams_batch_5.json","???????","??????????","legacy","1","3"
"dreams_batch_5.json","???????","?????","legacy","1","3"
"dreams_batch_5.json","???????","???????","legacy","1","3"
"dreams_batch_5.json","???????","?????","legacy","1","3"
"dreams_batch_5.json","???????","??????","legacy","1","3"
"dreams_batch_5.json","???????","???????","legacy","1","3"
"dreams_batch_5.json","???????","??????","legacy","1","3"
"dreams_batch_5.json","???????","????","legacy","1","3"
"dreams_batch_5.json","???????","????","legacy","1","3"
"dreams_batch_5.json","???????","???????????","legacy","1","3"
"dreams_batch_5.json","???????","??????","legacy","1","3"
"dreams_batch_5.json","???????","??????","legacy","1","3"
"dreams_batch_5.json","???????","???????????","legacy","1","3"
"dreams_batch_5.json","???????","????","legacy","1","3"
"dreams_batch_5.json","???????","??????","legacy","1","3"
"dreams_batch_5.json","???????","??????","legacy","1","3"
"dreams_batch_5.json","???????","????","legacy","1","3"
"dreams_batch_5.json","???????","????","legacy","1","3"
"dreams_batch_5.json","???????","?????","legacy","1","3"
"dreams_batch_5.json","???????","???????","legacy","1","3"
"dreams_batch_5.json","???????","?????????","legacy","1","3"
"dreams_batch_5.json","???????","???????","legacy","1","3"
"dreams_batch_5.json","???????","???????","legacy","1","3"
"dreams_batch_5.json","???????","?????????","legacy","1","3"
"dreams_batch_5.json","???????","???????","legacy","1","3"
"dreams_batch_5.json","???????","??????","legacy","1","3"
"dreams_batch_5.json","???????","????","legacy","1","3"
"dreams_batch_5.json","???????","?????","legacy","1","3"
"dreams_batch_5.json","???????","?????????","legacy","1","3"
"dreams_batch_5.json","???????","?????","legacy","1","3"
"dreams_batch_5.json","???????","?????","legacy","1","3"
"dreams_batch_5.json","???????","??????","legacy","1","3"
"dreams_batch_5.json","???????","?????","legacy","1","3"
"dreams_batch_5.json","???????","?????","legacy","1","3"
"dreams_batch_5.json","???????","???????","legacy","1","3"
"dreams_batch_5.json","???????","?????","legacy","1","3"
"dreams_batch_5.json","???????","????????????","legacy","1","3"
"dreams_batch_5.json","???????","???????","legacy","1","3"
"dreams_batch_5.json","???????","???????","legacy","1","3"
"dreams_batch_5.json","???????","??????","legacy","1","3"
"dreams_batch_5.json","???????","?????????","legacy","1","3"
"dreams_batch_5.json","???????","????????","legacy","1","3"
"dreams_batch_5.json","???????","??????","legacy","1","3"
"dreams_batch_5.json","???????","???????","legacy","1","3"
"dreams_batch_5.json","???????","?????","legacy","1","3"
"dreams_batch_5.json","???????","???????","legacy","1","3"
"dreams_batch_5.json","???????","?????","legacy","1","3"
"dreams_batch_5.json","???????","?????","legacy","1","3"
"dreams_batch_5.json","???????","???????","legacy","1","3"
"dreams_batch_5.json","???????","???????","legacy","1","3"
"dreams_batch_5.json","???????","??????","legacy","1","3"
"dreams_batch_5.json","???????","???????","legacy","1","3"
"dreams_batch_5.json","???????","???????","legacy","1","3"
"dreams_batch_5.json","???????","??????","legacy","1","3"
"dreams_batch_5.json","???????","??????","legacy","1","3"
"dreams_batch_5.json","???????","?????","legacy","1","3"
"dreams_batch_5.json","???????","?????","legacy","1","3"
"dreams_batch_5.json","???????","???????","legacy","1","3"
"dreams_batch_5.json","???????","????????????","legacy","1","3"
"dreams_batch_5.json","???????","?????","legacy","1","3"
"dreams_batch_5.json","???????","???????","legacy","1","3"
"dreams_batch_5.json","???????","??????","legacy","1","3"
"dreams_batch_5.json","???????","?????","legacy","1","3"
"dreams_batch_5.json","???????","?????","legacy","1","3"
"dreams_batch_5.json","???????","???????","legacy","1","3"
"dreams_batch_5.json","???????","?????","legacy","1","3"
"dreams_batch_5.json","???????","????????","legacy","1","3"
"dreams_batch_5.json","???????","????????","legacy","1","3"
"dreams_batch_5.json","???????","????????","legacy","1","3"
"dreams_batch_5.json","???????","??????","legacy","1","3"
"dreams_batch_5.json","???????","????????","legacy","1","3"
"dreams_batch_5.json","???????","????????","legacy","1","3"
"dreams_batch_5.json","???????","??????","legacy","1","3"
"dreams_batch_5.json","???????","??????","legacy","1","3"
"dreams_batch_5.json","???????","?????????","legacy","1","3"
"dreams_batch_5.json","???????","????","legacy","1","3"
"dreams_batch_5.json","???????","?????","legacy","1","3"
"dreams_batch_5.json","???????","??????","legacy","1","3"
"dreams_batch_5.json","???????","??????","legacy","1","3"
"dreams_batch_5.json","???????","????","legacy","1","3"
"dreams_batch_5.json","???????","????","legacy","1","3"
"dreams_batch_5.json","???????","????????","legacy","1","3"
"dreams_batch_5.json","???????","????","legacy","1","3"
"dreams_batch_5.json","???????","??????","legacy","1","3"
"dreams_batch_5.json","???????","????","legacy","1","3"
"dreams_batch_5.json","???????","?????","legacy","1","3"
"dreams_batch_5.json","???????","???????","legacy","1","3"
"dreams_batch_5.json","???????","?????","legacy","1","3"
"dreams_batch_5.json","???????","??????","legacy","1","3"
"dreams_batch_5.json","???????","?????","legacy","1","3"
"dreams_batch_6.json","???????","??????","legacy","1","3"
"dreams_batch_6.json","???????","????","legacy","1","3"
"dreams_batch_6.json","???????","??????","legacy","1","3"
"dreams_batch_6.json","???????","????","legacy","1","3"
"dreams_batch_6.json","???????","???????","legacy","1","3"
"dreams_batch_6.json","???????","?????","legacy","1","3"
"dreams_batch_6.json","???????","????????","legacy","1","3"
"dreams_batch_6.json","???????","???","legacy","1","3"
"dreams_batch_6.json","???????","?????????","legacy","1","3"
"dreams_batch_6.json","???????","???","legacy","1","3"
"dreams_batch_6.json","???????","??????","legacy","1","3"
"dreams_batch_6.json","???????","???????????","legacy","1","3"
"dreams_batch_6.json","???????","?????","legacy","1","3"
"dreams_batch_6.json","???????","?????","legacy","1","3"
"dreams_batch_6.json","???????","??????","legacy","1","3"
"dreams_batch_6.json","???????","?????","legacy","1","3"
"dreams_batch_6.json","???????","????","legacy","1","3"
"dreams_batch_6.json","???????","????","legacy","1","3"
"dreams_batch_6.json","???????","????????","legacy","1","3"
"dreams_batch_6.json","???????","????","legacy","1","3"
"dreams_batch_6.json","???????","????????","legacy","1","3"
"dreams_batch_6.json","???????","?????","legacy","1","3"
"dreams_batch_6.json","???????","?????????","legacy","1","3"
"dreams_batch_6.json","???????","?????","legacy","1","3"
"dreams_batch_6.json","???????","??????","legacy","1","3"
"dreams_batch_6.json","???????","?????????","legacy","1","3"
"dreams_batch_6.json","???????","????????","legacy","1","3"
"dreams_batch_6.json","???????","?????","legacy","1","3"
"dreams_batch_6.json","???????","???????","legacy","1","3"
"dreams_batch_6.json","???????","??????","legacy","1","3"
"dreams_batch_6.json","???????","???????????","legacy","1","3"
"dreams_batch_6.json","???????","????????","legacy","1","3"
"dreams_batch_6.json","???????","??????????","legacy","1","3"
"dreams_batch_6.json","???????","??????","legacy","1","3"
"dreams_batch_6.json","???????","??????","legacy","1","3"
"dreams_batch_6.json","???????","????","legacy","1","3"
"dreams_batch_6.json","???????","?????????","legacy","1","3"
"dreams_batch_6.json","???????","?????????","legacy","1","3"
"dreams_batch_6.json","???????","??????","legacy","1","3"
"dreams_batch_6.json","???????","???????","legacy","1","3"
"dreams_batch_6.json","???????","?????????????","legacy","1","3"
"dreams_batch_6.json","???????","???????","legacy","1","3"
"dreams_batch_6.json","???????","?????","legacy","1","3"
"dreams_batch_6.json","???????","??????","legacy","1","3"
"dreams_batch_6.json","???????","???????","legacy","1","3"
"dreams_batch_6.json","???????","?????","legacy","1","3"
"dreams_batch_6.json","???????","????","legacy","1","3"
"dreams_batch_6.json","???????","????","legacy","1","3"
"dreams_batch_6.json","???????","????","legacy","1","3"
"dreams_batch_6.json","???????","????","legacy","1","3"
"dreams_batch_6.json","???????","????","legacy","1","3"
"dreams_batch_6.json","???????","?????","legacy","1","3"
"dreams_batch_6.json","???????","????","legacy","1","3"
"dreams_batch_6.json","???????","????","legacy","1","3"
"dreams_batch_6.json","???????","?????","legacy","1","3"
"dreams_batch_6.json","???????","????","legacy","1","3"
"dreams_batch_6.json","???????","????????","legacy","1","3"
"dreams_batch_6.json","???????","?????","legacy","1","3"
"dreams_batch_6.json","???????","??????","legacy","1","3"
"dreams_batch_6.json","???????","??????","legacy","1","3"
"dreams_batch_6.json","???????","?????","legacy","1","3"
"dreams_batch_6.json","???????","??????","legacy","1","3"
"dreams_batch_6.json","???????","?????","legacy","1","3"
"dreams_batch_6.json","???????","??????","legacy","1","3"
"dreams_batch_6.json","???????","?????","legacy","1","3"
"dreams_batch_6.json","???????","????","legacy","1","3"
"dreams_batch_6.json","???????","???","legacy","1","3"
"dreams_batch_6.json","???????","??????","legacy","1","3"
"dreams_batch_6.json","???????","???????","legacy","1","3"
"dreams_batch_6.json","???????","????????","legacy","1","3"
"dreams_batch_6.json","???????","??????","legacy","1","3"
"dreams_batch_6.json","???????","?????","legacy","1","3"
"dreams_batch_6.json","???????","????????","legacy","1","3"
"dreams_batch_6.json","???????","????","legacy","1","3"
"dreams_batch_6.json","???????","???????","legacy","1","3"
"dreams_batch_6.json","???????","????","legacy","1","3"
"dreams_batch_6.json","???????","?????","legacy","1","3"
"dreams_batch_6.json","???????","????????","legacy","1","3"
"dreams_batch_6.json","???????","????","legacy","1","3"
"dreams_batch_6.json","???????","???","legacy","1","3"
"dreams_batch_6.json","???????","???????","legacy","1","3"
"dreams_batch_6.json","???????","?????????","legacy","1","3"
"dreams_batch_6.json","???????","????","legacy","1","3"
"dreams_batch_6.json","???????","????","legacy","1","3"
"dreams_batch_6.json","???????","?????","legacy","1","3"
"dreams_batch_6.json","???????","????????","legacy","1","3"
"dreams_batch_6.json","???????","????","legacy","1","3"
"dreams_batch_6.json","???????","??????","legacy","1","3"
"dreams_batch_6.json","???????","???????","legacy","1","3"
"dreams_batch_6.json","???????","????","legacy","1","3"
"dreams_batch_6.json","???????","??????","legacy","1","3"
"dreams_batch_6.json","???????","???????","legacy","1","3"
"dreams_batch_6.json","???????","?????????","legacy","1","3"
"dreams_batch_6.json","???????","??????","legacy","1","3"
"dreams_batch_6.json","???????","?????","legacy","1","3"
"dreams_batch_6.json","???????","?????","legacy","1","3"
"dreams_batch_6.json","???????","???????","legacy","1","3"
"dreams_batch_6.json","???????","???????","legacy","1","3"
"dreams_batch_6.json","???????","??????","legacy","1","3"
"dreams_batch_6.json","???????","????????","legacy","1","3"
"dreams_batch_7.json","???????","???????","legacy","1","3"
"dreams_batch_7.json","???????","?????????","legacy","1","3"
"dreams_batch_7.json","???????","????????","legacy","1","3"
"dreams_batch_7.json","???????","???????","legacy","1","3"
"dreams_batch_7.json","???????","?????","legacy","1","3"
"dreams_batch_7.json","???????","?????????","legacy","1","3"
"dreams_batch_7.json","???????","?????","legacy","1","3"
"dreams_batch_7.json","???????","?????????","legacy","1","3"
"dreams_batch_7.json","???????","????????????","legacy","1","3"
"dreams_batch_7.json","???????","????","legacy","1","3"
"dreams_batch_7.json","???????","???????????","legacy","1","3"
"dreams_batch_7.json","???????","???????","legacy","1","3"
"dreams_batch_7.json","???????","??????????","legacy","1","3"
"dreams_batch_7.json","???????","?????","legacy","1","3"
"dreams_batch_7.json","???????","????????","legacy","1","3"
"dreams_batch_7.json","???????","?????????","legacy","1","3"
"dreams_batch_7.json","???????","????","legacy","1","3"
"dreams_batch_7.json","???????","??????","legacy","1","3"
"dreams_batch_7.json","???????","???????","legacy","1","3"
"dreams_batch_7.json","???????","???????","legacy","1","3"
"dreams_batch_7.json","???????","??????","legacy","1","3"
"dreams_batch_7.json","???????","???????","legacy","1","3"
"dreams_batch_7.json","???????","??????","legacy","1","3"
"dreams_batch_7.json","???????","??????","legacy","1","3"
"dreams_batch_7.json","???????","?????","legacy","1","3"
"dreams_batch_7.json","???????","??????","legacy","1","3"
"dreams_batch_7.json","???????","??????","legacy","1","3"
"dreams_batch_7.json","???????","????????","legacy","1","3"
"dreams_batch_7.json","???????","????","legacy","1","3"
"dreams_batch_7.json","???????","?????????","legacy","1","3"
"dreams_batch_7.json","???????","?????????","legacy","1","3"
"dreams_batch_7.json","???????","???????","legacy","1","3"
"dreams_batch_7.json","???????","??????","legacy","1","3"
"dreams_batch_7.json","???????","???????","legacy","1","3"
"dreams_batch_7.json","???????","??????","legacy","1","3"
"dreams_batch_7.json","???????","??????????","legacy","1","3"
"dreams_batch_7.json","???????","?????????","legacy","1","3"
"dreams_batch_7.json","???????","????????????","legacy","1","3"
"dreams_batch_7.json","???????","???????","legacy","1","3"
"dreams_batch_7.json","???????","???????","legacy","1","3"
"dreams_batch_7.json","???????","??????","legacy","1","3"
"dreams_batch_7.json","???????","????????","legacy","1","3"
"dreams_batch_7.json","???????","????????","legacy","1","3"
"dreams_batch_7.json","???????","?????","legacy","1","3"
"dreams_batch_7.json","???????","????????","legacy","1","3"
"dreams_batch_7.json","???????","????????","legacy","1","3"
"dreams_batch_7.json","???????","?????","legacy","1","3"
"dreams_batch_7.json","???????","??????","legacy","1","3"
"dreams_batch_7.json","???????","??????","legacy","1","3"
"dreams_batch_7.json","???????","???????","legacy","1","3"
"dreams_batch_7.json","???????","????????","legacy","1","3"
"dreams_batch_7.json","???????","?????????","legacy","1","3"
"dreams_batch_7.json","???????","??????","legacy","1","3"
"dreams_batch_7.json","???????","????????","legacy","1","3"
"dreams_batch_7.json","???????","??????","legacy","1","3"
"dreams_batch_7.json","???????","???????","legacy","1","3"
"dreams_batch_7.json","???????","????????","legacy","1","3"
"dreams_batch_7.json","???????","????????","legacy","1","3"
"dreams_batch_7.json","???????","???????","legacy","1","3"
"dreams_batch_7.json","???????","?????","legacy","1","3"
"dreams_batch_7.json","???????","????????","legacy","1","3"
"dreams_batch_7.json","???????","??????","legacy","1","3"
"dreams_batch_7.json","???????","????????","legacy","1","3"
"dreams_batch_7.json","???????","????????","legacy","1","3"
"dreams_batch_7.json","???????","?????????","legacy","1","3"
"dreams_batch_7.json","???????","???????","legacy","1","3"
"dreams_batch_7.json","???????","?????????","legacy","1","3"
"dreams_batch_7.json","???????","?????????","legacy","1","3"
"dreams_batch_7.json","???????","?????????","legacy","1","3"
"dreams_batch_7.json","???????","?????????","legacy","1","3"
"dreams_batch_7.json","???????","??????????","legacy","1","3"
"dreams_batch_7.json","???????","????????","legacy","1","3"
"dreams_batch_7.json","???????","??????","legacy","1","3"
"dreams_batch_7.json","???????","????????????","legacy","1","3"
"dreams_batch_7.json","???????","???????","legacy","1","3"
"dreams_batch_7.json","???????","???????","legacy","1","3"
"dreams_batch_7.json","???????","?????","legacy","1","3"
"dreams_batch_7.json","???????","???????","legacy","1","3"
"dreams_batch_7.json","???????","?????","legacy","1","3"
"dreams_batch_7.json","???????","??????????????","legacy","1","3"
"dreams_batch_7.json","???????","????????","legacy","1","3"
"dreams_batch_7.json","???????","????","legacy","1","3"
"dreams_batch_7.json","???????","??????","legacy","1","3"
"dreams_batch_7.json","???????","????","legacy","1","3"
"dreams_batch_7.json","???????","???","legacy","1","3"
"dreams_batch_7.json","???????","??????","legacy","1","3"
"dreams_batch_7.json","???????","??????","legacy","1","3"
"dreams_batch_7.json","???????","???????","legacy","1","3"
"dreams_batch_7.json","???????","??????","legacy","1","3"
"dreams_batch_7.json","???????","???????????","legacy","1","3"
"dreams_batch_7.json","???????","?????????","legacy","1","3"
"dreams_batch_7.json","???????","?????????????","legacy","1","3"
"dreams_batch_7.json","???????","??????","legacy","1","3"
"dreams_batch_7.json","???????","?????","legacy","1","3"
"dreams_batch_7.json","???????","?????","legacy","1","3"
"dreams_batch_7.json","???????","??????","legacy","1","3"
"dreams_batch_7.json","???????","???????????","legacy","1","3"
"dreams_batch_7.json","???????","?????","legacy","1","3"
"dreams_batch_7.json","???????","????","legacy","1","3"
"dreams_batch_7.json","???????","??????","legacy","1","3"
"dreams_batch_8.json","???????","???????","legacy","1","3"
"dreams_batch_8.json","???????","?????","legacy","1","3"
"dreams_batch_8.json","???????","????","legacy","1","3"
"dreams_batch_8.json","???????","??????","legacy","1","3"
"dreams_batch_8.json","???????","???????","legacy","1","3"
"dreams_batch_8.json","???????","???","legacy","1","3"
"dreams_batch_8.json","???????","????","legacy","1","3"
"dreams_batch_8.json","???????","???????????","legacy","1","3"
"dreams_batch_8.json","???????","???","legacy","1","3"
"dreams_batch_8.json","???????","????","legacy","1","3"
"dreams_batch_8.json","???????","?????","legacy","1","3"
"dreams_batch_8.json","???????","???????","legacy","1","3"
"dreams_batch_8.json","???????","?????","legacy","1","3"
"dreams_batch_8.json","???????","????","legacy","1","3"
"dreams_batch_8.json","???????","??????","legacy","1","3"
"dreams_batch_8.json","???????","????","legacy","1","3"
"dreams_batch_8.json","???????","?????","legacy","1","3"
"dreams_batch_8.json","???????","?????????","legacy","1","3"
"dreams_batch_8.json","???????","??????????","legacy","1","3"
"dreams_batch_8.json","???????","?????","legacy","1","3"
"dreams_batch_8.json","???????","???????","legacy","1","3"
"dreams_batch_8.json","???????","?????","legacy","1","3"
"dreams_batch_8.json","???????","???????","legacy","1","3"
"dreams_batch_8.json","???????","????","legacy","1","3"
"dreams_batch_8.json","???????","??????","legacy","1","3"
"dreams_batch_8.json","???????","?????????","legacy","1","3"
"dreams_batch_8.json","???????","???????????","legacy","1","3"
"dreams_batch_8.json","???????","?????","legacy","1","3"
"dreams_batch_8.json","???????","??????","legacy","1","3"
"dreams_batch_8.json","???????","?????????","legacy","1","3"
"dreams_batch_8.json","???????","???","legacy","1","3"
"dreams_batch_8.json","???????","???????","legacy","1","3"
"dreams_batch_8.json","???????","????????","legacy","1","3"
"dreams_batch_8.json","???????","???????","legacy","1","3"
"dreams_batch_8.json","???????","????????","legacy","1","3"
"dreams_batch_8.json","???????","???????????","legacy","1","3"
"dreams_batch_8.json","???????","??????????","legacy","1","3"
"dreams_batch_8.json","???????","????????????","legacy","1","3"
"dreams_batch_8.json","???????","???????????","legacy","1","3"
"dreams_batch_8.json","???????","??????????","legacy","1","3"
"dreams_batch_8.json","???????","??????????","legacy","1","3"
"dreams_batch_8.json","???????","??????????","legacy","1","3"
"dreams_batch_8.json","???????","???????????","legacy","1","3"
"dreams_batch_8.json","???????","??????????","legacy","1","3"
"dreams_batch_8.json","???????","????????????","legacy","1","3"
"dreams_batch_8.json","???????","???????????????","legacy","1","3"
"dreams_batch_8.json","???????","????????????????","legacy","1","3"
"dreams_batch_8.json","???????","???????????","legacy","1","3"
"dreams_batch_8.json","???????","????????????","legacy","1","3"
"dreams_batch_8.json","???????","??????????","legacy","1","3"
"dreams_batch_8.json","???????","?????????????","legacy","1","3"
"dreams_batch_8.json","???????","??????????????","legacy","1","3"
"dreams_batch_8.json","???????","????????????","legacy","1","3"
"dreams_batch_8.json","???????","???????????","legacy","1","3"
"dreams_batch_8.json","???????","?????????????","legacy","1","3"
"dreams_batch_8.json","???????","???????????","legacy","1","3"
"dreams_batch_8.json","???????","??????????????","legacy","1","3"
"dreams_batch_8.json","???????","???????????????","legacy","1","3"
"dreams_batch_8.json","???????","???????????????????","legacy","1","3"
"dreams_batch_8.json","???????","????????????","legacy","1","3"
"dreams_batch_8.json","???????","??????????????","legacy","1","3"
"dreams_batch_8.json","???????","????????????","legacy","1","3"
"dreams_batch_8.json","???????","????????","legacy","1","3"
"dreams_batch_8.json","???????","???????????","legacy","1","3"
"dreams_batch_8.json","???????","????????????","legacy","1","3"
"dreams_batch_8.json","???????","?????????????","legacy","1","3"
"dreams_batch_8.json","???????","???????????","legacy","1","3"
"dreams_batch_8.json","???????","??????????????","legacy","1","3"
"dreams_batch_8.json","???????","????????????","legacy","1","3"
"dreams_batch_8.json","???????","????????","legacy","1","3"
"dreams_batch_8.json","???????","??????","legacy","1","3"
"dreams_batch_8.json","???????","????","legacy","1","3"
"dreams_batch_8.json","???????","??","legacy","1","3"
"dreams_batch_8.json","???????","???????????","legacy","1","3"
"dreams_batch_8.json","???????","???????","legacy","1","3"
"dreams_batch_8.json","???????","?????????","legacy","1","3"
"dreams_batch_8.json","???????","?????????","legacy","1","3"
"dreams_batch_8.json","???????","??????????","legacy","1","3"
"dreams_batch_8.json","???????","????????????","legacy","1","3"
"dreams_batch_8.json","???????","??????????","legacy","1","3"
"dreams_batch_8.json","???????","???????????","legacy","1","3"
"dreams_batch_8.json","???????","???????????","legacy","1","3"
"dreams_batch_8.json","???????","?????????????","legacy","1","3"
"dreams_batch_8.json","???????","????????????","legacy","1","3"
"dreams_batch_8.json","???????","????????????","legacy","1","3"
"dreams_batch_8.json","???????","???????????","legacy","1","3"
"dreams_batch_8.json","???????","?????","legacy","1","3"
"dreams_batch_8.json","???????","????","legacy","1","3"
"dreams_batch_8.json","???????","???????","legacy","1","3"
"dreams_batch_8.json","???????","?????","legacy","1","3"
"dreams_batch_8.json","???????","????","legacy","1","3"
"dreams_batch_8.json","???????","?????????","legacy","1","3"
"dreams_batch_8.json","???????","????","legacy","1","3"
"dreams_batch_8.json","???????","??????","legacy","1","3"
"dreams_batch_8.json","???????","???","legacy","1","3"
"dreams_batch_8.json","???????","??????","legacy","1","3"
"dreams_batch_8.json","???????","???????","legacy","1","3"
"dreams_batch_8.json","???????","??????","legacy","1","3"
"dreams_batch_8.json","???????","????","legacy","1","3"
"dreams_batch_8.json","???????","???????","legacy","1","3"
"dreams_batch_9.json","???????","??????","legacy","1","3"
"dreams_batch_9.json","???????","???????","legacy","1","3"
"dreams_batch_9.json","???????","???????","legacy","1","3"
"dreams_batch_9.json","???????","???????????","legacy","1","3"
"dreams_batch_9.json","???????","????????","legacy","1","3"
"dreams_batch_9.json","???????","??????","legacy","1","3"
"dreams_batch_9.json","???????","?????????","legacy","1","3"
"dreams_batch_9.json","???????","????????","legacy","1","3"
"dreams_batch_9.json","???????","?????","legacy","1","3"
"dreams_batch_9.json","???????","??????","legacy","1","3"
"dreams_batch_9.json","???????","???????","legacy","1","3"
"dreams_batch_9.json","???????","??????","legacy","1","3"
"dreams_batch_9.json","???????","???","legacy","1","3"
"dreams_batch_9.json","???????","?????","legacy","1","3"
"dreams_batch_9.json","???????","??????????","legacy","1","3"
"dreams_batch_9.json","???????","?????","legacy","1","3"
"dreams_batch_9.json","???????","??????????????","legacy","1","3"
"dreams_batch_9.json","???????","????????","legacy","1","3"
"dreams_batch_9.json","???????","??????????????","legacy","1","3"
"dreams_batch_9.json","???????","?????????????????","legacy","1","3"
"dreams_batch_9.json","???????","??????????????????","legacy","1","3"
"dreams_batch_9.json","???????","?????","legacy","1","3"
"dreams_batch_9.json","???????","??????","legacy","1","3"
"dreams_batch_9.json","???????","????????","legacy","1","3"
"dreams_batch_9.json","???????","???????????","legacy","1","3"
"dreams_batch_9.json","???????","????????","legacy","1","3"
"dreams_batch_9.json","???????","????","legacy","1","3"
"dreams_batch_9.json","???????","????","legacy","1","3"
"dreams_batch_9.json","???????","?????","legacy","1","3"
"dreams_batch_9.json","???????","?????????","legacy","1","3"
"dreams_batch_9.json","???????","????????","legacy","1","3"
"dreams_batch_9.json","???????","?????","legacy","1","3"
"dreams_batch_9.json","???????","?????","legacy","1","3"
"dreams_batch_9.json","???????","????","legacy","1","3"
"dreams_batch_9.json","???????","??????","legacy","1","3"
"dreams_batch_9.json","???????","??????","legacy","1","3"
"dreams_batch_9.json","???????","???????","legacy","1","3"
"dreams_batch_9.json","???????","????","legacy","1","3"
"dreams_batch_9.json","???????","????","legacy","1","3"
"dreams_batch_9.json","???????","??????","legacy","1","3"
"dreams_batch_9.json","???????","???????","legacy","1","3"
"dreams_batch_9.json","???????","??????","legacy","1","3"
"dreams_batch_9.json","???????","?????","legacy","1","3"
"dreams_batch_9.json","???????","?????","legacy","1","3"
"dreams_batch_9.json","???????","??????","legacy","1","3"
"dreams_batch_9.json","???????","???????","legacy","1","3"
"dreams_batch_9.json","???????","??????","legacy","1","3"
"dreams_batch_9.json","???????","????????","legacy","1","3"
"dreams_batch_9.json","???????","????","legacy","1","3"
"dreams_batch_9.json","???????","???????","legacy","1","3"
"dreams_batch_9.json","???????","??????????","legacy","1","3"
"dreams_batch_9.json","???????","???????","legacy","1","3"
"dreams_batch_9.json","???????","???????","legacy","1","3"
"dreams_batch_9.json","???????","????","legacy","1","3"
"dreams_batch_9.json","???????","????????????","legacy","1","3"
"dreams_batch_9.json","???????","??????","legacy","1","3"
"dreams_batch_9.json","???????","?????","legacy","1","3"
"dreams_batch_9.json","???????","???????","legacy","1","3"
"dreams_batch_9.json","???????","????????","legacy","1","3"
"dreams_batch_9.json","???????","??????","legacy","1","3"
"dreams_batch_9.json","???????","??????????","legacy","1","3"
"dreams_batch_9.json","???????","??????????","legacy","1","3"
"dreams_batch_9.json","???????","???????","legacy","1","3"
"dreams_batch_9.json","???????","???????","legacy","1","3"
"dreams_batch_9.json","???????","??????","legacy","1","3"
"dreams_batch_9.json","???????","?????","legacy","1","3"
"dreams_batch_9.json","???????","?????????","legacy","1","3"
"dreams_batch_9.json","???????","??????","legacy","1","3"
"dreams_batch_9.json","???????","?????????","legacy","1","3"
"dreams_batch_9.json","???????","????","legacy","1","3"
"dreams_batch_9.json","???????","?????","legacy","1","3"
"dreams_batch_9.json","???????","????????","legacy","1","3"
"dreams_batch_9.json","???????","?????","legacy","1","3"
"dreams_batch_9.json","???????","?????????","legacy","1","3"
"dreams_batch_9.json","???????","???????","legacy","1","3"
"dreams_batch_9.json","???????","???????","legacy","1","3"
"dreams_batch_9.json","???????","?????","legacy","1","3"
"dreams_batch_9.json","???????","???????","legacy","1","3"
"dreams_batch_9.json","???????","??????","legacy","1","3"
"dreams_batch_9.json","???????","??????????","legacy","1","3"
"dreams_batch_9.json","???????","????????????????","legacy","1","3"
"dreams_batch_9.json","???????","????????????","legacy","1","3"
"dreams_batch_9.json","???????","?????????","legacy","1","3"
"dreams_batch_9.json","???????","??????????","legacy","1","3"
"dreams_batch_9.json","???????","?????","legacy","1","3"
"dreams_batch_9.json","???????","??????","legacy","1","3"
"dreams_batch_9.json","???????","????????","legacy","1","3"
"dreams_batch_9.json","???????","?????????","legacy","1","3"
"dreams_batch_9.json","???????","????????","legacy","1","3"
"dreams_batch_9.json","???????","???????","legacy","1","3"
"dreams_batch_9.json","???????","?????","legacy","1","3"
"dreams_batch_9.json","???????","????????","legacy","1","3"
"dreams_batch_9.json","???????","?????????","legacy","1","3"
"dreams_batch_9.json","???????","??????","legacy","1","3"
"dreams_batch_9.json","???????","???","legacy","1","3"
"dreams_batch_9.json","???????","????????","legacy","1","3"
"dreams_batch_9.json","???????","?????????????","legacy","1","3"
"dreams_batch_9.json","???????","????","legacy","1","3"
"dreams_batch_9.json","???????","?????","legacy","1","3"
"dreams_batch_9.json","???????","??????","legacy","1","3"
"dreams_master_animals.json","??????????????","????????????","20001","2","8"
"dreams_master_animals.json","English","dog","20001","1","4"
"dreams_master_animals.json","O'zbek","it","20001","1","4"
"dreams_master_animals.json","??????????????","??????????","20002","1","8"
"dreams_master_animals.json","English","cat","20002","1","4"
"dreams_master_animals.json","O'zbek","mushuk","20002","1","4"
"dreams_master_animals.json","??????????????","????????","20003","1","8"
"dreams_master_animals.json","English","snake","20003","1","4"
"dreams_master_animals.json","O'zbek","ilon","20003","1","3"
"dreams_master_general_expansion.json","??????????????","????????????","60001","1","8"
"dreams_master_general_expansion.json","English","apple","60001","1","3"
"dreams_master_general_expansion.json","O'zbek","olma","60001","1","3"
"dreams_master_nature_water.json","??????????????","????????","10001","2","6"
"dreams_master_nature_water.json","English","water","10001","1","2"
"dreams_master_nature_water.json","O'zbek","suv","10001","1","3"
"dreams_master_nature_water.json","??????????????","????????","10002","1","5"
"dreams_master_nature_water.json","English","sea","10002","1","3"
"dreams_master_nature_water.json","O'zbek","dengiz","10002","1","3"
"dreams_master_nature_water.json","??????????????","????????","10003","1","6"
"dreams_master_nature_water.json","English","river","10003","1","2"
"dreams_master_nature_water.json","O'zbek","daryo","10003","1","3"
"dreams_master_nature_water.json","??????????????","??????????","10004","1","5"
"dreams_master_nature_water.json","English","rain","10004","1","3"
"dreams_master_nature_water.json","O'zbek","yomg'ir","10004","1","3"
"dreams_master_nature_water.json","??????????????","??????????","10005","1","6"
"dreams_master_nature_water.json","English","fire","10005","1","3"
"dreams_master_nature_water.json","O'zbek","olov","10005","1","4"
"dreams_master_objects_events.json","??????????????","????????????","50001","1","6"
"dreams_master_objects_events.json","English","money","50001","1","4"
"dreams_master_objects_events.json","O'zbek","pul","50001","1","4"
"dreams_master_objects_events.json","??????????????","??????","50002","1","6"
"dreams_master_objects_events.json","English","house","50002","1","4"
"dreams_master_objects_events.json","O'zbek","uy","50002","1","4"
"dreams_master_people_actions.json","??????????????","????????","30001","1","6"
"dreams_master_people_actions.json","English","mother","30001","1","3"
"dreams_master_people_actions.json","O'zbek","ona","30001","1","3"
"dreams_master_people_actions.json","??????????????","????????","30002","1","6"
"dreams_master_people_actions.json","English","father","30002","1","3"
"dreams_master_people_actions.json","O'zbek","ota","30002","1","3"
"dreams_master_people_actions.json","??????????????","????????????","40001","1","6"
"dreams_master_people_actions.json","English","run","40001","1","3"
"dreams_master_people_actions.json","O'zbek","yugurish","40001","1","3"
